id,group,dataset,seed,split,y_true,prediction,temperature,prob_0,logit_0,prob_1,logit_1,prob_2,logit_2,prob_3,logit_3,prob_4,logit_4,prob_5,logit_5
bloodmnist:test:0,dd0c7a2e2b3c076676a1a8ce7d979e8949ed84e83baa4c5325c276e32714fd07,bloodmnist_demo,1729,test,5,4,1.1205703832090563,0.0,-10000000000.0,0.0,-10000000000.0,0.0,-10000000000.0,0.0,-10000000000.0,1.0,0.0,0.0,-10000000000.0
bloodmnist:test:1,94e0f5be956021b9ebb28e2ed32940e15afa0faaa8c67dc9df1c91e3734489ff,bloodmnist_demo,1729,test,0,4,1.1205703832090563,0.0,-10000000000.0,0.0,-10000000000.0,0.0,-10000000000.0,0.0,-10000000000.0,1.0,0.0,0.0,-10000000000.0
bloodmnist:test:2,bf07fb08ada5a323224a581ad7005a7ff80a683fb313e9615f04d7eb2362401f,bloodmnist_demo,1729,test,1,4,1.1205703832090563,0.0,-10000000000.0,0.0,-10000000000.0,0.0,-10000000000.0,0.0,-10000000000.0,1.0,0.0,0.0,-10000000000.0
bloodmnist:test:3,9d98a88dc4a8f94fc2a3da964895201f610ea2c29b169c2278114ecbc0e828a7,bloodmnist_demo,1729,test,5,4,1.1205703832090563,0.0,-10000000000.0,0.0,-10000000000.0,0.0,-10000000000.0,0.0,-10000000000.0,1.0,0.0,0.0,-10000000000.0
bloodmnist:test:4,ff225a1df120c910f9efccf6e132dbfcf83bb6038a7ba789bc03791eb9713883,bloodmnist_demo,1729,test,1,4,1.1205703832090563,0.0,-10000000000.0,0.0,-10000000000.0,0.0,-10000000000.0,0.0,-10000000000.0,1.0,0.0,0.0,-10000000000.0
bloodmnist:test:5,a45c0e847d911035e59260e2299394eea6027c789d82a6d3468bf228c971ac6b,bloodmnist_demo,1729,test,1,4,1.1205703832090563,0.0,-10000000000.0,0.0,-10000000000.0,0.0,-10000000000.0,0.0,-10000000000.0,1.0,0.0,0.0,-10000000000.0
bloodmnist:test:6,fd2cc246a75e54931677eb6f4bfef915a6bcb03db8e2f982fc8d620ef5a8b0a0,bloodmnist_demo,1729,test,5,4,1.1205703832090563,0.0,-10000000000.0,0.0,-10000000000.0,0.0,-10000000000.0,0.0,-10000000000.0,1.0,0.0,0.0,-10000000000.0
bloodmnist:test:7,b97c3eb004998be7dd3b815f609bc2966dba6820d0337f71cfaa30ec798ee47b,bloodmnist_demo,1729,test,1,4,1.1205703832090563,0.0,-10000000000.0,0.0,-10000000000.0,0.0,-10000000000.0,0.0,-10000000000.0,1.0,0.0,0.0,-10000000000.0
bloodmnist:test:8,2688c99e5eab9702e2851272836e38fbd4b1bbcbe39a6fdff11b41affb8efa5f,bloodmnist_demo,1729,test,4,4,1.1205703832090563,0.0,-10000000000.0,0.0,-10000000000.0,0.0,-10000000000.0,0.0,-10000000000.0,1.0,0.0,0.0,-10000000000.0
bloodmnist:test:9,5947b976be836f0eb17561e8b4ccbad2f4c3da23186f72a02e3b82b6a7dab707,bloodmnist_demo,1729,test,1,4,1.1205703832090563,0.0,-10000000000.0,0.0,-10000000000.0,0.0,-10000000000.0,0.0,-10000000000.0,1.0,0.0,0.0,-10000000000.0
bloodmnist:test:10,11ac7379934fd6a23daad2591d9d893ded3e8a400a60931870ec607d6417675e,bloodmnist_demo,1729,test,3,4,1.1205703832090563,0.0,-10000000000.0,0.0,-10000000000.0,0.0,-10000000000.0,0.0,-10000000000.0,1.0,0.0,0.0,-10000000000.0
bloodmnist:test:11,ab33e6db4a9d1df26f74631999a71fe32c2f4b83eb42e371dd4adb0dd6a8bf6e,bloodmnist_demo,1729,test,4,4,1.1205703832090563,0.0,-10000000000.0,0.0,-10000000000.0,0.0,-10000000000.0,0.0,-10000000000.0,1.0,0.0,0.0,-10000000000.0
bloodmnist:test:12,5853a43badec8006e937d17e5fafdbf3e40c701bdc7b75beb57c2cc506aca13f,bloodmnist_demo,1729,test,4,4,1.1205703832090563,0.0,-10000000000.0,0.0,-10000000000.0,0.0,-10000000000.0,0.0,-10000000000.0,1.0,0.0,0.0,-10000000000.0
bloodmnist:test:13,5850ff4fb1d8f072169d545f12985028f0dd43dd222769c1d078ab39d031fac5,bloodmnist_demo,1729,test,4,4,1.1205703832090563,0.0,-10000000000.0,0.0,-10000000000.0,0.0,-10000000000.0,0.0,-10000000000.0,1.0,0.0,0.0,-10000000000.0
bloodmnist:test:15,e76dc34fd34b1a23666d0342534c96084a1c3e8bc8cb0004fc980b5ed4887978,bloodmnist_demo,1729,test,2,4,1.1205703832090563,0.0,-10000000000.0,0.0,-10000000000.0,0.0,-10000000000.0,0.0,-10000000000.0,1.0,0.0,0.0,-10000000000.0
bloodmnist:test:16,88fd9dd139310d7c136ea06c530ad6e09f13746887dd44d59bb425716d24e774,bloodmnist_demo,1729,test,2,4,1.1205703832090563,0.0,-10000000000.0,0.0,-10000000000.0,0.0,-10000000000.0,0.0,-10000000000.0,1.0,0.0,0.0,-10000000000.0
bloodmnist:test:17,851f3530762a1bd17343f251794a3b5cdc449e8f6bcdcef61558cbdfab1fa5b5,bloodmnist_demo,1729,test,5,4,1.1205703832090563,0.0,-10000000000.0,0.0,-10000000000.0,0.0,-10000000000.0,0.0,-10000000000.0,1.0,0.0,0.0,-10000000000.0
bloodmnist:test:18,5f88db61682e31a1b4ca4c55acc506c19356617a67f2e8de12486aad76269b1e,bloodmnist_demo,1729,test,4,4,1.1205703832090563,0.0,-10000000000.0,0.0,-10000000000.0,0.0,-10000000000.0,0.0,-10000000000.0,1.0,0.0,0.0,-10000000000.0
bloodmnist:test:19,b79ae0d0f69f9328926beb13a538d61fa0b29a57372013bf7259a3347c611369,bloodmnist_demo,1729,test,2,4,1.1205703832090563,0.0,-10000000000.0,0.0,-10000000000.0,0.0,-10000000000.0,0.0,-10000000000.0,1.0,0.0,0.0,-10000000000.0
bloodmnist:test:20,69c5865eed2f6ee2b96cae2721413a230559af654200595aae007e170a07ea25,bloodmnist_demo,1729,test,4,4,1.1205703832090563,0.0,-10000000000.0,0.0,-10000000000.0,0.0,-10000000000.0,0.0,-10000000000.0,1.0,0.0,0.0,-10000000000.0
bloodmnist:test:21,17f3cf8ff3ebe63fad6ece78aba5fea016f94fdc94ff5fc720914ec929a54748,bloodmnist_demo,1729,test,4,4,1.1205703832090563,0.0,-10000000000.0,0.0,-10000000000.0,0.0,-10000000000.0,0.0,-10000000000.0,1.0,0.0,0.0,-10000000000.0
bloodmnist:test:22,381459b8fcea96e02257ac44b63eba2a2da3fe666259fb9cdf34b88d683acd1e,bloodmnist_demo,1729,test,5,4,1.1205703832090563,0.0,-10000000000.0,0.0,-10000000000.0,0.0,-10000000000.0,0.0,-10000000000.0,1.0,0.0,0.0,-10000000000.0
bloodmnist:test:23,c8c8e284052e418683bf514717c74fd3a16f0ae4b88582d41120f5fdd5ca891c,bloodmnist_demo,1729,test,3,4,1.1205703832090563,0.0,-10000000000.0,0.0,-10000000000.0,0.0,-10000000000.0,0.0,-10000000000.0,1.0,0.0,0.0,-10000000000.0
bloodmnist:test:24,85bb712badec0fe9eb01209b64e848e434fc360824fe793f08c732e8bf2f5481,bloodmnist_demo,1729,test,1,4,1.1205703832090563,0.0,-10000000000.0,0.0,-10000000000.0,0.0,-10000000000.0,0.0,-10000000000.0,1.0,0.0,0.0,-10000000000.0
bloodmnist:test:25,1842113e35de6c9a7af24b161790d73e0f714466d7a0082aa9af4ebbc07ecdcf,bloodmnist_demo,1729,test,4,4,1.1205703832090563,0.0,-10000000000.0,0.0,-10000000000.0,0.0,-10000000000.0,0.0,-10000000000.0,1.0,0.0,0.0,-10000000000.0
bloodmnist:test:27,794f488398a46ff8c28e956a4ba376339b4189daf807ed3da2eb5c32bee678dc,bloodmnist_demo,1729,test,1,4,1.1205703832090563,0.0,-10000000000.0,0.0,-10000000000.0,0.0,-10000000000.0,0.0,-10000000000.0,1.0,0.0,0.0,-10000000000.0
bloodmnist:test:28,e9c6fb31bd71cec2e788156bd61d8bf00b67fd27b4169c5631d0a9d39d87e575,bloodmnist_demo,1729,test,5,4,1.1205703832090563,0.0,-10000000000.0,0.0,-10000000000.0,0.0,-10000000000.0,0.0,-10000000000.0,1.0,0.0,0.0,-10000000000.0
bloodmnist:test:29,b1cae5e0f4668569c781dc1b13d8e80c8e15a9f001669946e58676c14d9bfd06,bloodmnist_demo,1729,test,1,4,1.1205703832090563,0.0,-10000000000.0,0.0,-10000000000.0,0.0,-10000000000.0,0.0,-10000000000.0,1.0,0.0,0.0,-10000000000.0
bloodmnist:test:30,c0e8adc0108faa8d984b577a1710c2e0ae3a21fef5abe77e695e83bc7362ffff,bloodmnist_demo,1729,test,1,4,1.1205703832090563,0.0,-10000000000.0,0.0,-10000000000.0,0.0,-10000000000.0,0.0,-10000000000.0,1.0,0.0,0.0,-10000000000.0
bloodmnist:test:32,e56a7a3d760366223ed20445dd20070fbd02bda411a66d7f6dbe3a086b83714a,bloodmnist_demo,1729,test,4,4,1.1205703832090563,0.0,-10000000000.0,0.0,-10000000000.0,0.0,-10000000000.0,0.0,-10000000000.0,1.0,0.0,0.0,-10000000000.0
bloodmnist:test:33,9d9ede5be1b812a34a51327d1141f152a16c8f507234eafbebd60eada020a0d4,bloodmnist_demo,1729,test,3,4,1.1205703832090563,0.0,-10000000000.0,0.0,-10000000000.0,0.0,-10000000000.0,0.0,-10000000000.0,1.0,0.0,0.0,-10000000000.0
bloodmnist:test:34,4c1a77ac52c09a60f8f093f2b4d117047f561ee8b7169292fd047025cc729734,bloodmnist_demo,1729,test,4,4,1.1205703832090563,0.0,-10000000000.0,0.0,-10000000000.0,0.0,-10000000000.0,0.0,-10000000000.0,1.0,0.0,0.0,-10000000000.0
bloodmnist:test:35,7c57a149843c5242e8d75725c26a5561a7071cd6b09ff041746da451a5b30f21,bloodmnist_demo,1729,test,4,4,1.1205703832090563,0.0,-10000000000.0,0.0,-10000000000.0,0.0,-10000000000.0,0.0,-10000000000.0,1.0,0.0,0.0,-10000000000.0
bloodmnist:test:36,3d8a53f7bf5e1cc9cc3a8476b47664f3ab967559141f0de2c039f851d43c1f70,bloodmnist_demo,1729,test,0,4,1.1205703832090563,0.0,-10000000000.0,0.0,-10000000000.0,0.0,-10000000000.0,0.0,-10000000000.0,1.0,0.0,0.0,-10000000000.0
bloodmnist:test:37,53a40ebaca4589158888453008fda80802583803fc1f3907becadbbd70fcb571,bloodmnist_demo,1729,test,3,4,1.1205703832090563,0.0,-10000000000.0,0.0,-10000000000.0,0.0,-10000000000.0,0.0,-10000000000.0,1.0,0.0,0.0,-10000000000.0
bloodmnist:test:38,b69e9fa468c20ab55221caa88dfdb238071383a4ca17b9f01bccf7ecc0b4d12e,bloodmnist_demo,1729,test,1,4,1.1205703832090563,0.0,-10000000000.0,0.0,-10000000000.0,0.0,-10000000000.0,0.0,-10000000000.0,1.0,0.0,0.0,-10000000000.0
bloodmnist:test:39,2ecfbd2c4a0ac384e2d451dacb8c23bf06c99c645977daf8193191ef6ce9eda7,bloodmnist_demo,1729,test,4,4,1.1205703832090563,0.0,-10000000000.0,0.0,-10000000000.0,0.0,-10000000000.0,0.0,-10000000000.0,1.0,0.0,0.0,-10000000000.0
bloodmnist:test:40,2ed95d5b5cbfa06daeb9ed57aa435efa7dc01ba9cea7f6630c41c20b584b0d53,bloodmnist_demo,1729,test,1,4,1.1205703832090563,0.0,-10000000000.0,0.0,-10000000000.0,0.0,-10000000000.0,0.0,-10000000000.0,1.0,0.0,0.0,-10000000000.0
bloodmnist:test:44,dde95366c3db0c8e307f745da5522dba4a1e37328a78ba2f21fc9e1797e9d44c,bloodmnist_demo,1729,test,5,4,1.1205703832090563,0.0,-10000000000.0,0.0,-10000000000.0,0.0,-10000000000.0,0.0,-10000000000.0,1.0,0.0,0.0,-10000000000.0
bloodmnist:test:45,b1c2472adfeb05c9853de45dc82e2a277fd14e35e0d3cfc33d4c1d764e44e672,bloodmnist_demo,1729,test,5,4,1.1205703832090563,0.0,-10000000000.0,0.0,-10000000000.0,0.0,-10000000000.0,0.0,-10000000000.0,1.0,0.0,0.0,-10000000000.0
bloodmnist:test:46,07e4dad642ff3bbc8c2f8d9f168cb1a40dfda9aba3d89902015de60946c065e1,bloodmnist_demo,1729,test,0,4,1.1205703832090563,0.0,-10000000000.0,0.0,-10000000000.0,0.0,-10000000000.0,0.0,-10000000000.0,1.0,0.0,0.0,-10000000000.0
bloodmnist:test:47,36ca2c8fc648a5dc6929acfaf5fb235cbbc6e87e255237c8211f0bf769456daf,bloodmnist_demo,1729,test,1,4,1.1205703832090563,0.0,-10000000000.0,0.0,-10000000000.0,0.0,-10000000000.0,0.0,-10000000000.0,1.0,0.0,0.0,-10000000000.0
bloodmnist:test:48,a286a98a7de7eebecd9ff263dc39d257340ec0df2f20fe665eec99368f48f7fb,bloodmnist_demo,1729,test,5,4,1.1205703832090563,0.0,-10000000000.0,0.0,-10000000000.0,0.0,-10000000000.0,0.0,-10000000000.0,1.0,0.0,0.0,-10000000000.0
bloodmnist:test:49,b30cfbf9d5aef85a8971f092b88d90af570c617696f112711f0b81e249ad5540,bloodmnist_demo,1729,test,1,4,1.1205703832090563,0.0,-10000000000.0,0.0,-10000000000.0,0.0,-10000000000.0,0.0,-10000000000.0,1.0,0.0,0.0,-10000000000.0
bloodmnist:test:50,be70ed3156a4821ca657d58e02f9fca5ad85eb7bc6ae03c6183c6291a913c659,bloodmnist_demo,1729,test,3,4,1.1205703832090563,0.0,-10000000000.0,0.0,-10000000000.0,0.0,-10000000000.0,0.0,-10000000000.0,1.0,0.0,0.0,-10000000000.0
bloodmnist:test:51,ad0f1186c0d10721277c90e60a58d1b3e08781811627c58bcf161e6c69227093,bloodmnist_demo,1729,test,1,4,1.1205703832090563,0.0,-10000000000.0,0.0,-10000000000.0,0.0,-10000000000.0,0.0,-10000000000.0,1.0,0.0,0.0,-10000000000.0
bloodmnist:test:53,7c212ad977afcdd51a50caed27417f68b077187b4a8fd2fab8b22c067e4e0e68,bloodmnist_demo,1729,test,0,4,1.1205703832090563,0.0,-10000000000.0,0.0,-10000000000.0,0.0,-10000000000.0,0.0,-10000000000.0,1.0,0.0,0.0,-10000000000.0
bloodmnist:test:54,8460ad537a4b8b60aa33fdbc5a20fdb0244d489dcaf47acfb67c665f465e2bae,bloodmnist_demo,1729,test,5,4,1.1205703832090563,0.0,-10000000000.0,0.0,-10000000000.0,0.0,-10000000000.0,0.0,-10000000000.0,1.0,0.0,0.0,-10000000000.0
bloodmnist:test:55,08faa84e5335b41935d2a0dab99449766db43d09b20868ff20aea5a96b3b91fd,bloodmnist_demo,1729,test,3,4,1.1205703832090563,0.0,-10000000000.0,0.0,-10000000000.0,0.0,-10000000000.0,0.0,-10000000000.0,1.0,0.0,0.0,-10000000000.0
bloodmnist:test:57,8379d7e452648fcb88962bdad6f219fc12a19f7a2d1c642bc8147f65ded515cd,bloodmnist_demo,1729,test,1,4,1.1205703832090563,0.0,-10000000000.0,0.0,-10000000000.0,0.0,-10000000000.0,0.0,-10000000000.0,1.0,0.0,0.0,-10000000000.0
bloodmnist:test:58,d0f4238c6714fcb35e871984ca2409213db7156614916f71222f7d7257490b6d,bloodmnist_demo,1729,test,4,4,1.1205703832090563,0.0,-10000000000.0,0.0,-10000000000.0,0.0,-10000000000.0,0.0,-10000000000.0,1.0,0.0,0.0,-10000000000.0
bloodmnist:test:59,9a42f721b6c1282dacbf0b849d95cf78ec94a3b0f2633a6695ba38b07a017824,bloodmnist_demo,1729,test,4,4,1.1205703832090563,0.0,-10000000000.0,0.0,-10000000000.0,0.0,-10000000000.0,0.0,-10000000000.0,1.0,0.0,0.0,-10000000000.0
bloodmnist:test:60,09f9469fe6ca12beb394498106b3d579c6262758bb14bbd15f5cc55d2bd2746d,bloodmnist_demo,1729,test,2,4,1.1205703832090563,0.0,-10000000000.0,0.0,-10000000000.0,0.0,-10000000000.0,0.0,-10000000000.0,1.0,0.0,0.0,-10000000000.0
bloodmnist:test:61,f6e391d8d64a2833eaa189206ce91d741e75ee90a004cb68910396bd93332cdb,bloodmnist_demo,1729,test,5,4,1.1205703832090563,0.0,-10000000000.0,0.0,-10000000000.0,0.0,-10000000000.0,0.0,-10000000000.0,1.0,0.0,0.0,-10000000000.0
bloodmnist:test:62,2638336338a8bc494338667a526ac235dcd9071b66c625c757a54c446b3dcf86,bloodmnist_demo,1729,test,4,4,1.1205703832090563,0.0,-10000000000.0,0.0,-10000000000.0,0.0,-10000000000.0,0.0,-10000000000.0,1.0,0.0,0.0,-10000000000.0
bloodmnist:test:65,96c7a9dd58f22f6736a8045c30b5c39b2e67669a91b169da64bbaea54d7355d7,bloodmnist_demo,1729,test,0,4,1.1205703832090563,0.0,-10000000000.0,0.0,-10000000000.0,0.0,-10000000000.0,0.0,-10000000000.0,1.0,0.0,0.0,-10000000000.0
bloodmnist:test:66,21c0f3c25abd978dc5a0293b7206aafb1b5e59d2b583790d0ab80011c21db27c,bloodmnist_demo,1729,test,2,4,1.1205703832090563,0.0,-10000000000.0,0.0,-10000000000.0,0.0,-10000000000.0,0.0,-10000000000.0,1.0,0.0,0.0,-10000000000.0
bloodmnist:test:67,da4f50ff3c23da4a1167be01560acafd69b042a1d2ec2bec851135abeaa267e6,bloodmnist_demo,1729,test,1,4,1.1205703832090563,0.0,-10000000000.0,0.0,-10000000000.0,0.0,-10000000000.0,0.0,-10000000000.0,1.0,0.0,0.0,-10000000000.0
bloodmnist:test:70,9d3b9058c188035820ed744889ba0c86155158e6f2eb8bfaf5e085f79f2d76ad,bloodmnist_demo,1729,test,1,4,1.1205703832090563,0.0,-10000000000.0,0.0,-10000000000.0,0.0,-10000000000.0,0.0,-10000000000.0,1.0,0.0,0.0,-10000000000.0
bloodmnist:test:71,ca6625f187a95a2c7c48f5dc8d6a498d116bf139c1c7de85236a162cfee0ad5d,bloodmnist_demo,1729,test,5,4,1.1205703832090563,0.0,-10000000000.0,0.0,-10000000000.0,0.0,-10000000000.0,0.0,-10000000000.0,1.0,0.0,0.0,-10000000000.0
bloodmnist:test:72,4e8e4c2c9d7788267694b18b53d7d79bb902a949bba3cf3fe5dff6e9fe467bf0,bloodmnist_demo,1729,test,5,4,1.1205703832090563,0.0,-10000000000.0,0.0,-10000000000.0,0.0,-10000000000.0,0.0,-10000000000.0,1.0,0.0,0.0,-10000000000.0
bloodmnist:test:73,b9d8b320e7cda437d0ee432accbd61aad8b271e8e67095d92ed7bfbf23a8945e,bloodmnist_demo,1729,test,2,4,1.1205703832090563,0.0,-10000000000.0,0.0,-10000000000.0,0.0,-10000000000.0,0.0,-10000000000.0,1.0,0.0,0.0,-10000000000.0
bloodmnist:test:74,4b8a85d889349a68490d5a95178b87e0e28b690e76ccdc2b47edf8e67b95c53e,bloodmnist_demo,1729,test,5,4,1.1205703832090563,0.0,-10000000000.0,0.0,-10000000000.0,0.0,-10000000000.0,0.0,-10000000000.0,1.0,0.0,0.0,-10000000000.0
bloodmnist:test:75,e3384a7767bbafa4bc4a937b69a9fb9cb46ef58535e79a63dc538d077262a492,bloodmnist_demo,1729,test,4,4,1.1205703832090563,0.0,-10000000000.0,0.0,-10000000000.0,0.0,-10000000000.0,0.0,-10000000000.0,1.0,0.0,0.0,-10000000000.0
bloodmnist:test:76,88f28d8a704b0531636aad644c12c142b66c5002227c19e705b76654a171a7ee,bloodmnist_demo,1729,test,1,4,1.1205703832090563,0.0,-10000000000.0,0.0,-10000000000.0,0.0,-10000000000.0,0.0,-10000000000.0,1.0,0.0,0.0,-10000000000.0
bloodmnist:test:77,81fa4135fe1657dde2263c74ea17f7cb7416f304a6478dd611fb68c6cd322c1b,bloodmnist_demo,1729,test,0,4,1.1205703832090563,0.0,-10000000000.0,0.0,-10000000000.0,0.0,-10000000000.0,0.0,-10000000000.0,1.0,0.0,0.0,-10000000000.0
bloodmnist:test:78,ee44c2638aec2adf37bf469a2fba3eff19a7a7d3b3b5164dc487a7ce45550aa1,bloodmnist_demo,1729,test,4,4,1.1205703832090563,0.0,-10000000000.0,0.0,-10000000000.0,0.0,-10000000000.0,0.0,-10000000000.0,1.0,0.0,0.0,-10000000000.0
bloodmnist:test:79,eea689646999c3b01655a3ad61666fee7a23211f5ca8204bdf47bce7f94960c7,bloodmnist_demo,1729,test,1,4,1.1205703832090563,0.0,-10000000000.0,0.0,-10000000000.0,0.0,-10000000000.0,0.0,-10000000000.0,1.0,0.0,0.0,-10000000000.0
bloodmnist:test:80,bef29609cf8977333d09587f5c51aef06fb946feee33ad8c289c5c21ffe72b4d,bloodmnist_demo,1729,test,5,4,1.1205703832090563,0.0,-10000000000.0,0.0,-10000000000.0,0.0,-10000000000.0,0.0,-10000000000.0,1.0,0.0,0.0,-10000000000.0
bloodmnist:test:81,76485fef1edf24e2b255df7e18863443e8fd659987ce0ab02076fdabb94a05f6,bloodmnist_demo,1729,test,3,4,1.1205703832090563,0.0,-10000000000.0,0.0,-10000000000.0,0.0,-10000000000.0,0.0,-10000000000.0,1.0,0.0,0.0,-10000000000.0
bloodmnist:test:82,1c5a268a491eb5ef14bb31e4a42fc6f3bad20c44d8802d6958975165995201de,bloodmnist_demo,1729,test,1,4,1.1205703832090563,0.0,-10000000000.0,0.0,-10000000000.0,0.0,-10000000000.0,0.0,-10000000000.0,1.0,0.0,0.0,-10000000000.0
bloodmnist:test:84,59008746fcc12c7dad7bd6c1668abc9f7e52a7a4441ba4a42d1f7d938fa1be28,bloodmnist_demo,1729,test,5,4,1.1205703832090563,0.0,-10000000000.0,0.0,-10000000000.0,0.0,-10000000000.0,0.0,-10000000000.0,1.0,0.0,0.0,-10000000000.0
bloodmnist:test:85,b247d16628ae4d82339c2e0a0d14867e419689522080d811c7cab4db9145aa46,bloodmnist_demo,1729,test,2,4,1.1205703832090563,0.0,-10000000000.0,0.0,-10000000000.0,0.0,-10000000000.0,0.0,-10000000000.0,1.0,0.0,0.0,-10000000000.0
bloodmnist:test:87,1a1d1312bf5a1417f2e1344c1bf15f550b7cc0cc9a08795552d945782ced4f84,bloodmnist_demo,1729,test,1,4,1.1205703832090563,0.0,-10000000000.0,0.0,-10000000000.0,0.0,-10000000000.0,0.0,-10000000000.0,1.0,0.0,0.0,-10000000000.0
bloodmnist:test:88,fb5eb026c22805d0f7176e49a2ba8a9838f0149aa81a56128589d9b0f7a8b956,bloodmnist_demo,1729,test,0,4,1.1205703832090563,0.0,-10000000000.0,0.0,-10000000000.0,0.0,-10000000000.0,0.0,-10000000000.0,1.0,0.0,0.0,-10000000000.0
bloodmnist:test:89,98ce57396cd0a9a5df4bba1191e44cdc15a21b8543987ded9cded9b7c6941908,bloodmnist_demo,1729,test,5,4,1.1205703832090563,0.0,-10000000000.0,0.0,-10000000000.0,0.0,-10000000000.0,0.0,-10000000000.0,1.0,0.0,0.0,-10000000000.0
bloodmnist:test:92,bdaa4b10429fea772e7952476f3f38d9ca1707eb201e51ece1012ac9ab5906e1,bloodmnist_demo,1729,test,2,4,1.1205703832090563,0.0,-10000000000.0,0.0,-10000000000.0,0.0,-10000000000.0,0.0,-10000000000.0,1.0,0.0,0.0,-10000000000.0
bloodmnist:test:93,dc12b5e95a10b83e770b9048179aa8a71f465e0d83ce8a2244ebecc44d26032c,bloodmnist_demo,1729,test,2,4,1.1205703832090563,0.0,-10000000000.0,0.0,-10000000000.0,0.0,-10000000000.0,0.0,-10000000000.0,1.0,0.0,0.0,-10000000000.0
bloodmnist:test:94,8e0884cf2da7ae6fade4202e791deb523d250cb7833ca0e03e0e01f7d2613993,bloodmnist_demo,1729,test,5,4,1.1205703832090563,0.0,-10000000000.0,0.0,-10000000000.0,0.0,-10000000000.0,0.0,-10000000000.0,1.0,0.0,0.0,-10000000000.0
bloodmnist:test:95,d22e3748744aa79dac8978292ee6db9b0b9b20cc4cf754f34a4c31d4c5638f0a,bloodmnist_demo,1729,test,1,4,1.1205703832090563,0.0,-10000000000.0,0.0,-10000000000.0,0.0,-10000000000.0,0.0,-10000000000.0,1.0,0.0,0.0,-10000000000.0
bloodmnist:test:97,e6d451e3a7f987f6598838ba03667711bf23934d4f2281e4f5401fff90678272,bloodmnist_demo,1729,test,1,4,1.1205703832090563,0.0,-10000000000.0,0.0,-10000000000.0,0.0,-10000000000.0,0.0,-10000000000.0,1.0,0.0,0.0,-10000000000.0
bloodmnist:test:101,920833406b9e49aec4a329629ee1e895fa2e24e774b9619aa4fbb9ac1a766b96,bloodmnist_demo,1729,test,3,4,1.1205703832090563,0.0,-10000000000.0,0.0,-10000000000.0,0.0,-10000000000.0,0.0,-10000000000.0,1.0,0.0,0.0,-10000000000.0
bloodmnist:test:102,ae680ed7a897b923344c8603d0174f4d825f3b381130fff5a0cf0cdef1eb6b12,bloodmnist_demo,1729,test,3,4,1.1205703832090563,0.0,-10000000000.0,0.0,-10000000000.0,0.0,-10000000000.0,0.0,-10000000000.0,1.0,0.0,0.0,-10000000000.0
bloodmnist:test:103,5c1cc089fd63bdfebeff4cb26b93c1e73c084645dfd9b8fce1959022ad67247f,bloodmnist_demo,1729,test,2,4,1.1205703832090563,0.0,-10000000000.0,0.0,-10000000000.0,0.0,-10000000000.0,0.0,-10000000000.0,1.0,0.0,0.0,-10000000000.0
bloodmnist:test:105,041d38bae38fe8d36e4fc9e1cec5e77f297cf7eb54d8fc548e63307a00361a7d,bloodmnist_demo,1729,test,5,4,1.1205703832090563,0.0,-10000000000.0,0.0,-10000000000.0,0.0,-10000000000.0,0.0,-10000000000.0,1.0,0.0,0.0,-10000000000.0
bloodmnist:test:107,65393880655da1d0cd246e0ec8bb93c22b08cfdcc86077ef59a5b4a2d30d1bea,bloodmnist_demo,1729,test,4,4,1.1205703832090563,0.0,-10000000000.0,0.0,-10000000000.0,0.0,-10000000000.0,0.0,-10000000000.0,1.0,0.0,0.0,-10000000000.0
bloodmnist:test:109,4f80db9a16c8c3d3c33b3a2c01327a3a9b9f5fcc69f30720055cfa955e9753da,bloodmnist_demo,1729,test,5,4,1.1205703832090563,0.0,-10000000000.0,0.0,-10000000000.0,0.0,-10000000000.0,0.0,-10000000000.0,1.0,0.0,0.0,-10000000000.0
bloodmnist:test:110,f429bf42feb57db32aa673a7a225854dc3822c681a64802a54457dc9cfa1a8e3,bloodmnist_demo,1729,test,5,4,1.1205703832090563,0.0,-10000000000.0,0.0,-10000000000.0,0.0,-10000000000.0,0.0,-10000000000.0,1.0,0.0,0.0,-10000000000.0
bloodmnist:test:111,9b7111b2609ae14fd1431713562c026507bc0b2d42341d9c63ec051132e398e4,bloodmnist_demo,1729,test,4,4,1.1205703832090563,0.0,-10000000000.0,0.0,-10000000000.0,0.0,-10000000000.0,0.0,-10000000000.0,1.0,0.0,0.0,-10000000000.0
bloodmnist:test:112,446642d71347e24d0e7f9ae7e0b6e3c825503c0270829f27f9e9e7df175a9ea2,bloodmnist_demo,1729,test,3,4,1.1205703832090563,0.0,-10000000000.0,0.0,-10000000000.0,0.0,-10000000000.0,0.0,-10000000000.0,1.0,0.0,0.0,-10000000000.0
bloodmnist:test:113,7387b93cc11ad7290b70165820e38293b8aebcb66d648750967e21a116c46435,bloodmnist_demo,1729,test,4,4,1.1205703832090563,0.0,-10000000000.0,0.0,-10000000000.0,0.0,-10000000000.0,0.0,-10000000000.0,1.0,0.0,0.0,-10000000000.0
bloodmnist:test:114,8993ae5321d2f94fd665b26e8f01afd493fe6554a43e06ada2b296e5b099ccd8,bloodmnist_demo,1729,test,4,4,1.1205703832090563,0.0,-10000000000.0,0.0,-10000000000.0,0.0,-10000000000.0,0.0,-10000000000.0,1.0,0.0,0.0,-10000000000.0
bloodmnist:test:115,a9be748a60384f319c159e12c5a8bfdd1e617260b24dfadc07bfee884da30010,bloodmnist_demo,1729,test,0,4,1.1205703832090563,0.0,-10000000000.0,0.0,-10000000000.0,0.0,-10000000000.0,0.0,-10000000000.0,1.0,0.0,0.0,-10000000000.0
bloodmnist:test:116,1df0c88f0909889cbe3e83d27de12b68f7fc7c93c9d32ed2bd195deafdea46dc,bloodmnist_demo,1729,test,0,4,1.1205703832090563,0.0,-10000000000.0,0.0,-10000000000.0,0.0,-10000000000.0,0.0,-10000000000.0,1.0,0.0,0.0,-10000000000.0
bloodmnist:test:117,3a717136bdb7ba6329866f6d6e626c73995b80a71d3cb9683e9359a6c6678a82,bloodmnist_demo,1729,test,4,4,1.1205703832090563,0.0,-10000000000.0,0.0,-10000000000.0,0.0,-10000000000.0,0.0,-10000000000.0,1.0,0.0,0.0,-10000000000.0
bloodmnist:test:119,ea34974b9f4adacaf0734e5db0e8f4978d67d5c90162a360b77f021a8f8ac2c3,bloodmnist_demo,1729,test,4,4,1.1205703832090563,0.0,-10000000000.0,0.0,-10000000000.0,0.0,-10000000000.0,0.0,-10000000000.0,1.0,0.0,0.0,-10000000000.0
bloodmnist:test:120,d84e4725e4ed681f0ac93277fb3c97ef1c2975206249125a7a214dab4f0762b5,bloodmnist_demo,1729,test,3,4,1.1205703832090563,0.0,-10000000000.0,0.0,-10000000000.0,0.0,-10000000000.0,0.0,-10000000000.0,1.0,0.0,0.0,-10000000000.0
bloodmnist:test:122,80ec0951de418db6f85b47250ccb06bda1e9a20902de51623c41829875f06da4,bloodmnist_demo,1729,test,5,4,1.1205703832090563,0.0,-10000000000.0,0.0,-10000000000.0,0.0,-10000000000.0,0.0,-10000000000.0,1.0,0.0,0.0,-10000000000.0
bloodmnist:test:123,10062e2e272ab5c3384d125d348b868e433f4d6ed1de223ddca791fa1f441f18,bloodmnist_demo,1729,test,1,4,1.1205703832090563,0.0,-10000000000.0,0.0,-10000000000.0,0.0,-10000000000.0,0.0,-10000000000.0,1.0,0.0,0.0,-10000000000.0
bloodmnist:test:125,b0f13dbfdc0abe73395ce541229231f7373c31c74d95b0fd027c23e4064dbf11,bloodmnist_demo,1729,test,1,4,1.1205703832090563,0.0,-10000000000.0,0.0,-10000000000.0,0.0,-10000000000.0,0.0,-10000000000.0,1.0,0.0,0.0,-10000000000.0
bloodmnist:test:126,1d6ea396a88e4fe8b275159df7f577040a6bee1c488ef930155cd36953a3cdf1,bloodmnist_demo,1729,test,2,4,1.1205703832090563,0.0,-10000000000.0,0.0,-10000000000.0,0.0,-10000000000.0,0.0,-10000000000.0,1.0,0.0,0.0,-10000000000.0
bloodmnist:test:131,35c3b2d70915f8981dbce4d3a82f81600cf502e89963ebfb51fb499b1b12691c,bloodmnist_demo,1729,test,3,4,1.1205703832090563,0.0,-10000000000.0,0.0,-10000000000.0,0.0,-10000000000.0,0.0,-10000000000.0,1.0,0.0,0.0,-10000000000.0
bloodmnist:test:132,9d3046cd87dc92cc479c3c2a7b48637e6a02dd4bae8e741c0f4381c1f427b2c3,bloodmnist_demo,1729,test,3,4,1.1205703832090563,0.0,-10000000000.0,0.0,-10000000000.0,0.0,-10000000000.0,0.0,-10000000000.0,1.0,0.0,0.0,-10000000000.0
bloodmnist:test:133,563df0c89bad5c2c32abfaf2a4ecf339293025bc61eececd3ac9e10a7b4f8033,bloodmnist_demo,1729,test,2,4,1.1205703832090563,0.0,-10000000000.0,0.0,-10000000000.0,0.0,-10000000000.0,0.0,-10000000000.0,1.0,0.0,0.0,-10000000000.0
bloodmnist:test:134,27032c9433f7bc50289d3cc9ee7a9627fb833548994802b27d04ae5e1579f15a,bloodmnist_demo,1729,test,1,4,1.1205703832090563,0.0,-10000000000.0,0.0,-10000000000.0,0.0,-10000000000.0,0.0,-10000000000.0,1.0,0.0,0.0,-10000000000.0
bloodmnist:test:135,e17dc9666a7cf8ac5afbbb751d25ddd17f033dc6d3bb84a98ba54f411970b9f4,bloodmnist_demo,1729,test,5,4,1.1205703832090563,0.0,-10000000000.0,0.0,-10000000000.0,0.0,-10000000000.0,0.0,-10000000000.0,1.0,0.0,0.0,-10000000000.0
bloodmnist:test:136,d9e751a90e88de35c746bad37f9bcc7d6aa5f9e6432fb01287e9e97f3d20bcc0,bloodmnist_demo,1729,test,1,4,1.1205703832090563,0.0,-10000000000.0,0.0,-10000000000.0,0.0,-10000000000.0,0.0,-10000000000.0,1.0,0.0,0.0,-10000000000.0
bloodmnist:test:137,c79db4161a5d0693d839973d4e4102e3a6f3e44b225a1afa9fa6fe8797b892ee,bloodmnist_demo,1729,test,2,4,1.1205703832090563,0.0,-10000000000.0,0.0,-10000000000.0,0.0,-10000000000.0,0.0,-10000000000.0,1.0,0.0,0.0,-10000000000.0
bloodmnist:test:138,4739338850d87354a1ebba56da1dce10921bab3dd1e3970e695c76600595ac02,bloodmnist_demo,1729,test,1,4,1.1205703832090563,0.0,-10000000000.0,0.0,-10000000000.0,0.0,-10000000000.0,0.0,-10000000000.0,1.0,0.0,0.0,-10000000000.0
bloodmnist:test:140,74a09d8dbf3f7d64f378ccec3529618f9231494a5c594abfbcb393ba906e7ec8,bloodmnist_demo,1729,test,1,4,1.1205703832090563,0.0,-10000000000.0,0.0,-10000000000.0,0.0,-10000000000.0,0.0,-10000000000.0,1.0,0.0,0.0,-10000000000.0
bloodmnist:test:141,f49c5a31540e615a22138e45001529f887c7c3e21864749be56ae25f96e62e69,bloodmnist_demo,1729,test,1,4,1.1205703832090563,0.0,-10000000000.0,0.0,-10000000000.0,0.0,-10000000000.0,0.0,-10000000000.0,1.0,0.0,0.0,-10000000000.0
bloodmnist:test:142,3ef317ad2b2f0c73e25e62c7154877758a506d3582a12b5ec44fa66acc94aea8,bloodmnist_demo,1729,test,4,4,1.1205703832090563,0.0,-10000000000.0,0.0,-10000000000.0,0.0,-10000000000.0,0.0,-10000000000.0,1.0,0.0,0.0,-10000000000.0
bloodmnist:test:143,7bea4712c79d789095b7fcc091c07d5ea5882831ab08896b63d4457fc5c6f8de,bloodmnist_demo,1729,test,4,4,1.1205703832090563,0.0,-10000000000.0,0.0,-10000000000.0,0.0,-10000000000.0,0.0,-10000000000.0,1.0,0.0,0.0,-10000000000.0
bloodmnist:test:144,4ac5703354400ba7a9ee0a4775c4271acc11c2e761f6e96426e5b6ac28d64c61,bloodmnist_demo,1729,test,1,4,1.1205703832090563,0.0,-10000000000.0,0.0,-10000000000.0,0.0,-10000000000.0,0.0,-10000000000.0,1.0,0.0,0.0,-10000000000.0
bloodmnist:test:145,94babdc88965ce8a76d01ca0b9c28d1c2072bbcc9fea7f37ceeead31d4cb0bf1,bloodmnist_demo,1729,test,2,4,1.1205703832090563,0.0,-10000000000.0,0.0,-10000000000.0,0.0,-10000000000.0,0.0,-10000000000.0,1.0,0.0,0.0,-10000000000.0
bloodmnist:test:146,85730dccdbcd09d1714e046f906cefbe26d43030a17ff0a85abdb93f06b9105c,bloodmnist_demo,1729,test,1,4,1.1205703832090563,0.0,-10000000000.0,0.0,-10000000000.0,0.0,-10000000000.0,0.0,-10000000000.0,1.0,0.0,0.0,-10000000000.0
bloodmnist:test:147,534e2b8be0ec4e5a1ed61ff2df01db726e256c41c58b4f2561c65dccd9289a31,bloodmnist_demo,1729,test,1,4,1.1205703832090563,0.0,-10000000000.0,0.0,-10000000000.0,0.0,-10000000000.0,0.0,-10000000000.0,1.0,0.0,0.0,-10000000000.0
bloodmnist:test:148,90104a3b03ef45508e09d6ac0202a4e5879b8de6fe123c9df45cc26510aa5e03,bloodmnist_demo,1729,test,5,4,1.1205703832090563,0.0,-10000000000.0,0.0,-10000000000.0,0.0,-10000000000.0,0.0,-10000000000.0,1.0,0.0,0.0,-10000000000.0
bloodmnist:test:149,62a3f85a6fa8bf1bfdd1b2761c2e095749b8749e73555e1f0972f995e1f72107,bloodmnist_demo,1729,test,1,4,1.1205703832090563,0.0,-10000000000.0,0.0,-10000000000.0,0.0,-10000000000.0,0.0,-10000000000.0,1.0,0.0,0.0,-10000000000.0
bloodmnist:test:150,c148fe757de860708b64befc24cda91ea3365d43505acca455cd123780243aff,bloodmnist_demo,1729,test,1,4,1.1205703832090563,0.0,-10000000000.0,0.0,-10000000000.0,0.0,-10000000000.0,0.0,-10000000000.0,1.0,0.0,0.0,-10000000000.0
bloodmnist:test:151,9a8707d5d58d93b5eb1266cda8850eaa98b6af395394d1db61c82e6420c9b9b6,bloodmnist_demo,1729,test,4,4,1.1205703832090563,0.0,-10000000000.0,0.0,-10000000000.0,0.0,-10000000000.0,0.0,-10000000000.0,1.0,0.0,0.0,-10000000000.0
bloodmnist:test:153,ea90db9dc6a212ea2ddaaae6f72d81fb127711556a26ba8707a6973b9e2f39e3,bloodmnist_demo,1729,test,1,4,1.1205703832090563,0.0,-10000000000.0,0.0,-10000000000.0,0.0,-10000000000.0,0.0,-10000000000.0,1.0,0.0,0.0,-10000000000.0
bloodmnist:test:154,18701c845412aad3ca2eb3aa46e8caf7cd3f6533a88b2c531b96c3a201020650,bloodmnist_demo,1729,test,0,4,1.1205703832090563,0.0,-10000000000.0,0.0,-10000000000.0,0.0,-10000000000.0,0.0,-10000000000.0,1.0,0.0,0.0,-10000000000.0
bloodmnist:test:155,560aa5f1bff6ed3c9f91792c22a26d84ed04a523bb57aadfe1f78a8c876def88,bloodmnist_demo,1729,test,4,4,1.1205703832090563,0.0,-10000000000.0,0.0,-10000000000.0,0.0,-10000000000.0,0.0,-10000000000.0,1.0,0.0,0.0,-10000000000.0
bloodmnist:test:156,c819878c7ee0b071193152eb5747001a358314f002d85adba969c52688ce6308,bloodmnist_demo,1729,test,1,4,1.1205703832090563,0.0,-10000000000.0,0.0,-10000000000.0,0.0,-10000000000.0,0.0,-10000000000.0,1.0,0.0,0.0,-10000000000.0
bloodmnist:test:158,de3a39e875d415963f11280f20beb502373220fa7b411754e19a9a628d926f5f,bloodmnist_demo,1729,test,2,4,1.1205703832090563,0.0,-10000000000.0,0.0,-10000000000.0,0.0,-10000000000.0,0.0,-10000000000.0,1.0,0.0,0.0,-10000000000.0
bloodmnist:test:159,15b350d31ae4c3527f2c0d8c266b6456add489e017a33b5daa87f7219bc322c1,bloodmnist_demo,1729,test,1,4,1.1205703832090563,0.0,-10000000000.0,0.0,-10000000000.0,0.0,-10000000000.0,0.0,-10000000000.0,1.0,0.0,0.0,-10000000000.0
bloodmnist:test:160,64cf4a23553bb383bdeae7adbaa78295a0f86ef0c2f6e8ef8ff6e10d0de9e8e7,bloodmnist_demo,1729,test,1,4,1.1205703832090563,0.0,-10000000000.0,0.0,-10000000000.0,0.0,-10000000000.0,0.0,-10000000000.0,1.0,0.0,0.0,-10000000000.0
bloodmnist:test:161,3aeccfc2c17a14f987821b3a0fdfd9b89d0f2d6090d85233c3e1638c1c56d333,bloodmnist_demo,1729,test,5,4,1.1205703832090563,0.0,-10000000000.0,0.0,-10000000000.0,0.0,-10000000000.0,0.0,-10000000000.0,1.0,0.0,0.0,-10000000000.0
bloodmnist:test:162,d6886456382bdde3db31176bc9e755fed22463e73ff40f9dbfd5ade2b501eeca,bloodmnist_demo,1729,test,1,4,1.1205703832090563,0.0,-10000000000.0,0.0,-10000000000.0,0.0,-10000000000.0,0.0,-10000000000.0,1.0,0.0,0.0,-10000000000.0
bloodmnist:test:163,889a14ce7b2211cd49cc3cd5f16258bbea40b9297f046562837b0ccd7645277e,bloodmnist_demo,1729,test,5,4,1.1205703832090563,0.0,-10000000000.0,0.0,-10000000000.0,0.0,-10000000000.0,0.0,-10000000000.0,1.0,0.0,0.0,-10000000000.0
bloodmnist:test:164,252a233760cd8d352fbe5facf048b16b0e40ce97ac8366c8c76e38fa7ea44389,bloodmnist_demo,1729,test,0,4,1.1205703832090563,0.0,-10000000000.0,0.0,-10000000000.0,0.0,-10000000000.0,0.0,-10000000000.0,1.0,0.0,0.0,-10000000000.0
bloodmnist:test:166,0b764390451d511d874bb5ad738d375f9fb138674992848330865fab31b7713e,bloodmnist_demo,1729,test,1,4,1.1205703832090563,0.0,-10000000000.0,0.0,-10000000000.0,0.0,-10000000000.0,0.0,-10000000000.0,1.0,0.0,0.0,-10000000000.0
bloodmnist:test:167,6bb3504fe12ed69e9f1475e60c1ed3e274283be141df67b9b7257eda55f58ffa,bloodmnist_demo,1729,test,4,4,1.1205703832090563,0.0,-10000000000.0,0.0,-10000000000.0,0.0,-10000000000.0,0.0,-10000000000.0,1.0,0.0,0.0,-10000000000.0
bloodmnist:test:169,5ed54b70808eb47df525ea423cc8e3c6ad275ee432b31ea80248be47c1094b21,bloodmnist_demo,1729,test,3,4,1.1205703832090563,0.0,-10000000000.0,0.0,-10000000000.0,0.0,-10000000000.0,0.0,-10000000000.0,1.0,0.0,0.0,-10000000000.0
bloodmnist:test:170,373dd4aa1e8379ada8dd85a4bde220361412e416e3872539730705869797114b,bloodmnist_demo,1729,test,5,4,1.1205703832090563,0.0,-10000000000.0,0.0,-10000000000.0,0.0,-10000000000.0,0.0,-10000000000.0,1.0,0.0,0.0,-10000000000.0
bloodmnist:test:172,c4be49fd188416fc74c3e6e1c1a3e2ae74061ff7a31dc3517b6105f7210aaa51,bloodmnist_demo,1729,test,5,4,1.1205703832090563,0.0,-10000000000.0,0.0,-10000000000.0,0.0,-10000000000.0,0.0,-10000000000.0,1.0,0.0,0.0,-10000000000.0
bloodmnist:test:173,101359f9b5a6f68b3c4386d872999813c35614d7ba692e641713e28baf522989,bloodmnist_demo,1729,test,4,4,1.1205703832090563,0.0,-10000000000.0,0.0,-10000000000.0,0.0,-10000000000.0,0.0,-10000000000.0,1.0,0.0,0.0,-10000000000.0
bloodmnist:test:174,c9f73a11498524f6539e747df327928cbf667a25abb41d69b11e56534159da21,bloodmnist_demo,1729,test,3,4,1.1205703832090563,0.0,-10000000000.0,0.0,-10000000000.0,0.0,-10000000000.0,0.0,-10000000000.0,1.0,0.0,0.0,-10000000000.0
bloodmnist:test:175,faaf7befe617da6dec3d1a474d5ed00a44601a5298bfc885cee1f4730ba2bf94,bloodmnist_demo,1729,test,3,4,1.1205703832090563,0.0,-10000000000.0,0.0,-10000000000.0,0.0,-10000000000.0,0.0,-10000000000.0,1.0,0.0,0.0,-10000000000.0
bloodmnist:test:176,cae596077abeb600d0debf81675515b367be584b7310200a1b5f02a1eccd876d,bloodmnist_demo,1729,test,4,4,1.1205703832090563,0.0,-10000000000.0,0.0,-10000000000.0,0.0,-10000000000.0,0.0,-10000000000.0,1.0,0.0,0.0,-10000000000.0
bloodmnist:test:177,255f5972431f82138f34e2fb11317d91fa77d9d21520fa5dff8f9e5b4ac43344,bloodmnist_demo,1729,test,4,4,1.1205703832090563,0.0,-10000000000.0,0.0,-10000000000.0,0.0,-10000000000.0,0.0,-10000000000.0,1.0,0.0,0.0,-10000000000.0
bloodmnist:test:178,ccbc21c89a5f22765bd78a442d05f55c20a6a007568734454225c4124cdde701,bloodmnist_demo,1729,test,4,4,1.1205703832090563,0.0,-10000000000.0,0.0,-10000000000.0,0.0,-10000000000.0,0.0,-10000000000.0,1.0,0.0,0.0,-10000000000.0
bloodmnist:test:179,aae1960b5f2771339ec55f7203ca6858f3941ef7893f1fea108955bb5912d9dc,bloodmnist_demo,1729,test,1,4,1.1205703832090563,0.0,-10000000000.0,0.0,-10000000000.0,0.0,-10000000000.0,0.0,-10000000000.0,1.0,0.0,0.0,-10000000000.0
bloodmnist:test:180,90ef97d1a28361f291bf628ff661936f53b21e5f5eff467de61572521583bad4,bloodmnist_demo,1729,test,1,4,1.1205703832090563,0.0,-10000000000.0,0.0,-10000000000.0,0.0,-10000000000.0,0.0,-10000000000.0,1.0,0.0,0.0,-10000000000.0
bloodmnist:test:183,2cb2d5b2271fa518fc30d8e98277a9cd43bc48779a920e60d168af9ce1a2fc7c,bloodmnist_demo,1729,test,1,4,1.1205703832090563,0.0,-10000000000.0,0.0,-10000000000.0,0.0,-10000000000.0,0.0,-10000000000.0,1.0,0.0,0.0,-10000000000.0
bloodmnist:test:185,23033f99f6e9b2a01c4ab9708b779955ecc087d691dd0f326e50582837ac2d18,bloodmnist_demo,1729,test,1,4,1.1205703832090563,0.0,-10000000000.0,0.0,-10000000000.0,0.0,-10000000000.0,0.0,-10000000000.0,1.0,0.0,0.0,-10000000000.0
bloodmnist:test:186,065b0716ee53d9cc71f8c09f206c4a28d3d739df0e900dbdce9d653286486b48,bloodmnist_demo,1729,test,3,4,1.1205703832090563,0.0,-10000000000.0,0.0,-10000000000.0,0.0,-10000000000.0,0.0,-10000000000.0,1.0,0.0,0.0,-10000000000.0
bloodmnist:test:187,122b2d1bbe8567cd7dc46915691663975b77977cb019ccc673ec72c252f4f4f6,bloodmnist_demo,1729,test,2,4,1.1205703832090563,0.0,-10000000000.0,0.0,-10000000000.0,0.0,-10000000000.0,0.0,-10000000000.0,1.0,0.0,0.0,-10000000000.0
bloodmnist:test:189,e0946600f40bd9007c3e94a96f7d7eb68d0789ac6eebb403da0d767033405ca9,bloodmnist_demo,1729,test,3,4,1.1205703832090563,0.0,-10000000000.0,0.0,-10000000000.0,0.0,-10000000000.0,0.0,-10000000000.0,1.0,0.0,0.0,-10000000000.0
bloodmnist:test:191,958fd7c2748b5394deebeac09881abb37b7f8de5bb68dd2f568355f0cefda76c,bloodmnist_demo,1729,test,1,4,1.1205703832090563,0.0,-10000000000.0,0.0,-10000000000.0,0.0,-10000000000.0,0.0,-10000000000.0,1.0,0.0,0.0,-10000000000.0
bloodmnist:test:192,a167a560ac06925176a30dc0c9dd73a954bfa475ad6bd93fbc8f91d8a2f739ba,bloodmnist_demo,1729,test,4,4,1.1205703832090563,0.0,-10000000000.0,0.0,-10000000000.0,0.0,-10000000000.0,0.0,-10000000000.0,1.0,0.0,0.0,-10000000000.0
bloodmnist:test:193,388d4946e17d100d04fad9a2b7ebef9e3d917e6dc1e01b74c95ea631563c6f2d,bloodmnist_demo,1729,test,5,4,1.1205703832090563,0.0,-10000000000.0,0.0,-10000000000.0,0.0,-10000000000.0,0.0,-10000000000.0,1.0,0.0,0.0,-10000000000.0
bloodmnist:test:194,617bcf4e91c4d2fe7132a069591908e769d6e72f9c5d487cbcd3db6dbd3f06ca,bloodmnist_demo,1729,test,4,4,1.1205703832090563,0.0,-10000000000.0,0.0,-10000000000.0,0.0,-10000000000.0,0.0,-10000000000.0,1.0,0.0,0.0,-10000000000.0
bloodmnist:test:197,5d17321b614f59c47a746e558c08aab381654d230d7341b1049b9eb8a1cec7c5,bloodmnist_demo,1729,test,5,4,1.1205703832090563,0.0,-10000000000.0,0.0,-10000000000.0,0.0,-10000000000.0,0.0,-10000000000.0,1.0,0.0,0.0,-10000000000.0
bloodmnist:test:198,8aa54c51d6b72285fde79194f0c66b22c1c70da0633c4ba419ddc7629458f17c,bloodmnist_demo,1729,test,1,4,1.1205703832090563,0.0,-10000000000.0,0.0,-10000000000.0,0.0,-10000000000.0,0.0,-10000000000.0,1.0,0.0,0.0,-10000000000.0
bloodmnist:test:200,a4a56389f62e987e7b5f83d4804cb67b7307fe7602663084fd03a827e48ca703,bloodmnist_demo,1729,test,4,4,1.1205703832090563,0.0,-10000000000.0,0.0,-10000000000.0,0.0,-10000000000.0,0.0,-10000000000.0,1.0,0.0,0.0,-10000000000.0
bloodmnist:test:201,a18d12062bbd09f5a249d456b8ffc7ec514ef308b9d0067631bd242503f10cad,bloodmnist_demo,1729,test,2,4,1.1205703832090563,0.0,-10000000000.0,0.0,-10000000000.0,0.0,-10000000000.0,0.0,-10000000000.0,1.0,0.0,0.0,-10000000000.0
bloodmnist:test:202,6ad2b3ae7b756bb57d493d9ad83a5037cfb2fc82422dc698699c921c7ad42092,bloodmnist_demo,1729,test,3,4,1.1205703832090563,0.0,-10000000000.0,0.0,-10000000000.0,0.0,-10000000000.0,0.0,-10000000000.0,1.0,0.0,0.0,-10000000000.0
bloodmnist:test:203,e275164fd741856a40bf78cbe1816de8b9038f9aa50d354512477d49f043c937,bloodmnist_demo,1729,test,5,4,1.1205703832090563,0.0,-10000000000.0,0.0,-10000000000.0,0.0,-10000000000.0,0.0,-10000000000.0,1.0,0.0,0.0,-10000000000.0
bloodmnist:test:204,a3db52fa5e12d448de484e0052f497b04f02da9f69c83c6b82a02b4a4d3110ea,bloodmnist_demo,1729,test,4,4,1.1205703832090563,0.0,-10000000000.0,0.0,-10000000000.0,0.0,-10000000000.0,0.0,-10000000000.0,1.0,0.0,0.0,-10000000000.0
bloodmnist:test:205,66d39dff6e270dab6555a412355f5b93f48d956785861dd8502919c1bd096d9a,bloodmnist_demo,1729,test,4,4,1.1205703832090563,0.0,-10000000000.0,0.0,-10000000000.0,0.0,-10000000000.0,0.0,-10000000000.0,1.0,0.0,0.0,-10000000000.0
bloodmnist:test:206,b6644f28c4db0cd02407dfc387d496b5ebd09a0692ce969202145f7d1cae838e,bloodmnist_demo,1729,test,1,4,1.1205703832090563,0.0,-10000000000.0,0.0,-10000000000.0,0.0,-10000000000.0,0.0,-10000000000.0,1.0,0.0,0.0,-10000000000.0
bloodmnist:test:207,5981d7f875cae436176fd92c9592af518f0179d4ad1152e5b65ada999d28164d,bloodmnist_demo,1729,test,4,4,1.1205703832090563,0.0,-10000000000.0,0.0,-10000000000.0,0.0,-10000000000.0,0.0,-10000000000.0,1.0,0.0,0.0,-10000000000.0
bloodmnist:test:208,c0f931b6fe5652f984deadcc6b559e01e9a60be1bf106be1f2bfaba44d7c1f13,bloodmnist_demo,1729,test,0,4,1.1205703832090563,0.0,-10000000000.0,0.0,-10000000000.0,0.0,-10000000000.0,0.0,-10000000000.0,1.0,0.0,0.0,-10000000000.0
bloodmnist:test:209,e6509e77db82ee507a80575e4f693ec8f04fa8030ae6244ff7be11afb6dfa821,bloodmnist_demo,1729,test,5,4,1.1205703832090563,0.0,-10000000000.0,0.0,-10000000000.0,0.0,-10000000000.0,0.0,-10000000000.0,1.0,0.0,0.0,-10000000000.0
bloodmnist:test:210,cfcce673612b08c4ea688cd6954f09c5e8099df1f149d8b0771cc3c750360d9d,bloodmnist_demo,1729,test,1,4,1.1205703832090563,0.0,-10000000000.0,0.0,-10000000000.0,0.0,-10000000000.0,0.0,-10000000000.0,1.0,0.0,0.0,-10000000000.0
bloodmnist:test:211,3ac36752cce59aaa4a3adfcb3b42f8bd4096d994c4358ebfd1f36fd79dbe2fdf,bloodmnist_demo,1729,test,1,4,1.1205703832090563,0.0,-10000000000.0,0.0,-10000000000.0,0.0,-10000000000.0,0.0,-10000000000.0,1.0,0.0,0.0,-10000000000.0
bloodmnist:test:212,bba8295b6ab72b9cf8ec659c9ec87f2276e224312ad47317db465d3667dca8cb,bloodmnist_demo,1729,test,1,4,1.1205703832090563,0.0,-10000000000.0,0.0,-10000000000.0,0.0,-10000000000.0,0.0,-10000000000.0,1.0,0.0,0.0,-10000000000.0
bloodmnist:test:213,8877359cf2729d6658a7b73cab009e47764ae0c8d9b8bc9437152c3287a413b9,bloodmnist_demo,1729,test,3,4,1.1205703832090563,0.0,-10000000000.0,0.0,-10000000000.0,0.0,-10000000000.0,0.0,-10000000000.0,1.0,0.0,0.0,-10000000000.0
bloodmnist:test:214,c742311cabf12766a3c84f116b887f2b68aec795df40cdda727c229cf6299ffc,bloodmnist_demo,1729,test,4,4,1.1205703832090563,0.0,-10000000000.0,0.0,-10000000000.0,0.0,-10000000000.0,0.0,-10000000000.0,1.0,0.0,0.0,-10000000000.0
bloodmnist:test:215,1201038d65630542e06cb3367714ba0443dc55a01b2766c37231b18204ea6067,bloodmnist_demo,1729,test,4,4,1.1205703832090563,0.0,-10000000000.0,0.0,-10000000000.0,0.0,-10000000000.0,0.0,-10000000000.0,1.0,0.0,0.0,-10000000000.0
bloodmnist:test:216,e976d22a075a6a4b9dd8cbafe395d352c202140eb5828be2d920c8a75eadc147,bloodmnist_demo,1729,test,0,4,1.1205703832090563,0.0,-10000000000.0,0.0,-10000000000.0,0.0,-10000000000.0,0.0,-10000000000.0,1.0,0.0,0.0,-10000000000.0
bloodmnist:test:218,281734b6f70ca2acb1eea77a67ae79f7373b62f587982d388a98f26cd4611eb9,bloodmnist_demo,1729,test,4,4,1.1205703832090563,0.0,-10000000000.0,0.0,-10000000000.0,0.0,-10000000000.0,0.0,-10000000000.0,1.0,0.0,0.0,-10000000000.0
bloodmnist:test:219,e36e8db01f48cc61c578260434e47d0fe7e10a0708b35ede23d1852a59eac9d3,bloodmnist_demo,1729,test,3,4,1.1205703832090563,0.0,-10000000000.0,0.0,-10000000000.0,0.0,-10000000000.0,0.0,-10000000000.0,1.0,0.0,0.0,-10000000000.0
bloodmnist:test:220,c437dfd99dba71ecf373f9ff55ef262055763461daf71b166c5196baab314a55,bloodmnist_demo,1729,test,5,4,1.1205703832090563,0.0,-10000000000.0,0.0,-10000000000.0,0.0,-10000000000.0,0.0,-10000000000.0,1.0,0.0,0.0,-10000000000.0
bloodmnist:test:221,aa0bc9f0fd462c5cabc39ebbd70eaa1deaac925dd73c6aeef535bb767f3a00a4,bloodmnist_demo,1729,test,1,4,1.1205703832090563,0.0,-10000000000.0,0.0,-10000000000.0,0.0,-10000000000.0,0.0,-10000000000.0,1.0,0.0,0.0,-10000000000.0
bloodmnist:test:222,9193bd1a37a2af6aad52f141dc23b2b68e3f7deacf1a34236bf6fee061fa8de2,bloodmnist_demo,1729,test,1,4,1.1205703832090563,0.0,-10000000000.0,0.0,-10000000000.0,0.0,-10000000000.0,0.0,-10000000000.0,1.0,0.0,0.0,-10000000000.0
bloodmnist:test:224,cc89b2522faaa880faf6593bc5b05cc4a4a770e75172980b1bb288b4fd2b2953,bloodmnist_demo,1729,test,4,4,1.1205703832090563,0.0,-10000000000.0,0.0,-10000000000.0,0.0,-10000000000.0,0.0,-10000000000.0,1.0,0.0,0.0,-10000000000.0
bloodmnist:test:225,d2cef686d27ddbece5c8785f6eef053051b5768ecb275927b794c7602c17d415,bloodmnist_demo,1729,test,5,4,1.1205703832090563,0.0,-10000000000.0,0.0,-10000000000.0,0.0,-10000000000.0,0.0,-10000000000.0,1.0,0.0,0.0,-10000000000.0
bloodmnist:test:226,b97b34e8634ed09eaf1aed107dd7ff29f004d65a8d5d4fc33a22c241cddb8c62,bloodmnist_demo,1729,test,5,4,1.1205703832090563,0.0,-10000000000.0,0.0,-10000000000.0,0.0,-10000000000.0,0.0,-10000000000.0,1.0,0.0,0.0,-10000000000.0
bloodmnist:test:229,7c97ba8c5b9168c126698a3f188dd76d90fe68a40369f0c8d4c7ac4236ea76e6,bloodmnist_demo,1729,test,5,4,1.1205703832090563,0.0,-10000000000.0,0.0,-10000000000.0,0.0,-10000000000.0,0.0,-10000000000.0,1.0,0.0,0.0,-10000000000.0
bloodmnist:test:230,a07538a21ea6d026fea5908a0bde885ac4fecebedbd9d9185a5ff4972413c971,bloodmnist_demo,1729,test,4,4,1.1205703832090563,0.0,-10000000000.0,0.0,-10000000000.0,0.0,-10000000000.0,0.0,-10000000000.0,1.0,0.0,0.0,-10000000000.0
bloodmnist:test:232,e090eea7daf7d419ed22f4f129c98430a45dfaa70176f26b3cb9299051fdba7c,bloodmnist_demo,1729,test,4,4,1.1205703832090563,0.0,-10000000000.0,0.0,-10000000000.0,0.0,-10000000000.0,0.0,-10000000000.0,1.0,0.0,0.0,-10000000000.0
bloodmnist:test:233,234da0891821010a1b45dd03f796eaf8277124f4fb54e70ec8b4473d998e29fd,bloodmnist_demo,1729,test,5,4,1.1205703832090563,0.0,-10000000000.0,0.0,-10000000000.0,0.0,-10000000000.0,0.0,-10000000000.0,1.0,0.0,0.0,-10000000000.0
bloodmnist:test:234,254d333fcacf128b6ba1972c8df6cdf8912d834809ab6b678f4be9f0bc0a4b82,bloodmnist_demo,1729,test,1,4,1.1205703832090563,0.0,-10000000000.0,0.0,-10000000000.0,0.0,-10000000000.0,0.0,-10000000000.0,1.0,0.0,0.0,-10000000000.0
bloodmnist:test:235,c4a62e08ddff4e301f574d1e30ae5e88f52e68ba511bec2fa3ef74b4ab9120a5,bloodmnist_demo,1729,test,5,4,1.1205703832090563,0.0,-10000000000.0,0.0,-10000000000.0,0.0,-10000000000.0,0.0,-10000000000.0,1.0,0.0,0.0,-10000000000.0
bloodmnist:test:238,c1b5a2a0093515b03a64dd0c87549d302bb9109f175d13a1349e16c12357cadb,bloodmnist_demo,1729,test,0,4,1.1205703832090563,0.0,-10000000000.0,0.0,-10000000000.0,0.0,-10000000000.0,0.0,-10000000000.0,1.0,0.0,0.0,-10000000000.0
bloodmnist:test:239,804191382ad5625e726e50b7b72cc7a3d7d525257f76fe6c1e63dac3dfc3addb,bloodmnist_demo,1729,test,4,4,1.1205703832090563,0.0,-10000000000.0,0.0,-10000000000.0,0.0,-10000000000.0,0.0,-10000000000.0,1.0,0.0,0.0,-10000000000.0
bloodmnist:test:240,862f0fbacd303b954a3b7cf046b14f2ba7c6ace250ebed412f234de571357293,bloodmnist_demo,1729,test,0,4,1.1205703832090563,0.0,-10000000000.0,0.0,-10000000000.0,0.0,-10000000000.0,0.0,-10000000000.0,1.0,0.0,0.0,-10000000000.0
bloodmnist:test:241,73a766d8173c5ab156be8cee91cf944cbce873a3b32495d1d0e37a252ad9d2d0,bloodmnist_demo,1729,test,5,4,1.1205703832090563,0.0,-10000000000.0,0.0,-10000000000.0,0.0,-10000000000.0,0.0,-10000000000.0,1.0,0.0,0.0,-10000000000.0
bloodmnist:test:242,7b4d011e39f8986f37f013d79d3b7c10410e0de0b362fd2e9e3ce3aed9acbc5d,bloodmnist_demo,1729,test,4,4,1.1205703832090563,0.0,-10000000000.0,0.0,-10000000000.0,0.0,-10000000000.0,0.0,-10000000000.0,1.0,0.0,0.0,-10000000000.0
bloodmnist:test:243,73f5cd3aa47ab6f3584c501320ca2dde52e40b708675b70dea6e6aa806faf9a9,bloodmnist_demo,1729,test,3,4,1.1205703832090563,0.0,-10000000000.0,0.0,-10000000000.0,0.0,-10000000000.0,0.0,-10000000000.0,1.0,0.0,0.0,-10000000000.0
bloodmnist:test:244,365fbb5839dda3c1591759f07fa215bd3ffe5692294d228948f9f148dd4ad57d,bloodmnist_demo,1729,test,0,4,1.1205703832090563,0.0,-10000000000.0,0.0,-10000000000.0,0.0,-10000000000.0,0.0,-10000000000.0,1.0,0.0,0.0,-10000000000.0
bloodmnist:test:245,191882984e3a99153ec7bdc74a091c0b7d3d1dcb926983c70fff89f2d982c16e,bloodmnist_demo,1729,test,4,4,1.1205703832090563,0.0,-10000000000.0,0.0,-10000000000.0,0.0,-10000000000.0,0.0,-10000000000.0,1.0,0.0,0.0,-10000000000.0
bloodmnist:test:246,bfadd31ebd0ce91b28b927da1db7cdb8c7a8650a1f8d01b1f53798f0a0f6c1e4,bloodmnist_demo,1729,test,4,4,1.1205703832090563,0.0,-10000000000.0,0.0,-10000000000.0,0.0,-10000000000.0,0.0,-10000000000.0,1.0,0.0,0.0,-10000000000.0
bloodmnist:test:247,f5a0f870984dfcf6be74f77415d02a2c88d1065f472ab1286bec9f5495ac26aa,bloodmnist_demo,1729,test,1,4,1.1205703832090563,0.0,-10000000000.0,0.0,-10000000000.0,0.0,-10000000000.0,0.0,-10000000000.0,1.0,0.0,0.0,-10000000000.0
bloodmnist:test:248,ba0529fa18e3cc12630c52c969cc379eb45b19434e8f38eed4d667693994b0ab,bloodmnist_demo,1729,test,4,4,1.1205703832090563,0.0,-10000000000.0,0.0,-10000000000.0,0.0,-10000000000.0,0.0,-10000000000.0,1.0,0.0,0.0,-10000000000.0
bloodmnist:test:249,6a55e37366e5f1a7c6633b9d58e0809fe308a5922d56373611b85b0756f1f5bb,bloodmnist_demo,1729,test,3,4,1.1205703832090563,0.0,-10000000000.0,0.0,-10000000000.0,0.0,-10000000000.0,0.0,-10000000000.0,1.0,0.0,0.0,-10000000000.0
bloodmnist:test:250,e3b51e04b4135c502dd8fbad472ceb783b28e5a078c53eedf7b46a28da4c79f2,bloodmnist_demo,1729,test,5,4,1.1205703832090563,0.0,-10000000000.0,0.0,-10000000000.0,0.0,-10000000000.0,0.0,-10000000000.0,1.0,0.0,0.0,-10000000000.0
bloodmnist:test:252,7a49189d48ce3117aab876e49cd85b0875741adfc9feadc84cbb2e47c08b32c8,bloodmnist_demo,1729,test,4,4,1.1205703832090563,0.0,-10000000000.0,0.0,-10000000000.0,0.0,-10000000000.0,0.0,-10000000000.0,1.0,0.0,0.0,-10000000000.0
bloodmnist:test:254,078912edb6644425d5b5ee0ae01c9e1b0003afef8c1460553190ed5e0b44efa7,bloodmnist_demo,1729,test,1,4,1.1205703832090563,0.0,-10000000000.0,0.0,-10000000000.0,0.0,-10000000000.0,0.0,-10000000000.0,1.0,0.0,0.0,-10000000000.0
bloodmnist:test:255,61e93fa84bbbbcb37da27874bebbfa5e563f5549f7ddd8e5471571343db66ba2,bloodmnist_demo,1729,test,5,4,1.1205703832090563,0.0,-10000000000.0,0.0,-10000000000.0,0.0,-10000000000.0,0.0,-10000000000.0,1.0,0.0,0.0,-10000000000.0
bloodmnist:test:256,cee3605ee65674e15fa5e967798eb0af6826bb3f87271a1c07e92af387bcde8e,bloodmnist_demo,1729,test,4,4,1.1205703832090563,0.0,-10000000000.0,0.0,-10000000000.0,0.0,-10000000000.0,0.0,-10000000000.0,1.0,0.0,0.0,-10000000000.0
bloodmnist:test:257,986dd89726f81943a6713ae36687bcadf1ce4a111a4582309090775855d7572a,bloodmnist_demo,1729,test,1,4,1.1205703832090563,0.0,-10000000000.0,0.0,-10000000000.0,0.0,-10000000000.0,0.0,-10000000000.0,1.0,0.0,0.0,-10000000000.0
bloodmnist:test:258,ca80b6ae576b0f498f0c3029c246e474a98d9cd307bffc764f9262e372a42a44,bloodmnist_demo,1729,test,1,4,1.1205703832090563,0.0,-10000000000.0,0.0,-10000000000.0,0.0,-10000000000.0,0.0,-10000000000.0,1.0,0.0,0.0,-10000000000.0
bloodmnist:test:260,8daf5a3df44b84a9c8bcc546635dbd94df564bdac203c62e913a962d97b68c0e,bloodmnist_demo,1729,test,4,4,1.1205703832090563,0.0,-10000000000.0,0.0,-10000000000.0,0.0,-10000000000.0,0.0,-10000000000.0,1.0,0.0,0.0,-10000000000.0
bloodmnist:test:261,bb8507dcb9fc51763d04fc2caa896ee42c2894359db701ed991f2cd14e676584,bloodmnist_demo,1729,test,3,4,1.1205703832090563,0.0,-10000000000.0,0.0,-10000000000.0,0.0,-10000000000.0,0.0,-10000000000.0,1.0,0.0,0.0,-10000000000.0
bloodmnist:test:263,f280b45090f9ad9eb1e4656847c48781af22942d47884fae9800c95251487585,bloodmnist_demo,1729,test,2,4,1.1205703832090563,0.0,-10000000000.0,0.0,-10000000000.0,0.0,-10000000000.0,0.0,-10000000000.0,1.0,0.0,0.0,-10000000000.0
bloodmnist:test:264,08eb93f6da68a2c6728d71f4063fb09b999166b591bf098c529032c6e7754dac,bloodmnist_demo,1729,test,4,4,1.1205703832090563,0.0,-10000000000.0,0.0,-10000000000.0,0.0,-10000000000.0,0.0,-10000000000.0,1.0,0.0,0.0,-10000000000.0
bloodmnist:test:266,ae31b34216e3701336f5ba02573f125c60ba9198d3d827a6080573a554184165,bloodmnist_demo,1729,test,5,4,1.1205703832090563,0.0,-10000000000.0,0.0,-10000000000.0,0.0,-10000000000.0,0.0,-10000000000.0,1.0,0.0,0.0,-10000000000.0
bloodmnist:test:268,fa4a7300dd3482ca2f8ab1859a4b3748d597d7b0824cb7d17283efe0982def04,bloodmnist_demo,1729,test,3,4,1.1205703832090563,0.0,-10000000000.0,0.0,-10000000000.0,0.0,-10000000000.0,0.0,-10000000000.0,1.0,0.0,0.0,-10000000000.0
bloodmnist:test:269,346466e82d5e18a46e5a91bab787ca07c504879abbb96feb354461c1eaadfb8b,bloodmnist_demo,1729,test,2,4,1.1205703832090563,0.0,-10000000000.0,0.0,-10000000000.0,0.0,-10000000000.0,0.0,-10000000000.0,1.0,0.0,0.0,-10000000000.0
bloodmnist:test:270,085c829422d50e4029c9d345798cb5c7faae710a2bab1edef6875b9b570ff0b5,bloodmnist_demo,1729,test,4,4,1.1205703832090563,0.0,-10000000000.0,0.0,-10000000000.0,0.0,-10000000000.0,0.0,-10000000000.0,1.0,0.0,0.0,-10000000000.0
bloodmnist:test:271,b454625159e395e1eda3e990791a64321fe96abfc8b59a66b629c254e3e21af6,bloodmnist_demo,1729,test,2,4,1.1205703832090563,0.0,-10000000000.0,0.0,-10000000000.0,0.0,-10000000000.0,0.0,-10000000000.0,1.0,0.0,0.0,-10000000000.0
bloodmnist:test:272,fc40e00aaafdbcb9835ee17b7305a42976333a4bfd5858f5cf69bda4fe0e2e8e,bloodmnist_demo,1729,test,4,4,1.1205703832090563,0.0,-10000000000.0,0.0,-10000000000.0,0.0,-10000000000.0,0.0,-10000000000.0,1.0,0.0,0.0,-10000000000.0
bloodmnist:test:273,7f73e8c0c10a0cfbbcd7f6e11958bf4547d414b79083b406d1eb413a28becfac,bloodmnist_demo,1729,test,4,4,1.1205703832090563,0.0,-10000000000.0,0.0,-10000000000.0,0.0,-10000000000.0,0.0,-10000000000.0,1.0,0.0,0.0,-10000000000.0
bloodmnist:test:274,4bb6a99f9e8cbbac1c8d1fa7bd661d4c59467208175121753d85ef6b2cde991a,bloodmnist_demo,1729,test,4,4,1.1205703832090563,0.0,-10000000000.0,0.0,-10000000000.0,0.0,-10000000000.0,0.0,-10000000000.0,1.0,0.0,0.0,-10000000000.0
bloodmnist:test:275,81df3a46643a96ec99acc4d0364394305cf3829647da32105bc9d66fbdd19f5a,bloodmnist_demo,1729,test,5,4,1.1205703832090563,0.0,-10000000000.0,0.0,-10000000000.0,0.0,-10000000000.0,0.0,-10000000000.0,1.0,0.0,0.0,-10000000000.0
bloodmnist:test:276,74c46fa256f7995cff7bd7768d4dd9c4f916b8f671f82222fe3d2ff05dfd387a,bloodmnist_demo,1729,test,5,4,1.1205703832090563,0.0,-10000000000.0,0.0,-10000000000.0,0.0,-10000000000.0,0.0,-10000000000.0,1.0,0.0,0.0,-10000000000.0
bloodmnist:test:277,e06edc5db2da2d16aa466365905895389f142e35d366db97be03d1f85709a478,bloodmnist_demo,1729,test,0,4,1.1205703832090563,0.0,-10000000000.0,0.0,-10000000000.0,0.0,-10000000000.0,0.0,-10000000000.0,1.0,0.0,0.0,-10000000000.0
bloodmnist:test:278,d55e18be405ee27cfd64194b70dda56b152b0f02b8f2ad07e8a3ed7863e84d43,bloodmnist_demo,1729,test,5,4,1.1205703832090563,0.0,-10000000000.0,0.0,-10000000000.0,0.0,-10000000000.0,0.0,-10000000000.0,1.0,0.0,0.0,-10000000000.0
bloodmnist:test:279,314bf6b957735f618fea14dcda6cbdd43a2862c93d3e5255ad4f140b9ba228c6,bloodmnist_demo,1729,test,1,4,1.1205703832090563,0.0,-10000000000.0,0.0,-10000000000.0,0.0,-10000000000.0,0.0,-10000000000.0,1.0,0.0,0.0,-10000000000.0
bloodmnist:test:280,d45834c99b24f713a344a37a9105ad9b862ee3a221166d93e92c15724cb22330,bloodmnist_demo,1729,test,2,4,1.1205703832090563,0.0,-10000000000.0,0.0,-10000000000.0,0.0,-10000000000.0,0.0,-10000000000.0,1.0,0.0,0.0,-10000000000.0
bloodmnist:test:281,eb728c7bc95496cffc21d8df28baa62909dce19252e99611065d854b7143c9e2,bloodmnist_demo,1729,test,5,4,1.1205703832090563,0.0,-10000000000.0,0.0,-10000000000.0,0.0,-10000000000.0,0.0,-10000000000.0,1.0,0.0,0.0,-10000000000.0
bloodmnist:test:282,e4cbb9ed0f98131722af4504a4e2e77f593b9ee7f1561c27c1791b7a0f7569b8,bloodmnist_demo,1729,test,2,4,1.1205703832090563,0.0,-10000000000.0,0.0,-10000000000.0,0.0,-10000000000.0,0.0,-10000000000.0,1.0,0.0,0.0,-10000000000.0
bloodmnist:test:283,0dff02ae27aa1f6300be7aeb269b184e1b115dd524cc87ff06536bca4c74e630,bloodmnist_demo,1729,test,0,4,1.1205703832090563,0.0,-10000000000.0,0.0,-10000000000.0,0.0,-10000000000.0,0.0,-10000000000.0,1.0,0.0,0.0,-10000000000.0
bloodmnist:test:284,960d34cb1aa580dfdf641add07234a5454cdb0eb5fa9b2b7eaa3d6293dcb71ae,bloodmnist_demo,1729,test,5,4,1.1205703832090563,0.0,-10000000000.0,0.0,-10000000000.0,0.0,-10000000000.0,0.0,-10000000000.0,1.0,0.0,0.0,-10000000000.0
bloodmnist:test:285,b09efe7b893a1aabd1c4857cb105c9d0275f33fff9f04b7b008fea74cb27ac61,bloodmnist_demo,1729,test,4,4,1.1205703832090563,0.0,-10000000000.0,0.0,-10000000000.0,0.0,-10000000000.0,0.0,-10000000000.0,1.0,0.0,0.0,-10000000000.0
bloodmnist:test:286,2cdd53bb844ba80f2617092b1a46fcce9b4cae5bdcd11fd3cdeddac1cb8bfd8e,bloodmnist_demo,1729,test,0,4,1.1205703832090563,0.0,-10000000000.0,0.0,-10000000000.0,0.0,-10000000000.0,0.0,-10000000000.0,1.0,0.0,0.0,-10000000000.0
bloodmnist:test:287,4a6434243d13be3d2d768731f9cc039d28d0e1ef20a78c967fda8f783a10c9e9,bloodmnist_demo,1729,test,1,4,1.1205703832090563,0.0,-10000000000.0,0.0,-10000000000.0,0.0,-10000000000.0,0.0,-10000000000.0,1.0,0.0,0.0,-10000000000.0
bloodmnist:test:288,fb304979b43e62959002d58caca8f4f452cc5bdc373078e7eb3cbf3c2c6c441c,bloodmnist_demo,1729,test,1,4,1.1205703832090563,0.0,-10000000000.0,0.0,-10000000000.0,0.0,-10000000000.0,0.0,-10000000000.0,1.0,0.0,0.0,-10000000000.0
bloodmnist:test:289,31395660a54b9bb11414d5ddea4c9206addb2c2129282ca7315e27113bf8908a,bloodmnist_demo,1729,test,3,4,1.1205703832090563,0.0,-10000000000.0,0.0,-10000000000.0,0.0,-10000000000.0,0.0,-10000000000.0,1.0,0.0,0.0,-10000000000.0
bloodmnist:test:290,8c3e2006c44d8836c75e788bdd1000ee1d2ad8b02098f368c8709ff2dc6b7627,bloodmnist_demo,1729,test,5,4,1.1205703832090563,0.0,-10000000000.0,0.0,-10000000000.0,0.0,-10000000000.0,0.0,-10000000000.0,1.0,0.0,0.0,-10000000000.0
bloodmnist:test:292,ed4bde71ad521cf3ff9433b74552306423f1ddf72b19ee4a6db096825637860d,bloodmnist_demo,1729,test,2,4,1.1205703832090563,0.0,-10000000000.0,0.0,-10000000000.0,0.0,-10000000000.0,0.0,-10000000000.0,1.0,0.0,0.0,-10000000000.0
bloodmnist:test:293,5ed603bc5ba419f41d90a042359f5d7ba039b10749ec187cdc1ce24271b3e3b9,bloodmnist_demo,1729,test,2,4,1.1205703832090563,0.0,-10000000000.0,0.0,-10000000000.0,0.0,-10000000000.0,0.0,-10000000000.0,1.0,0.0,0.0,-10000000000.0
bloodmnist:test:294,373e1b25e4e2775d186a2f5ac18126745484b6f296448ff66d81dacbcaef108b,bloodmnist_demo,1729,test,5,4,1.1205703832090563,0.0,-10000000000.0,0.0,-10000000000.0,0.0,-10000000000.0,0.0,-10000000000.0,1.0,0.0,0.0,-10000000000.0
bloodmnist:test:296,39493eca33128bd66fd3dcf403ba9ae05811c1b09432ac67dea56d55ff8345ef,bloodmnist_demo,1729,test,5,4,1.1205703832090563,0.0,-10000000000.0,0.0,-10000000000.0,0.0,-10000000000.0,0.0,-10000000000.0,1.0,0.0,0.0,-10000000000.0
bloodmnist:test:297,e1dcbccf53566ba519c027975ff2abba6d249448fbf477f77f4adabdf37a5afb,bloodmnist_demo,1729,test,5,4,1.1205703832090563,0.0,-10000000000.0,0.0,-10000000000.0,0.0,-10000000000.0,0.0,-10000000000.0,1.0,0.0,0.0,-10000000000.0
bloodmnist:test:298,b42aa75141d111693fe7e2ec605ab23d02bd882aa29d406f264bf378d8a86a18,bloodmnist_demo,1729,test,1,4,1.1205703832090563,0.0,-10000000000.0,0.0,-10000000000.0,0.0,-10000000000.0,0.0,-10000000000.0,1.0,0.0,0.0,-10000000000.0
bloodmnist:test:299,55cd9b1396b76eebf05dedbc2ce4ff3f4618c0a2f3ed3246f48c355e32103aad,bloodmnist_demo,1729,test,4,4,1.1205703832090563,0.0,-10000000000.0,0.0,-10000000000.0,0.0,-10000000000.0,0.0,-10000000000.0,1.0,0.0,0.0,-10000000000.0
bloodmnist:test:300,90d6348d3ccfa136e12e1d479136d585c1ca2e7a6453baaaecf93cb5020647e9,bloodmnist_demo,1729,test,0,4,1.1205703832090563,0.0,-10000000000.0,0.0,-10000000000.0,0.0,-10000000000.0,0.0,-10000000000.0,1.0,0.0,0.0,-10000000000.0
bloodmnist:test:302,557bdff0c1285f25f9f74c70d2d33fce2fc76262bea64e3ea68a5baaaed16b89,bloodmnist_demo,1729,test,0,4,1.1205703832090563,0.0,-10000000000.0,0.0,-10000000000.0,0.0,-10000000000.0,0.0,-10000000000.0,1.0,0.0,0.0,-10000000000.0
bloodmnist:test:303,f725ab6cf829465bd1c897e824d8522b1ce510c0736a46238f6c31892ce351c3,bloodmnist_demo,1729,test,1,4,1.1205703832090563,0.0,-10000000000.0,0.0,-10000000000.0,0.0,-10000000000.0,0.0,-10000000000.0,1.0,0.0,0.0,-10000000000.0
bloodmnist:test:305,6a616252b53ad8149f3333622bdc3560c55cc0facf66c84495e227b878650179,bloodmnist_demo,1729,test,1,4,1.1205703832090563,0.0,-10000000000.0,0.0,-10000000000.0,0.0,-10000000000.0,0.0,-10000000000.0,1.0,0.0,0.0,-10000000000.0
bloodmnist:test:306,e62b8ee850267ac2080ce1500b073af38ba986bfbaf87bc8988197921b6ae49f,bloodmnist_demo,1729,test,1,4,1.1205703832090563,0.0,-10000000000.0,0.0,-10000000000.0,0.0,-10000000000.0,0.0,-10000000000.0,1.0,0.0,0.0,-10000000000.0
bloodmnist:test:307,4bafea901867892233bad91db83253fad1d4ab0fbcfc65e0a204f54304b2f9ea,bloodmnist_demo,1729,test,4,4,1.1205703832090563,0.0,-10000000000.0,0.0,-10000000000.0,0.0,-10000000000.0,0.0,-10000000000.0,1.0,0.0,0.0,-10000000000.0
bloodmnist:test:308,e6ac8df5761c9e97a07128224ddd69931c74709288c948b6f864b3fdf27afcd1,bloodmnist_demo,1729,test,1,4,1.1205703832090563,0.0,-10000000000.0,0.0,-10000000000.0,0.0,-10000000000.0,0.0,-10000000000.0,1.0,0.0,0.0,-10000000000.0
bloodmnist:test:309,d2801c72189e71f320cc0212070d3bbd605464f5b96a88f00556743188f1e752,bloodmnist_demo,1729,test,2,4,1.1205703832090563,0.0,-10000000000.0,0.0,-10000000000.0,0.0,-10000000000.0,0.0,-10000000000.0,1.0,0.0,0.0,-10000000000.0
bloodmnist:test:310,eb6477064b101daa153c258f40152c3083b175fe4a6276b2e9984b35f1056276,bloodmnist_demo,1729,test,1,4,1.1205703832090563,0.0,-10000000000.0,0.0,-10000000000.0,0.0,-10000000000.0,0.0,-10000000000.0,1.0,0.0,0.0,-10000000000.0
bloodmnist:test:313,bea831c30cb1a1a7630acdff60c89324f832bef65dcc9001c5728517b935f91e,bloodmnist_demo,1729,test,1,4,1.1205703832090563,0.0,-10000000000.0,0.0,-10000000000.0,0.0,-10000000000.0,0.0,-10000000000.0,1.0,0.0,0.0,-10000000000.0
bloodmnist:test:315,c2a34c0e017c12df2f426599278d298870e671b3d2ec88d8b380e61a73f45ac8,bloodmnist_demo,1729,test,1,4,1.1205703832090563,0.0,-10000000000.0,0.0,-10000000000.0,0.0,-10000000000.0,0.0,-10000000000.0,1.0,0.0,0.0,-10000000000.0
bloodmnist:test:316,81d3b3165bdeadfc4d9dd36b8194b4221fa03f1b17feb6fbfce525675dc0c0a3,bloodmnist_demo,1729,test,4,4,1.1205703832090563,0.0,-10000000000.0,0.0,-10000000000.0,0.0,-10000000000.0,0.0,-10000000000.0,1.0,0.0,0.0,-10000000000.0
bloodmnist:test:317,d98370da1cdbbaa70094b684ee7eb39c2749d11ed528b6959b995f311c8e366a,bloodmnist_demo,1729,test,2,4,1.1205703832090563,0.0,-10000000000.0,0.0,-10000000000.0,0.0,-10000000000.0,0.0,-10000000000.0,1.0,0.0,0.0,-10000000000.0
bloodmnist:test:318,9f02f21e1d3807bf15795220007d733b3ee022fe2095edd02a4200699971ba77,bloodmnist_demo,1729,test,2,4,1.1205703832090563,0.0,-10000000000.0,0.0,-10000000000.0,0.0,-10000000000.0,0.0,-10000000000.0,1.0,0.0,0.0,-10000000000.0
bloodmnist:test:321,b78aaf7204a548a47f5b86cb453015900a83f2ac283ad6e6ceaf838713f113f9,bloodmnist_demo,1729,test,4,4,1.1205703832090563,0.0,-10000000000.0,0.0,-10000000000.0,0.0,-10000000000.0,0.0,-10000000000.0,1.0,0.0,0.0,-10000000000.0
bloodmnist:test:322,09a9a3ae15c4421e4658a8f5601ddd6ea9ce28474e46958fb0c929f32efb9386,bloodmnist_demo,1729,test,4,4,1.1205703832090563,0.0,-10000000000.0,0.0,-10000000000.0,0.0,-10000000000.0,0.0,-10000000000.0,1.0,0.0,0.0,-10000000000.0
bloodmnist:test:323,0aabf0ea0b2041a2b99cf3688f02ebf2a620bf58b957ab9d98174078a4579fa9,bloodmnist_demo,1729,test,5,4,1.1205703832090563,0.0,-10000000000.0,0.0,-10000000000.0,0.0,-10000000000.0,0.0,-10000000000.0,1.0,0.0,0.0,-10000000000.0
bloodmnist:test:324,326d9db1ed392a6ba4e9cb6804c3bf05ed37a7e2980f379c4da11812f5227492,bloodmnist_demo,1729,test,3,4,1.1205703832090563,0.0,-10000000000.0,0.0,-10000000000.0,0.0,-10000000000.0,0.0,-10000000000.0,1.0,0.0,0.0,-10000000000.0
bloodmnist:test:326,2f9a70b86ce5e2631d6edc557851ba2259008a263c0da1f5b0512961cd2bc277,bloodmnist_demo,1729,test,4,4,1.1205703832090563,0.0,-10000000000.0,0.0,-10000000000.0,0.0,-10000000000.0,0.0,-10000000000.0,1.0,0.0,0.0,-10000000000.0
bloodmnist:test:327,d65538f416bb93be1e305c57de5b484d88a3b67368e4c3d13522403538c08a4a,bloodmnist_demo,1729,test,1,4,1.1205703832090563,0.0,-10000000000.0,0.0,-10000000000.0,0.0,-10000000000.0,0.0,-10000000000.0,1.0,0.0,0.0,-10000000000.0
bloodmnist:test:328,fa57ba2b515ceda61fe4b85eb7b1eda8e3aabf2be1324f12310d82dda8bf4ade,bloodmnist_demo,1729,test,4,4,1.1205703832090563,0.0,-10000000000.0,0.0,-10000000000.0,0.0,-10000000000.0,0.0,-10000000000.0,1.0,0.0,0.0,-10000000000.0
bloodmnist:test:329,c91bc6371de6d5e054157235e4645ddb1b89518ce617b474ff7c714cac3e56eb,bloodmnist_demo,1729,test,4,4,1.1205703832090563,0.0,-10000000000.0,0.0,-10000000000.0,0.0,-10000000000.0,0.0,-10000000000.0,1.0,0.0,0.0,-10000000000.0
bloodmnist:test:330,1df1f208f40f992f8a0a1bcd9c3313f655a162282865fc892d1cdb1e399aaba5,bloodmnist_demo,1729,test,2,4,1.1205703832090563,0.0,-10000000000.0,0.0,-10000000000.0,0.0,-10000000000.0,0.0,-10000000000.0,1.0,0.0,0.0,-10000000000.0
bloodmnist:test:333,a2a524a0d3d7ebf2171ecd78846d84a163c4c5c39cf350a8d9b1297270733345,bloodmnist_demo,1729,test,5,4,1.1205703832090563,0.0,-10000000000.0,0.0,-10000000000.0,0.0,-10000000000.0,0.0,-10000000000.0,1.0,0.0,0.0,-10000000000.0
bloodmnist:test:334,dfdd19c41b20eddda4a83774820d2fb2066b1ce1644670fb0731547e8834727d,bloodmnist_demo,1729,test,5,4,1.1205703832090563,0.0,-10000000000.0,0.0,-10000000000.0,0.0,-10000000000.0,0.0,-10000000000.0,1.0,0.0,0.0,-10000000000.0
bloodmnist:test:335,5d1fbe8f7507fdd1d0d9b25bb0bc2a147fa609a254be318729471ffe21ea0ff5,bloodmnist_demo,1729,test,3,4,1.1205703832090563,0.0,-10000000000.0,0.0,-10000000000.0,0.0,-10000000000.0,0.0,-10000000000.0,1.0,0.0,0.0,-10000000000.0
bloodmnist:test:336,ce621833acb87a81d427cc5f7bb0c582d03d3091d70a7b1cba2f12b0e5114dbd,bloodmnist_demo,1729,test,5,4,1.1205703832090563,0.0,-10000000000.0,0.0,-10000000000.0,0.0,-10000000000.0,0.0,-10000000000.0,1.0,0.0,0.0,-10000000000.0
bloodmnist:test:337,08b47b4107ab81080a008bf57bc098f1b562fab281a6dd9b893f16789735ca85,bloodmnist_demo,1729,test,5,4,1.1205703832090563,0.0,-10000000000.0,0.0,-10000000000.0,0.0,-10000000000.0,0.0,-10000000000.0,1.0,0.0,0.0,-10000000000.0
bloodmnist:test:338,73ed8ec546d8b9b2b856a06579cf9e2b0852f11e97e8ea773e964606a421ac0f,bloodmnist_demo,1729,test,1,4,1.1205703832090563,0.0,-10000000000.0,0.0,-10000000000.0,0.0,-10000000000.0,0.0,-10000000000.0,1.0,0.0,0.0,-10000000000.0
bloodmnist:test:340,1cd595bf0fafee299877b4009f5561cda82b75e6aa7d3d7adb3232775d4d1cae,bloodmnist_demo,1729,test,5,4,1.1205703832090563,0.0,-10000000000.0,0.0,-10000000000.0,0.0,-10000000000.0,0.0,-10000000000.0,1.0,0.0,0.0,-10000000000.0
bloodmnist:test:341,06ae71fa4867215acaa0e4b3e1204a4dc20c8178ed2321866e8edc2c8176825d,bloodmnist_demo,1729,test,3,4,1.1205703832090563,0.0,-10000000000.0,0.0,-10000000000.0,0.0,-10000000000.0,0.0,-10000000000.0,1.0,0.0,0.0,-10000000000.0
bloodmnist:test:342,741049570b1e6672a0713ffed201800db24a64b0e729cfa013442529533dda22,bloodmnist_demo,1729,test,0,4,1.1205703832090563,0.0,-10000000000.0,0.0,-10000000000.0,0.0,-10000000000.0,0.0,-10000000000.0,1.0,0.0,0.0,-10000000000.0
bloodmnist:test:343,9da62f260595cd1504cd5ebf4102a04cc171e51309dbecc4334c554feb248535,bloodmnist_demo,1729,test,4,4,1.1205703832090563,0.0,-10000000000.0,0.0,-10000000000.0,0.0,-10000000000.0,0.0,-10000000000.0,1.0,0.0,0.0,-10000000000.0
bloodmnist:test:344,a0c5944a8877e864322f4688a64f6fb1c651924ec1a8c579f616f1a813f3384c,bloodmnist_demo,1729,test,4,4,1.1205703832090563,0.0,-10000000000.0,0.0,-10000000000.0,0.0,-10000000000.0,0.0,-10000000000.0,1.0,0.0,0.0,-10000000000.0
bloodmnist:test:345,7d8afbdd852010dc9466467878b9c91a790652671722e7da24da0829c6b1d400,bloodmnist_demo,1729,test,2,4,1.1205703832090563,0.0,-10000000000.0,0.0,-10000000000.0,0.0,-10000000000.0,0.0,-10000000000.0,1.0,0.0,0.0,-10000000000.0
bloodmnist:test:346,e66257142e201d6ed5111bbb0e9ed82d23157be7da6e4b641349b0986519b510,bloodmnist_demo,1729,test,0,4,1.1205703832090563,0.0,-10000000000.0,0.0,-10000000000.0,0.0,-10000000000.0,0.0,-10000000000.0,1.0,0.0,0.0,-10000000000.0
bloodmnist:test:347,7ef849ac68b97b5bd45db683f0df1596c3e93fad4b2099f84b373f27a4e53c9c,bloodmnist_demo,1729,test,1,4,1.1205703832090563,0.0,-10000000000.0,0.0,-10000000000.0,0.0,-10000000000.0,0.0,-10000000000.0,1.0,0.0,0.0,-10000000000.0
bloodmnist:test:350,e76cfbf61440577a8aa4f1d4e71f2f4f36fe15a3879215b458eb6b62ef13e500,bloodmnist_demo,1729,test,4,4,1.1205703832090563,0.0,-10000000000.0,0.0,-10000000000.0,0.0,-10000000000.0,0.0,-10000000000.0,1.0,0.0,0.0,-10000000000.0
bloodmnist:test:352,c9559789b72d0b74556f986c3576f3999d13e87add72312ba8fc423af86b9973,bloodmnist_demo,1729,test,1,4,1.1205703832090563,0.0,-10000000000.0,0.0,-10000000000.0,0.0,-10000000000.0,0.0,-10000000000.0,1.0,0.0,0.0,-10000000000.0
bloodmnist:test:353,545435481a07acd16b2851b1b435b7205bcb2cd3ed0a6a3162dfc6666db86fc9,bloodmnist_demo,1729,test,0,4,1.1205703832090563,0.0,-10000000000.0,0.0,-10000000000.0,0.0,-10000000000.0,0.0,-10000000000.0,1.0,0.0,0.0,-10000000000.0
bloodmnist:test:355,6b21bb913dac314ae3cc01e7cbaad1418d366573f3000c8a79e65b2267947e84,bloodmnist_demo,1729,test,4,4,1.1205703832090563,0.0,-10000000000.0,0.0,-10000000000.0,0.0,-10000000000.0,0.0,-10000000000.0,1.0,0.0,0.0,-10000000000.0
bloodmnist:test:356,c7d35a576dba044b2ebebcaea9258519fdfc865ca1889c4d3b6fb015e44a0c2a,bloodmnist_demo,1729,test,1,4,1.1205703832090563,0.0,-10000000000.0,0.0,-10000000000.0,0.0,-10000000000.0,0.0,-10000000000.0,1.0,0.0,0.0,-10000000000.0
bloodmnist:test:357,07aa79e235ac84a95729e51eaea3c147bd00a767b9543d1a753b012eabd4b9ec,bloodmnist_demo,1729,test,5,4,1.1205703832090563,0.0,-10000000000.0,0.0,-10000000000.0,0.0,-10000000000.0,0.0,-10000000000.0,1.0,0.0,0.0,-10000000000.0
bloodmnist:test:358,a983c57754148c6fee6949823940c4f29d6d163b05c1ac65e3fc826193e89fd2,bloodmnist_demo,1729,test,5,4,1.1205703832090563,0.0,-10000000000.0,0.0,-10000000000.0,0.0,-10000000000.0,0.0,-10000000000.0,1.0,0.0,0.0,-10000000000.0
bloodmnist:test:362,49d0069a57edb9ae845eff575f4f52ea238088f308f44b4d4a0270656234bd21,bloodmnist_demo,1729,test,5,4,1.1205703832090563,0.0,-10000000000.0,0.0,-10000000000.0,0.0,-10000000000.0,0.0,-10000000000.0,1.0,0.0,0.0,-10000000000.0
bloodmnist:test:363,9ca1b4773376ec06a56b2e0fd021d45b6de3ba31f5676cfc42265b32705d9410,bloodmnist_demo,1729,test,4,4,1.1205703832090563,0.0,-10000000000.0,0.0,-10000000000.0,0.0,-10000000000.0,0.0,-10000000000.0,1.0,0.0,0.0,-10000000000.0
bloodmnist:test:364,f17315d128d67219dcdaf636d2669d329eb1b23adb377d47fb411e3089fbb069,bloodmnist_demo,1729,test,1,4,1.1205703832090563,0.0,-10000000000.0,0.0,-10000000000.0,0.0,-10000000000.0,0.0,-10000000000.0,1.0,0.0,0.0,-10000000000.0
bloodmnist:test:366,3fcbfaa82a3b3de23b7f77f26fb8b9448e07c8d0420f38c760421a4781e9fc19,bloodmnist_demo,1729,test,1,4,1.1205703832090563,0.0,-10000000000.0,0.0,-10000000000.0,0.0,-10000000000.0,0.0,-10000000000.0,1.0,0.0,0.0,-10000000000.0
bloodmnist:test:367,2740ebf00d087cf03b313d9cace8cbc6e2931f11b58922d2975085cae82f2e63,bloodmnist_demo,1729,test,3,4,1.1205703832090563,0.0,-10000000000.0,0.0,-10000000000.0,0.0,-10000000000.0,0.0,-10000000000.0,1.0,0.0,0.0,-10000000000.0
bloodmnist:test:368,3302392e17b46756d51c48eaf260f4c291f9bd480c0f9cbebc00c26a41a3a4a6,bloodmnist_demo,1729,test,2,4,1.1205703832090563,0.0,-10000000000.0,0.0,-10000000000.0,0.0,-10000000000.0,0.0,-10000000000.0,1.0,0.0,0.0,-10000000000.0
bloodmnist:test:370,a5287ae3a7e6324f8b81158b3e429c725454b0d04024a59cb8f0a5da8e432d6d,bloodmnist_demo,1729,test,5,4,1.1205703832090563,0.0,-10000000000.0,0.0,-10000000000.0,0.0,-10000000000.0,0.0,-10000000000.0,1.0,0.0,0.0,-10000000000.0
bloodmnist:test:371,24e5024135f7d8c555ce04e84da373d053e12f5e44e64d2163508745e2e8af02,bloodmnist_demo,1729,test,5,4,1.1205703832090563,0.0,-10000000000.0,0.0,-10000000000.0,0.0,-10000000000.0,0.0,-10000000000.0,1.0,0.0,0.0,-10000000000.0
bloodmnist:test:372,3c529e0bcc0373b83ca3942b40efed321058ff58c3461a7d4a2fdd08748325be,bloodmnist_demo,1729,test,3,4,1.1205703832090563,0.0,-10000000000.0,0.0,-10000000000.0,0.0,-10000000000.0,0.0,-10000000000.0,1.0,0.0,0.0,-10000000000.0
bloodmnist:test:373,f87e2c8318bee9061d66e46f3041c71574e0a8c610745da174f5e492fc927a0b,bloodmnist_demo,1729,test,1,4,1.1205703832090563,0.0,-10000000000.0,0.0,-10000000000.0,0.0,-10000000000.0,0.0,-10000000000.0,1.0,0.0,0.0,-10000000000.0
bloodmnist:test:374,a124933f135b8b258234e56c0b38c44c0146af5cf8ca560f13f38a0347216e96,bloodmnist_demo,1729,test,0,4,1.1205703832090563,0.0,-10000000000.0,0.0,-10000000000.0,0.0,-10000000000.0,0.0,-10000000000.0,1.0,0.0,0.0,-10000000000.0
bloodmnist:test:377,1c250b90822ce773bc0fea71770494e8863d110f42679b1a482dd403ef841d58,bloodmnist_demo,1729,test,3,4,1.1205703832090563,0.0,-10000000000.0,0.0,-10000000000.0,0.0,-10000000000.0,0.0,-10000000000.0,1.0,0.0,0.0,-10000000000.0
bloodmnist:test:378,c2cac4ca6c8c8c4a79a7240b28a11d858ad74c283be6c8a9e1a7a83195ebaa17,bloodmnist_demo,1729,test,5,4,1.1205703832090563,0.0,-10000000000.0,0.0,-10000000000.0,0.0,-10000000000.0,0.0,-10000000000.0,1.0,0.0,0.0,-10000000000.0
bloodmnist:test:380,c78d66be2fe975fa15eb03621cda3054871108e14111766f546d0bdabe297dc6,bloodmnist_demo,1729,test,4,4,1.1205703832090563,0.0,-10000000000.0,0.0,-10000000000.0,0.0,-10000000000.0,0.0,-10000000000.0,1.0,0.0,0.0,-10000000000.0
bloodmnist:test:382,55d79c160fc2511153e2cd262fe17db7446a4315110bb8c250eb03d7b32a4e37,bloodmnist_demo,1729,test,5,4,1.1205703832090563,0.0,-10000000000.0,0.0,-10000000000.0,0.0,-10000000000.0,0.0,-10000000000.0,1.0,0.0,0.0,-10000000000.0
bloodmnist:test:383,c24bcbf4d4551d6519cfbd3b714a14f5cab4e8c86274e9f4ea5360631c264d30,bloodmnist_demo,1729,test,1,4,1.1205703832090563,0.0,-10000000000.0,0.0,-10000000000.0,0.0,-10000000000.0,0.0,-10000000000.0,1.0,0.0,0.0,-10000000000.0
bloodmnist:test:384,693136292a812e85155a81fcc1d89569d36f70bf9a39d11c46da5a2c39fa9197,bloodmnist_demo,1729,test,0,4,1.1205703832090563,0.0,-10000000000.0,0.0,-10000000000.0,0.0,-10000000000.0,0.0,-10000000000.0,1.0,0.0,0.0,-10000000000.0
bloodmnist:test:386,cb7c7fb23267e700db6a3fdfe40a30e88913f1788d0ce1671d5d3436245a6d49,bloodmnist_demo,1729,test,2,4,1.1205703832090563,0.0,-10000000000.0,0.0,-10000000000.0,0.0,-10000000000.0,0.0,-10000000000.0,1.0,0.0,0.0,-10000000000.0
bloodmnist:test:387,44407e34640d8778a489473e0cae3e25a15fc01b0643f3015b7986be5c4629d9,bloodmnist_demo,1729,test,1,4,1.1205703832090563,0.0,-10000000000.0,0.0,-10000000000.0,0.0,-10000000000.0,0.0,-10000000000.0,1.0,0.0,0.0,-10000000000.0
bloodmnist:test:388,1b2cc56680fb76ed0905e869aa67620adec8610a92f231cc9776fcda0a3c2d97,bloodmnist_demo,1729,test,4,4,1.1205703832090563,0.0,-10000000000.0,0.0,-10000000000.0,0.0,-10000000000.0,0.0,-10000000000.0,1.0,0.0,0.0,-10000000000.0
bloodmnist:test:389,a191b3ae0b064c1461c393396a87f0b54fa6a0f19cfcb13678047fa1992d2a8b,bloodmnist_demo,1729,test,4,4,1.1205703832090563,0.0,-10000000000.0,0.0,-10000000000.0,0.0,-10000000000.0,0.0,-10000000000.0,1.0,0.0,0.0,-10000000000.0
bloodmnist:test:390,227b56508fd6e16695fe24cf30f02b510888808419439bf7944309b6892e0530,bloodmnist_demo,1729,test,5,4,1.1205703832090563,0.0,-10000000000.0,0.0,-10000000000.0,0.0,-10000000000.0,0.0,-10000000000.0,1.0,0.0,0.0,-10000000000.0
bloodmnist:test:391,4e118823fd728eb9bed2fc0035751833684fc0599a6c5db4733ced301a93a07d,bloodmnist_demo,1729,test,1,4,1.1205703832090563,0.0,-10000000000.0,0.0,-10000000000.0,0.0,-10000000000.0,0.0,-10000000000.0,1.0,0.0,0.0,-10000000000.0
bloodmnist:test:392,142ed3c4bf1d1b75407e09cefaaca2d7574ab6f11877f55dfadf2966f4f210fe,bloodmnist_demo,1729,test,2,4,1.1205703832090563,0.0,-10000000000.0,0.0,-10000000000.0,0.0,-10000000000.0,0.0,-10000000000.0,1.0,0.0,0.0,-10000000000.0
bloodmnist:test:393,37fc4db81890ab1d4d902e9471257e5df3fe3c62db5351db4a4b907300599b0f,bloodmnist_demo,1729,test,0,4,1.1205703832090563,0.0,-10000000000.0,0.0,-10000000000.0,0.0,-10000000000.0,0.0,-10000000000.0,1.0,0.0,0.0,-10000000000.0
bloodmnist:test:394,62e03de59a9664699b30a04e8e4095b2c112cff6bfe207abf1dd66b889334b46,bloodmnist_demo,1729,test,1,4,1.1205703832090563,0.0,-10000000000.0,0.0,-10000000000.0,0.0,-10000000000.0,0.0,-10000000000.0,1.0,0.0,0.0,-10000000000.0
bloodmnist:test:395,269f2c3aaa43a15c2544506c00ea1554bc1dfa8fc7c0b8ab6f36a0c96699bf2d,bloodmnist_demo,1729,test,3,4,1.1205703832090563,0.0,-10000000000.0,0.0,-10000000000.0,0.0,-10000000000.0,0.0,-10000000000.0,1.0,0.0,0.0,-10000000000.0
bloodmnist:test:396,0f3a025365f0ced3f16728cafa9eb0381adef7c906d44c3f4f3e5dc0932ce94c,bloodmnist_demo,1729,test,0,4,1.1205703832090563,0.0,-10000000000.0,0.0,-10000000000.0,0.0,-10000000000.0,0.0,-10000000000.0,1.0,0.0,0.0,-10000000000.0
bloodmnist:test:397,703063ec8e4ca62c3329ffdd9d6ebafa0d8ad7fd0eebf41b1927d1524fb6f06b,bloodmnist_demo,1729,test,5,4,1.1205703832090563,0.0,-10000000000.0,0.0,-10000000000.0,0.0,-10000000000.0,0.0,-10000000000.0,1.0,0.0,0.0,-10000000000.0
bloodmnist:test:398,0148085fef3b076d65d2decf6dfa2d0ecc0f9da910a01e24d7b19f414333b83e,bloodmnist_demo,1729,test,4,4,1.1205703832090563,0.0,-10000000000.0,0.0,-10000000000.0,0.0,-10000000000.0,0.0,-10000000000.0,1.0,0.0,0.0,-10000000000.0
bloodmnist:test:400,218feaab3c1c3dec573fa20cef178c599224cdda8968632a03675c81dc370bb5,bloodmnist_demo,1729,test,0,4,1.1205703832090563,0.0,-10000000000.0,0.0,-10000000000.0,0.0,-10000000000.0,0.0,-10000000000.0,1.0,0.0,0.0,-10000000000.0
bloodmnist:test:401,b9a01ba0c3d8b184fe84b371c82c3a42873ec80c369fcd8737a7dd9a474b6cd9,bloodmnist_demo,1729,test,1,4,1.1205703832090563,0.0,-10000000000.0,0.0,-10000000000.0,0.0,-10000000000.0,0.0,-10000000000.0,1.0,0.0,0.0,-10000000000.0
bloodmnist:test:402,7db35868fa33167e0a4c4f98fbddefde6aa85e06ceec2edb0d9c2a9fca320972,bloodmnist_demo,1729,test,4,4,1.1205703832090563,0.0,-10000000000.0,0.0,-10000000000.0,0.0,-10000000000.0,0.0,-10000000000.0,1.0,0.0,0.0,-10000000000.0
bloodmnist:test:403,1cfe9e4ddb8a732466ab1cbe38018f216b3ef7fab8e44d72016f2d86603de047,bloodmnist_demo,1729,test,4,4,1.1205703832090563,0.0,-10000000000.0,0.0,-10000000000.0,0.0,-10000000000.0,0.0,-10000000000.0,1.0,0.0,0.0,-10000000000.0
bloodmnist:test:404,3c7bf80f39e25ad51e269dacb136da1dc52e19930e6c30b84271bfe7a3c25985,bloodmnist_demo,1729,test,4,4,1.1205703832090563,0.0,-10000000000.0,0.0,-10000000000.0,0.0,-10000000000.0,0.0,-10000000000.0,1.0,0.0,0.0,-10000000000.0
bloodmnist:test:405,73e3548df3c18e25a5c60fe12020a3287f82337bd982dc9c0d7b13e9f03cd3cc,bloodmnist_demo,1729,test,4,4,1.1205703832090563,0.0,-10000000000.0,0.0,-10000000000.0,0.0,-10000000000.0,0.0,-10000000000.0,1.0,0.0,0.0,-10000000000.0
bloodmnist:test:406,3da5fe555f5bb54c9b76350eac7d5afcbd284f5a0eb7cfd28e4f92092fb9d7d3,bloodmnist_demo,1729,test,4,4,1.1205703832090563,0.0,-10000000000.0,0.0,-10000000000.0,0.0,-10000000000.0,0.0,-10000000000.0,1.0,0.0,0.0,-10000000000.0
bloodmnist:test:407,2a8b03328c624489b248a3f1452b9a2440c49e0b929771c4f247de577c6b6c7a,bloodmnist_demo,1729,test,1,4,1.1205703832090563,0.0,-10000000000.0,0.0,-10000000000.0,0.0,-10000000000.0,0.0,-10000000000.0,1.0,0.0,0.0,-10000000000.0
bloodmnist:test:409,af2078a7451c7960f9da0d5d3deeaa2045088909b9473a22329f2fe44a0e4578,bloodmnist_demo,1729,test,4,4,1.1205703832090563,0.0,-10000000000.0,0.0,-10000000000.0,0.0,-10000000000.0,0.0,-10000000000.0,1.0,0.0,0.0,-10000000000.0
bloodmnist:test:410,09a951a5c439efecd1dfe745b50fbd2e20fd8c55b8647bb642e6d5e809376d09,bloodmnist_demo,1729,test,4,4,1.1205703832090563,0.0,-10000000000.0,0.0,-10000000000.0,0.0,-10000000000.0,0.0,-10000000000.0,1.0,0.0,0.0,-10000000000.0
bloodmnist:test:411,10576786c18788572ea93904a185dff667cfda10a6e79e27d812c8e18edb1523,bloodmnist_demo,1729,test,4,4,1.1205703832090563,0.0,-10000000000.0,0.0,-10000000000.0,0.0,-10000000000.0,0.0,-10000000000.0,1.0,0.0,0.0,-10000000000.0
bloodmnist:test:415,a0836cf086494dfe16d18581688f6f5b99afd775590074ba182b65237e524bce,bloodmnist_demo,1729,test,4,4,1.1205703832090563,0.0,-10000000000.0,0.0,-10000000000.0,0.0,-10000000000.0,0.0,-10000000000.0,1.0,0.0,0.0,-10000000000.0
bloodmnist:test:416,b5ad661d94cf9ad55206f320ce5c9b6f0f3f06f582ee6695322f57d419d87ad7,bloodmnist_demo,1729,test,1,4,1.1205703832090563,0.0,-10000000000.0,0.0,-10000000000.0,0.0,-10000000000.0,0.0,-10000000000.0,1.0,0.0,0.0,-10000000000.0
bloodmnist:test:418,c3eaeee7f1e058f48c2e21171726309f23df15b922ec32eb682200e14c7e34b5,bloodmnist_demo,1729,test,3,4,1.1205703832090563,0.0,-10000000000.0,0.0,-10000000000.0,0.0,-10000000000.0,0.0,-10000000000.0,1.0,0.0,0.0,-10000000000.0
bloodmnist:test:419,e7a7ca432900d8fc9c79a68c8f3c37aaa05ff5b076e02690053e1ab25cff2dfc,bloodmnist_demo,1729,test,0,4,1.1205703832090563,0.0,-10000000000.0,0.0,-10000000000.0,0.0,-10000000000.0,0.0,-10000000000.0,1.0,0.0,0.0,-10000000000.0
bloodmnist:test:420,f4851f92b646d457b6074e15bae78335bb579f63c6bd1d99c645d980608f3a82,bloodmnist_demo,1729,test,0,4,1.1205703832090563,0.0,-10000000000.0,0.0,-10000000000.0,0.0,-10000000000.0,0.0,-10000000000.0,1.0,0.0,0.0,-10000000000.0
bloodmnist:test:422,d8957cc4981750f0b6d32f9a5723e1cb504a16a07e0dea14632f58895b4cf6c0,bloodmnist_demo,1729,test,5,4,1.1205703832090563,0.0,-10000000000.0,0.0,-10000000000.0,0.0,-10000000000.0,0.0,-10000000000.0,1.0,0.0,0.0,-10000000000.0
bloodmnist:test:423,7129df754d10508632a119f0496b51a67bb7d130d759345e259690e031848325,bloodmnist_demo,1729,test,4,4,1.1205703832090563,0.0,-10000000000.0,0.0,-10000000000.0,0.0,-10000000000.0,0.0,-10000000000.0,1.0,0.0,0.0,-10000000000.0
bloodmnist:test:424,dc7e6f2b138e8504db57329c0679ac2c4b02913bab4c6ddf07ad387ff0e222d2,bloodmnist_demo,1729,test,0,4,1.1205703832090563,0.0,-10000000000.0,0.0,-10000000000.0,0.0,-10000000000.0,0.0,-10000000000.0,1.0,0.0,0.0,-10000000000.0
bloodmnist:test:426,fd500562c7abe3aaa6600263324a97423c632e6fefc14db276f3746e3b201510,bloodmnist_demo,1729,test,5,4,1.1205703832090563,0.0,-10000000000.0,0.0,-10000000000.0,0.0,-10000000000.0,0.0,-10000000000.0,1.0,0.0,0.0,-10000000000.0
bloodmnist:test:427,ad44f62d716cb8db0bedd5606ecaf86eaf906a288cfa9462882f23a1f13ad520,bloodmnist_demo,1729,test,1,4,1.1205703832090563,0.0,-10000000000.0,0.0,-10000000000.0,0.0,-10000000000.0,0.0,-10000000000.0,1.0,0.0,0.0,-10000000000.0
bloodmnist:test:428,273965673dcf48049027b30ce173c68ec1cc24b19db3ad31867a6932bb77084b,bloodmnist_demo,1729,test,5,4,1.1205703832090563,0.0,-10000000000.0,0.0,-10000000000.0,0.0,-10000000000.0,0.0,-10000000000.0,1.0,0.0,0.0,-10000000000.0
bloodmnist:test:429,b609ddd919c2c22d9ab1ff4d1dd9359dd739c529de7fd4c52c15580fb24d4b25,bloodmnist_demo,1729,test,5,4,1.1205703832090563,0.0,-10000000000.0,0.0,-10000000000.0,0.0,-10000000000.0,0.0,-10000000000.0,1.0,0.0,0.0,-10000000000.0
bloodmnist:test:430,8bd34ea4f59fa3a9aa938e34a8f03849ee506c5ddd1ef98b1be0ee017e78f9fc,bloodmnist_demo,1729,test,0,4,1.1205703832090563,0.0,-10000000000.0,0.0,-10000000000.0,0.0,-10000000000.0,0.0,-10000000000.0,1.0,0.0,0.0,-10000000000.0
bloodmnist:test:431,f0f0e998b46bc91fd4117f16b4a3647a6dc1aa798bbe3e880f7355b8dc30b366,bloodmnist_demo,1729,test,5,4,1.1205703832090563,0.0,-10000000000.0,0.0,-10000000000.0,0.0,-10000000000.0,0.0,-10000000000.0,1.0,0.0,0.0,-10000000000.0
bloodmnist:test:432,6573aca6311946ed2e9b65896920ea11bf24d958c23894baef0827ca98db2728,bloodmnist_demo,1729,test,3,4,1.1205703832090563,0.0,-10000000000.0,0.0,-10000000000.0,0.0,-10000000000.0,0.0,-10000000000.0,1.0,0.0,0.0,-10000000000.0
bloodmnist:test:433,cd47b3dda921015b423a79649a98e129ed8681d3c37870c85a2c52cb13625937,bloodmnist_demo,1729,test,0,4,1.1205703832090563,0.0,-10000000000.0,0.0,-10000000000.0,0.0,-10000000000.0,0.0,-10000000000.0,1.0,0.0,0.0,-10000000000.0
bloodmnist:test:434,fe28586a6f1b650c75d280578dfb016ee22428311fd17324df943828aee0763f,bloodmnist_demo,1729,test,1,4,1.1205703832090563,0.0,-10000000000.0,0.0,-10000000000.0,0.0,-10000000000.0,0.0,-10000000000.0,1.0,0.0,0.0,-10000000000.0
bloodmnist:test:437,887adcc7be720213ef58d011968c296862b87f9677214363cba0d14c142ef078,bloodmnist_demo,1729,test,4,4,1.1205703832090563,0.0,-10000000000.0,0.0,-10000000000.0,0.0,-10000000000.0,0.0,-10000000000.0,1.0,0.0,0.0,-10000000000.0
bloodmnist:test:438,2536f895c88a2bad1c077cfa24edd01ada6c073356757a3fc03aaacab53248a6,bloodmnist_demo,1729,test,2,4,1.1205703832090563,0.0,-10000000000.0,0.0,-10000000000.0,0.0,-10000000000.0,0.0,-10000000000.0,1.0,0.0,0.0,-10000000000.0
bloodmnist:test:439,ab504fd63ed7efbb466aa084c2ddfb5a2d21801567a95f1c27ae33c9b4080dfd,bloodmnist_demo,1729,test,5,4,1.1205703832090563,0.0,-10000000000.0,0.0,-10000000000.0,0.0,-10000000000.0,0.0,-10000000000.0,1.0,0.0,0.0,-10000000000.0
bloodmnist:test:440,4dd21df59dc709da25c9587ebe2bb1dbfd8145f4fbdb2a2258bb5e863cd565cd,bloodmnist_demo,1729,test,1,4,1.1205703832090563,0.0,-10000000000.0,0.0,-10000000000.0,0.0,-10000000000.0,0.0,-10000000000.0,1.0,0.0,0.0,-10000000000.0
bloodmnist:test:441,05c3b9d59277876b359224f1937acf313352fda031cc414f1c5f3cd985fef8f4,bloodmnist_demo,1729,test,0,4,1.1205703832090563,0.0,-10000000000.0,0.0,-10000000000.0,0.0,-10000000000.0,0.0,-10000000000.0,1.0,0.0,0.0,-10000000000.0
bloodmnist:test:442,29760fb0e2f53dcd7c2bf4d84c77210b78fff0fbecb7f2f50b4d55f301f93c7b,bloodmnist_demo,1729,test,5,4,1.1205703832090563,0.0,-10000000000.0,0.0,-10000000000.0,0.0,-10000000000.0,0.0,-10000000000.0,1.0,0.0,0.0,-10000000000.0
bloodmnist:test:444,58abefca529a4d991ddcc108c7f749c4a03be9527bddb78b27285f5576837abe,bloodmnist_demo,1729,test,1,4,1.1205703832090563,0.0,-10000000000.0,0.0,-10000000000.0,0.0,-10000000000.0,0.0,-10000000000.0,1.0,0.0,0.0,-10000000000.0
bloodmnist:test:445,ca81cb8d7bff861cd019b32d040adffde4b2bfac601d6c110f0ac269c4e8d530,bloodmnist_demo,1729,test,2,4,1.1205703832090563,0.0,-10000000000.0,0.0,-10000000000.0,0.0,-10000000000.0,0.0,-10000000000.0,1.0,0.0,0.0,-10000000000.0
bloodmnist:test:446,33e5a4870070c0d93e982157b1ff9749b95a60f6e8d2fefa58693e2c8c7c95c8,bloodmnist_demo,1729,test,4,4,1.1205703832090563,0.0,-10000000000.0,0.0,-10000000000.0,0.0,-10000000000.0,0.0,-10000000000.0,1.0,0.0,0.0,-10000000000.0
bloodmnist:test:449,2d84f9cc0c12e712dbf5c3a8fb7b45dd3eac07b2a262e999a08fb1888097a2e4,bloodmnist_demo,1729,test,3,4,1.1205703832090563,0.0,-10000000000.0,0.0,-10000000000.0,0.0,-10000000000.0,0.0,-10000000000.0,1.0,0.0,0.0,-10000000000.0
bloodmnist:test:450,05264f1ec15e95e5331d9a3353d9138b6317c48f36bc39b62d0f4387239789a3,bloodmnist_demo,1729,test,1,4,1.1205703832090563,0.0,-10000000000.0,0.0,-10000000000.0,0.0,-10000000000.0,0.0,-10000000000.0,1.0,0.0,0.0,-10000000000.0
bloodmnist:test:451,dcc8942a0747b4a09e0703ee1807370d9409b5edae6a2ae1cb3ba0d0d07d0c5d,bloodmnist_demo,1729,test,5,4,1.1205703832090563,0.0,-10000000000.0,0.0,-10000000000.0,0.0,-10000000000.0,0.0,-10000000000.0,1.0,0.0,0.0,-10000000000.0
bloodmnist:test:453,3e023d9fb967e563ad4d067e7c462b3068926870efa5e0a0f84e4e35181ed40f,bloodmnist_demo,1729,test,2,4,1.1205703832090563,0.0,-10000000000.0,0.0,-10000000000.0,0.0,-10000000000.0,0.0,-10000000000.0,1.0,0.0,0.0,-10000000000.0
bloodmnist:test:454,e54d4bf488dcf6c063a1658c4b011bb54a4200349ff505e976d4e3d433cb1b31,bloodmnist_demo,1729,test,3,4,1.1205703832090563,0.0,-10000000000.0,0.0,-10000000000.0,0.0,-10000000000.0,0.0,-10000000000.0,1.0,0.0,0.0,-10000000000.0
bloodmnist:test:455,4250cf21feceef80f9566bcf1929f4b88fd0aa7842d378787cd7f31b20c06ada,bloodmnist_demo,1729,test,4,4,1.1205703832090563,0.0,-10000000000.0,0.0,-10000000000.0,0.0,-10000000000.0,0.0,-10000000000.0,1.0,0.0,0.0,-10000000000.0
bloodmnist:test:458,d85827d7b3050921327b57d6ad63115ba913738489ccc7e7adb02d3e86055232,bloodmnist_demo,1729,test,4,4,1.1205703832090563,0.0,-10000000000.0,0.0,-10000000000.0,0.0,-10000000000.0,0.0,-10000000000.0,1.0,0.0,0.0,-10000000000.0
bloodmnist:test:460,12336e246be13ed05f492a76a3a2dcb27968f34a3ffd8dbfd90958a951cf8c00,bloodmnist_demo,1729,test,2,4,1.1205703832090563,0.0,-10000000000.0,0.0,-10000000000.0,0.0,-10000000000.0,0.0,-10000000000.0,1.0,0.0,0.0,-10000000000.0
bloodmnist:test:461,caa062b5fda538cac3c1936a56dc49a673bd49ae1b740738b92e8a3c11954b99,bloodmnist_demo,1729,test,5,4,1.1205703832090563,0.0,-10000000000.0,0.0,-10000000000.0,0.0,-10000000000.0,0.0,-10000000000.0,1.0,0.0,0.0,-10000000000.0
bloodmnist:test:462,3ba371890b0ad0ffff530bd8b09355f500965bf96bef033afccc2dc8b15504e3,bloodmnist_demo,1729,test,3,4,1.1205703832090563,0.0,-10000000000.0,0.0,-10000000000.0,0.0,-10000000000.0,0.0,-10000000000.0,1.0,0.0,0.0,-10000000000.0
bloodmnist:test:464,f06cacdfdbc0091ab5ad2b4c5a1adb522c1930d9f52b23b6709f1180e992a987,bloodmnist_demo,1729,test,1,4,1.1205703832090563,0.0,-10000000000.0,0.0,-10000000000.0,0.0,-10000000000.0,0.0,-10000000000.0,1.0,0.0,0.0,-10000000000.0
bloodmnist:test:465,47c2eeba2baa56c68c2337362bb793fbcd163928c7267378b25b6622c740b5c1,bloodmnist_demo,1729,test,4,4,1.1205703832090563,0.0,-10000000000.0,0.0,-10000000000.0,0.0,-10000000000.0,0.0,-10000000000.0,1.0,0.0,0.0,-10000000000.0
bloodmnist:test:466,95dec4d716fa5bc125c5ea3ac4a59a348444da83c4f36cc00d586372fce116cf,bloodmnist_demo,1729,test,4,4,1.1205703832090563,0.0,-10000000000.0,0.0,-10000000000.0,0.0,-10000000000.0,0.0,-10000000000.0,1.0,0.0,0.0,-10000000000.0
bloodmnist:test:468,c29726fbd1cb1b31a9019f7aca85dcae8c1334728c13fc626344e03bc68dfcd7,bloodmnist_demo,1729,test,1,4,1.1205703832090563,0.0,-10000000000.0,0.0,-10000000000.0,0.0,-10000000000.0,0.0,-10000000000.0,1.0,0.0,0.0,-10000000000.0
bloodmnist:test:470,89b24345e292e514a4b17ad2293b38d33a9d65b101ee4aafcf8e37712ef52777,bloodmnist_demo,1729,test,1,4,1.1205703832090563,0.0,-10000000000.0,0.0,-10000000000.0,0.0,-10000000000.0,0.0,-10000000000.0,1.0,0.0,0.0,-10000000000.0
bloodmnist:test:471,8e47d1be570468025f59f657cc33b754adfb31fd32fd0814d26cc25ab6643b99,bloodmnist_demo,1729,test,5,4,1.1205703832090563,0.0,-10000000000.0,0.0,-10000000000.0,0.0,-10000000000.0,0.0,-10000000000.0,1.0,0.0,0.0,-10000000000.0
bloodmnist:test:472,ed0fffebf42ef5ac32cb84a4d50a36447e41fd776d96b9f3bbea732c3d8254d4,bloodmnist_demo,1729,test,0,4,1.1205703832090563,0.0,-10000000000.0,0.0,-10000000000.0,0.0,-10000000000.0,0.0,-10000000000.0,1.0,0.0,0.0,-10000000000.0
bloodmnist:test:475,43bdc04fb632c3d21d0cf94481a1189d1f3de00ef0823891a78bc2d169032fe5,bloodmnist_demo,1729,test,2,4,1.1205703832090563,0.0,-10000000000.0,0.0,-10000000000.0,0.0,-10000000000.0,0.0,-10000000000.0,1.0,0.0,0.0,-10000000000.0
bloodmnist:test:476,254e24751c2a47a737f866301b7a2298270a94855c456b4370e1ccf8473ca805,bloodmnist_demo,1729,test,4,4,1.1205703832090563,0.0,-10000000000.0,0.0,-10000000000.0,0.0,-10000000000.0,0.0,-10000000000.0,1.0,0.0,0.0,-10000000000.0
bloodmnist:test:477,8f1e38813ffca86d06de7c8afe41cf69210a34962a6a4b5910f66fa8d695a9c0,bloodmnist_demo,1729,test,1,4,1.1205703832090563,0.0,-10000000000.0,0.0,-10000000000.0,0.0,-10000000000.0,0.0,-10000000000.0,1.0,0.0,0.0,-10000000000.0
bloodmnist:test:478,e887805457714384bd38132e035c81985f5199c725a4172f013ac3efd73bdc34,bloodmnist_demo,1729,test,2,4,1.1205703832090563,0.0,-10000000000.0,0.0,-10000000000.0,0.0,-10000000000.0,0.0,-10000000000.0,1.0,0.0,0.0,-10000000000.0
bloodmnist:test:480,ab5c6514b34e9f6f62e9ede087a946be2c0fddc063c9751d6b0a6d51ee10fb30,bloodmnist_demo,1729,test,3,4,1.1205703832090563,0.0,-10000000000.0,0.0,-10000000000.0,0.0,-10000000000.0,0.0,-10000000000.0,1.0,0.0,0.0,-10000000000.0
bloodmnist:test:481,3cba760d183ce2c0f51b9259f9a5e1664eed965e556d3f030e9e37343e903bc1,bloodmnist_demo,1729,test,2,4,1.1205703832090563,0.0,-10000000000.0,0.0,-10000000000.0,0.0,-10000000000.0,0.0,-10000000000.0,1.0,0.0,0.0,-10000000000.0
bloodmnist:test:482,eeff463afa3178edae954d9e065df80d1406ef2afcee31b157c83ac2fd90a7c8,bloodmnist_demo,1729,test,2,4,1.1205703832090563,0.0,-10000000000.0,0.0,-10000000000.0,0.0,-10000000000.0,0.0,-10000000000.0,1.0,0.0,0.0,-10000000000.0
bloodmnist:test:486,0cafd1742c255beb3645607449bbe05e101824ea705a50afea45de24ec224d0d,bloodmnist_demo,1729,test,1,4,1.1205703832090563,0.0,-10000000000.0,0.0,-10000000000.0,0.0,-10000000000.0,0.0,-10000000000.0,1.0,0.0,0.0,-10000000000.0
bloodmnist:test:487,8c3756213a48ad5491adbbf480ed632b78eb2fd08e1e0692fe6067bb6c9a691e,bloodmnist_demo,1729,test,5,4,1.1205703832090563,0.0,-10000000000.0,0.0,-10000000000.0,0.0,-10000000000.0,0.0,-10000000000.0,1.0,0.0,0.0,-10000000000.0
bloodmnist:test:488,ffee17aca676886b7ad152cd5ba8743449e59a92ab4c568f018f01609a288923,bloodmnist_demo,1729,test,1,4,1.1205703832090563,0.0,-10000000000.0,0.0,-10000000000.0,0.0,-10000000000.0,0.0,-10000000000.0,1.0,0.0,0.0,-10000000000.0
bloodmnist:test:489,08ef9c35b7e19a3c6ab678ff64ad8f0f84a275c7b58d6efbdbf7a9bfd5558727,bloodmnist_demo,1729,test,1,4,1.1205703832090563,0.0,-10000000000.0,0.0,-10000000000.0,0.0,-10000000000.0,0.0,-10000000000.0,1.0,0.0,0.0,-10000000000.0
bloodmnist:test:490,0559584af750b86248069da108a3eb57a130d1a39d9cb4154f8adafa01e29739,bloodmnist_demo,1729,test,1,4,1.1205703832090563,0.0,-10000000000.0,0.0,-10000000000.0,0.0,-10000000000.0,0.0,-10000000000.0,1.0,0.0,0.0,-10000000000.0
bloodmnist:test:492,3d38b3851dd29be3be7958237274f08fff542322d2a348b05294b33f8873131e,bloodmnist_demo,1729,test,4,4,1.1205703832090563,0.0,-10000000000.0,0.0,-10000000000.0,0.0,-10000000000.0,0.0,-10000000000.0,1.0,0.0,0.0,-10000000000.0
bloodmnist:test:493,0395210270a50ea2ec7ffc6d79f83476037b751151376cae6564f51bc1733d21,bloodmnist_demo,1729,test,5,4,1.1205703832090563,0.0,-10000000000.0,0.0,-10000000000.0,0.0,-10000000000.0,0.0,-10000000000.0,1.0,0.0,0.0,-10000000000.0
bloodmnist:test:494,8192f9c7a8746f3cdb4acc69cf26ebbaeddabedba6ba7c01761a752d83c0e8e3,bloodmnist_demo,1729,test,4,4,1.1205703832090563,0.0,-10000000000.0,0.0,-10000000000.0,0.0,-10000000000.0,0.0,-10000000000.0,1.0,0.0,0.0,-10000000000.0
bloodmnist:test:495,ad53f037675fa47c528cc596cab148ad9e601a32d08a711c30872aa715a60fa5,bloodmnist_demo,1729,test,3,4,1.1205703832090563,0.0,-10000000000.0,0.0,-10000000000.0,0.0,-10000000000.0,0.0,-10000000000.0,1.0,0.0,0.0,-10000000000.0
bloodmnist:test:496,4c76fca42c0fdb7edafc076fe7f69d78fbbdfa451a958a0be40720c6657f0f61,bloodmnist_demo,1729,test,5,4,1.1205703832090563,0.0,-10000000000.0,0.0,-10000000000.0,0.0,-10000000000.0,0.0,-10000000000.0,1.0,0.0,0.0,-10000000000.0
bloodmnist:test:497,8d28159c91a79bbe8d287693d1ef7fb8a1d5c89f2fc784d42cd99591819ff56e,bloodmnist_demo,1729,test,3,4,1.1205703832090563,0.0,-10000000000.0,0.0,-10000000000.0,0.0,-10000000000.0,0.0,-10000000000.0,1.0,0.0,0.0,-10000000000.0
bloodmnist:test:498,3932c0e9a6d04dc467244c1ed08ab582012e4207ceea99d7620cadaadf439b55,bloodmnist_demo,1729,test,4,4,1.1205703832090563,0.0,-10000000000.0,0.0,-10000000000.0,0.0,-10000000000.0,0.0,-10000000000.0,1.0,0.0,0.0,-10000000000.0
bloodmnist:test:499,56db2739207d8862e135506fd50276f571761f9044f3b2eccf3ba7fe3c8ad5d3,bloodmnist_demo,1729,test,4,4,1.1205703832090563,0.0,-10000000000.0,0.0,-10000000000.0,0.0,-10000000000.0,0.0,-10000000000.0,1.0,0.0,0.0,-10000000000.0
bloodmnist:test:500,649ea1a73368fadce7a7faeadfda1da832d270d1ca984c1c147fb67e889e4649,bloodmnist_demo,1729,test,3,4,1.1205703832090563,0.0,-10000000000.0,0.0,-10000000000.0,0.0,-10000000000.0,0.0,-10000000000.0,1.0,0.0,0.0,-10000000000.0
bloodmnist:test:501,e20a418a8455ba04a3e1a26f955e5b887dec1809fd0297c2a12f1453e5246e5a,bloodmnist_demo,1729,test,5,4,1.1205703832090563,0.0,-10000000000.0,0.0,-10000000000.0,0.0,-10000000000.0,0.0,-10000000000.0,1.0,0.0,0.0,-10000000000.0
bloodmnist:test:502,1ca8ea8f34c32060a22998b0ec665bf23b2f1999c71acb1c8ff1700a1da3b048,bloodmnist_demo,1729,test,5,4,1.1205703832090563,0.0,-10000000000.0,0.0,-10000000000.0,0.0,-10000000000.0,0.0,-10000000000.0,1.0,0.0,0.0,-10000000000.0
bloodmnist:test:503,bf8fd79d2326db504ba5d8f8af8c62dcd610dee4037f2eb9661f24eaecd74b60,bloodmnist_demo,1729,test,4,4,1.1205703832090563,0.0,-10000000000.0,0.0,-10000000000.0,0.0,-10000000000.0,0.0,-10000000000.0,1.0,0.0,0.0,-10000000000.0
bloodmnist:test:505,67a5f1d68f2d034b189420571ab529651b49927a97140e1ddce724fe37d791f9,bloodmnist_demo,1729,test,4,4,1.1205703832090563,0.0,-10000000000.0,0.0,-10000000000.0,0.0,-10000000000.0,0.0,-10000000000.0,1.0,0.0,0.0,-10000000000.0
bloodmnist:test:507,cb819e2ee757b664de6c594d0a1984c4832bf1e3c49b52f6cc2d3ef7d037e9eb,bloodmnist_demo,1729,test,1,4,1.1205703832090563,0.0,-10000000000.0,0.0,-10000000000.0,0.0,-10000000000.0,0.0,-10000000000.0,1.0,0.0,0.0,-10000000000.0
bloodmnist:test:508,d8d8e00ee13020210e2a25e33042c536d042dc3973ed9fc16df7c43b56f52dda,bloodmnist_demo,1729,test,5,4,1.1205703832090563,0.0,-10000000000.0,0.0,-10000000000.0,0.0,-10000000000.0,0.0,-10000000000.0,1.0,0.0,0.0,-10000000000.0
bloodmnist:test:509,09ce1c4ac278821f142be3f637625a1fd54fd37baaa2efc76d75fbc1c5148101,bloodmnist_demo,1729,test,0,4,1.1205703832090563,0.0,-10000000000.0,0.0,-10000000000.0,0.0,-10000000000.0,0.0,-10000000000.0,1.0,0.0,0.0,-10000000000.0
bloodmnist:test:512,fcc227fe22ce45fd145f49fbc4fe1d3621b6b47f961756defd0c7152d7d1ce48,bloodmnist_demo,1729,test,5,4,1.1205703832090563,0.0,-10000000000.0,0.0,-10000000000.0,0.0,-10000000000.0,0.0,-10000000000.0,1.0,0.0,0.0,-10000000000.0
bloodmnist:test:513,5595ae97e25512bb58898b073fc65f2fa4fee7b251cef4247b0210a2836faf37,bloodmnist_demo,1729,test,4,4,1.1205703832090563,0.0,-10000000000.0,0.0,-10000000000.0,0.0,-10000000000.0,0.0,-10000000000.0,1.0,0.0,0.0,-10000000000.0
bloodmnist:test:514,689836dc27513e5ea2aa62ad7e82855509da69c149c4d950ed888e4877a19223,bloodmnist_demo,1729,test,1,4,1.1205703832090563,0.0,-10000000000.0,0.0,-10000000000.0,0.0,-10000000000.0,0.0,-10000000000.0,1.0,0.0,0.0,-10000000000.0
bloodmnist:test:517,5e179f570d2ac06641af97539f9c76cd08ee24b5b6280546e9b5529f17622d59,bloodmnist_demo,1729,test,0,4,1.1205703832090563,0.0,-10000000000.0,0.0,-10000000000.0,0.0,-10000000000.0,0.0,-10000000000.0,1.0,0.0,0.0,-10000000000.0
bloodmnist:test:518,3d45cbee4059494a178853eb78f29d4b17fe2df9373cbf7a6e1ff335ebf920a7,bloodmnist_demo,1729,test,5,4,1.1205703832090563,0.0,-10000000000.0,0.0,-10000000000.0,0.0,-10000000000.0,0.0,-10000000000.0,1.0,0.0,0.0,-10000000000.0
bloodmnist:test:519,0be4d63ada4d9d56e62ba1deff05684d6af35782e9ea1778a161ecc1f0981a00,bloodmnist_demo,1729,test,3,4,1.1205703832090563,0.0,-10000000000.0,0.0,-10000000000.0,0.0,-10000000000.0,0.0,-10000000000.0,1.0,0.0,0.0,-10000000000.0
bloodmnist:test:520,5187c9304816cbcc97f54c7139e032d6030ad25d33b11f59c32288cdd4fb569b,bloodmnist_demo,1729,test,1,4,1.1205703832090563,0.0,-10000000000.0,0.0,-10000000000.0,0.0,-10000000000.0,0.0,-10000000000.0,1.0,0.0,0.0,-10000000000.0
bloodmnist:test:522,0ff759390537a56f69a94e38eb9e174b3dd44617898f20f46f7c60d58c05c565,bloodmnist_demo,1729,test,1,4,1.1205703832090563,0.0,-10000000000.0,0.0,-10000000000.0,0.0,-10000000000.0,0.0,-10000000000.0,1.0,0.0,0.0,-10000000000.0
bloodmnist:test:524,6fd5c7a80066f9ed2fb5913d0ca582a548a93fb217a41f9327479f79272f4924,bloodmnist_demo,1729,test,4,4,1.1205703832090563,0.0,-10000000000.0,0.0,-10000000000.0,0.0,-10000000000.0,0.0,-10000000000.0,1.0,0.0,0.0,-10000000000.0
bloodmnist:test:525,f98772251bc9b9c2a9110041f807c243c39705834228bbd8549aef1a2cd02646,bloodmnist_demo,1729,test,4,4,1.1205703832090563,0.0,-10000000000.0,0.0,-10000000000.0,0.0,-10000000000.0,0.0,-10000000000.0,1.0,0.0,0.0,-10000000000.0
bloodmnist:test:528,f829656d8399aba8e907c35d63953dc68d41dbbf3d68f4c001f1c4b0e8984e30,bloodmnist_demo,1729,test,5,4,1.1205703832090563,0.0,-10000000000.0,0.0,-10000000000.0,0.0,-10000000000.0,0.0,-10000000000.0,1.0,0.0,0.0,-10000000000.0
bloodmnist:test:529,0912b2ab86cb7439576a39b5c3399b7b1bff29ecebb738557b74259e545979e8,bloodmnist_demo,1729,test,0,4,1.1205703832090563,0.0,-10000000000.0,0.0,-10000000000.0,0.0,-10000000000.0,0.0,-10000000000.0,1.0,0.0,0.0,-10000000000.0
bloodmnist:test:530,4c3c5eb876ddcf0fad3b19baa7187dbffe0349b425656bba61cd9d790461d622,bloodmnist_demo,1729,test,5,4,1.1205703832090563,0.0,-10000000000.0,0.0,-10000000000.0,0.0,-10000000000.0,0.0,-10000000000.0,1.0,0.0,0.0,-10000000000.0
bloodmnist:test:531,c9ab606d42c7dc298b92c3a45d012b78fdc4cb16ec4c9396987e9df629d6dbc4,bloodmnist_demo,1729,test,3,4,1.1205703832090563,0.0,-10000000000.0,0.0,-10000000000.0,0.0,-10000000000.0,0.0,-10000000000.0,1.0,0.0,0.0,-10000000000.0
bloodmnist:test:532,a30d8518a1a1dc4f3734c1b9cbe35e5887c50168feb322c73c088745da7b6e7e,bloodmnist_demo,1729,test,4,4,1.1205703832090563,0.0,-10000000000.0,0.0,-10000000000.0,0.0,-10000000000.0,0.0,-10000000000.0,1.0,0.0,0.0,-10000000000.0
bloodmnist:test:533,1bbd1b3349e8ae1cd7786cb6b4bb24337f92faeca9efc206103003fbb5dff8f9,bloodmnist_demo,1729,test,3,4,1.1205703832090563,0.0,-10000000000.0,0.0,-10000000000.0,0.0,-10000000000.0,0.0,-10000000000.0,1.0,0.0,0.0,-10000000000.0
bloodmnist:test:534,d84e3e9fa1081c12104467e3d18ebcb320e0399d1bd6fa80ff5d7343e9ff0907,bloodmnist_demo,1729,test,5,4,1.1205703832090563,0.0,-10000000000.0,0.0,-10000000000.0,0.0,-10000000000.0,0.0,-10000000000.0,1.0,0.0,0.0,-10000000000.0
bloodmnist:test:535,96ee5ea81d3667a7b77a7a400529b1874529786ebfb40661d8bcff67b33f2cdb,bloodmnist_demo,1729,test,5,4,1.1205703832090563,0.0,-10000000000.0,0.0,-10000000000.0,0.0,-10000000000.0,0.0,-10000000000.0,1.0,0.0,0.0,-10000000000.0
bloodmnist:test:536,b40821dccd154b3ae8032d73af89e94ea1dd30c838478e41311bf6e9c3bce906,bloodmnist_demo,1729,test,5,4,1.1205703832090563,0.0,-10000000000.0,0.0,-10000000000.0,0.0,-10000000000.0,0.0,-10000000000.0,1.0,0.0,0.0,-10000000000.0
bloodmnist:test:537,762dc6cfd4beb8bab0166e61b38ab5500347424e80f233f78945df08cc45778e,bloodmnist_demo,1729,test,1,4,1.1205703832090563,0.0,-10000000000.0,0.0,-10000000000.0,0.0,-10000000000.0,0.0,-10000000000.0,1.0,0.0,0.0,-10000000000.0
bloodmnist:test:538,3d5bba4d928a155f48a85170689081457e7672c387a8a88e145acc007a4a22fa,bloodmnist_demo,1729,test,1,4,1.1205703832090563,0.0,-10000000000.0,0.0,-10000000000.0,0.0,-10000000000.0,0.0,-10000000000.0,1.0,0.0,0.0,-10000000000.0
bloodmnist:test:539,c31aa02501ee917af5dec20cc06895c8e36c4cda44ea7f509601a85d7f9abb5f,bloodmnist_demo,1729,test,3,4,1.1205703832090563,0.0,-10000000000.0,0.0,-10000000000.0,0.0,-10000000000.0,0.0,-10000000000.0,1.0,0.0,0.0,-10000000000.0
bloodmnist:test:540,6f88a5067c6dffdc6fa0c5218d14457c10154afd28112933e545a84eef32148f,bloodmnist_demo,1729,test,4,4,1.1205703832090563,0.0,-10000000000.0,0.0,-10000000000.0,0.0,-10000000000.0,0.0,-10000000000.0,1.0,0.0,0.0,-10000000000.0
bloodmnist:test:541,a0f5bb0f825a94b3c85323184f1215ce6b060fe333220ffde9092d503f10c75c,bloodmnist_demo,1729,test,3,4,1.1205703832090563,0.0,-10000000000.0,0.0,-10000000000.0,0.0,-10000000000.0,0.0,-10000000000.0,1.0,0.0,0.0,-10000000000.0
bloodmnist:test:542,25edb7058988f95796ed8f61b457a2b97468513d64fc9579d41088188ff79890,bloodmnist_demo,1729,test,0,4,1.1205703832090563,0.0,-10000000000.0,0.0,-10000000000.0,0.0,-10000000000.0,0.0,-10000000000.0,1.0,0.0,0.0,-10000000000.0
bloodmnist:test:543,e58196a26415e0aa104a940ef2e3cf55e3aa86d7cf6621b32797d6f2782bd496,bloodmnist_demo,1729,test,4,4,1.1205703832090563,0.0,-10000000000.0,0.0,-10000000000.0,0.0,-10000000000.0,0.0,-10000000000.0,1.0,0.0,0.0,-10000000000.0
bloodmnist:test:544,773d8edd2a4ae46dd1a766b0523ca989c93230e5eaf5d1d80ca7da6cf1c3dc78,bloodmnist_demo,1729,test,4,4,1.1205703832090563,0.0,-10000000000.0,0.0,-10000000000.0,0.0,-10000000000.0,0.0,-10000000000.0,1.0,0.0,0.0,-10000000000.0
bloodmnist:test:545,f69a8f49cedac206b2d11ba1c3fb3d604b55fcf0cb65a467a9ae2884ec6e9118,bloodmnist_demo,1729,test,5,4,1.1205703832090563,0.0,-10000000000.0,0.0,-10000000000.0,0.0,-10000000000.0,0.0,-10000000000.0,1.0,0.0,0.0,-10000000000.0
bloodmnist:test:546,ba4f832735f72ac936a2ab39098de69b707e8e7d2011e83dfd0ada3393b88533,bloodmnist_demo,1729,test,1,4,1.1205703832090563,0.0,-10000000000.0,0.0,-10000000000.0,0.0,-10000000000.0,0.0,-10000000000.0,1.0,0.0,0.0,-10000000000.0
bloodmnist:test:547,7511cc36c17fe378fa86877266484dd382e18c23f3b24aa67b767c615a60c642,bloodmnist_demo,1729,test,4,4,1.1205703832090563,0.0,-10000000000.0,0.0,-10000000000.0,0.0,-10000000000.0,0.0,-10000000000.0,1.0,0.0,0.0,-10000000000.0
bloodmnist:test:548,a363dd80b927dc8a58c1cae0c7227ebee0ba511881939500806311d67cea67cb,bloodmnist_demo,1729,test,4,4,1.1205703832090563,0.0,-10000000000.0,0.0,-10000000000.0,0.0,-10000000000.0,0.0,-10000000000.0,1.0,0.0,0.0,-10000000000.0
bloodmnist:test:549,ce7de1cff29dc4b29fbff715d5cd3eea5cbbf4b5ead3426267ebf3d019f6e198,bloodmnist_demo,1729,test,5,4,1.1205703832090563,0.0,-10000000000.0,0.0,-10000000000.0,0.0,-10000000000.0,0.0,-10000000000.0,1.0,0.0,0.0,-10000000000.0
bloodmnist:test:550,19690a9a44d4df851b4c9d7e3adefe51ce64d7415393090f25db0a9fed7ca008,bloodmnist_demo,1729,test,2,4,1.1205703832090563,0.0,-10000000000.0,0.0,-10000000000.0,0.0,-10000000000.0,0.0,-10000000000.0,1.0,0.0,0.0,-10000000000.0
bloodmnist:test:551,0c88e7a0074b497d43bba232c91bedda8a9571d2d7aa325976567fabe214e335,bloodmnist_demo,1729,test,5,4,1.1205703832090563,0.0,-10000000000.0,0.0,-10000000000.0,0.0,-10000000000.0,0.0,-10000000000.0,1.0,0.0,0.0,-10000000000.0
bloodmnist:test:552,4e63b363fc4ccbbe6f1e48161d8fc07833bcab6ddccd164bbeb1621088b8ff4c,bloodmnist_demo,1729,test,0,4,1.1205703832090563,0.0,-10000000000.0,0.0,-10000000000.0,0.0,-10000000000.0,0.0,-10000000000.0,1.0,0.0,0.0,-10000000000.0
bloodmnist:test:553,42be7572ed733103967f02bc5fed449e067206e28ae51c95a06d270771e628d2,bloodmnist_demo,1729,test,4,4,1.1205703832090563,0.0,-10000000000.0,0.0,-10000000000.0,0.0,-10000000000.0,0.0,-10000000000.0,1.0,0.0,0.0,-10000000000.0
bloodmnist:test:554,91749e26e7e3ad7094eca0c251fbd27f1cf11d1a35c0c37add9c027aeccc662e,bloodmnist_demo,1729,test,4,4,1.1205703832090563,0.0,-10000000000.0,0.0,-10000000000.0,0.0,-10000000000.0,0.0,-10000000000.0,1.0,0.0,0.0,-10000000000.0
bloodmnist:test:555,851c22fe66d3f07aeeaefffca3b8c8215b67382d3447087316b2fd34c70fbaea,bloodmnist_demo,1729,test,2,4,1.1205703832090563,0.0,-10000000000.0,0.0,-10000000000.0,0.0,-10000000000.0,0.0,-10000000000.0,1.0,0.0,0.0,-10000000000.0
bloodmnist:test:556,f4ad3eea8686a1514a9d1db22f513497d1e4c543b6be5ce7c7e1abef7e8a27bf,bloodmnist_demo,1729,test,0,4,1.1205703832090563,0.0,-10000000000.0,0.0,-10000000000.0,0.0,-10000000000.0,0.0,-10000000000.0,1.0,0.0,0.0,-10000000000.0
bloodmnist:test:557,7d7b301e20a78d1685c63e9a7347152214149ec3dc183f308c662c19bb8a5970,bloodmnist_demo,1729,test,4,4,1.1205703832090563,0.0,-10000000000.0,0.0,-10000000000.0,0.0,-10000000000.0,0.0,-10000000000.0,1.0,0.0,0.0,-10000000000.0
bloodmnist:test:558,15ae24005632e8b3f909cbd5996eb953364f07a45f74ea8671fd42abaabe3177,bloodmnist_demo,1729,test,5,4,1.1205703832090563,0.0,-10000000000.0,0.0,-10000000000.0,0.0,-10000000000.0,0.0,-10000000000.0,1.0,0.0,0.0,-10000000000.0
bloodmnist:test:559,4c49952e6cc644ac3b4ba61bf9f7ef8a47dca898fbf3528cc1bcaec30f829b09,bloodmnist_demo,1729,test,3,4,1.1205703832090563,0.0,-10000000000.0,0.0,-10000000000.0,0.0,-10000000000.0,0.0,-10000000000.0,1.0,0.0,0.0,-10000000000.0
bloodmnist:test:560,513df2943abcc9bcce3ba36313e2211a4d344de0ba00db8b17d7366ee18c1776,bloodmnist_demo,1729,test,1,4,1.1205703832090563,0.0,-10000000000.0,0.0,-10000000000.0,0.0,-10000000000.0,0.0,-10000000000.0,1.0,0.0,0.0,-10000000000.0
bloodmnist:test:562,8596274ec084f5a031e9d99bd98a5e76d0456f4b0c623bb43f8264ed80a08d55,bloodmnist_demo,1729,test,1,4,1.1205703832090563,0.0,-10000000000.0,0.0,-10000000000.0,0.0,-10000000000.0,0.0,-10000000000.0,1.0,0.0,0.0,-10000000000.0
bloodmnist:test:563,f5a2161ce5eec3f4af33de3203bcd037b3d7b14785526a8957140abffcbd4ba5,bloodmnist_demo,1729,test,0,4,1.1205703832090563,0.0,-10000000000.0,0.0,-10000000000.0,0.0,-10000000000.0,0.0,-10000000000.0,1.0,0.0,0.0,-10000000000.0
bloodmnist:test:564,d9971b97ca1f0a555626f6f854ae2c22dd7e32fe4836a74af3b2d3010a304974,bloodmnist_demo,1729,test,5,4,1.1205703832090563,0.0,-10000000000.0,0.0,-10000000000.0,0.0,-10000000000.0,0.0,-10000000000.0,1.0,0.0,0.0,-10000000000.0
bloodmnist:test:565,94177a4a78de9ecbba37d9afa6fd5f8b65397067640b9383dd820b7378af1789,bloodmnist_demo,1729,test,5,4,1.1205703832090563,0.0,-10000000000.0,0.0,-10000000000.0,0.0,-10000000000.0,0.0,-10000000000.0,1.0,0.0,0.0,-10000000000.0
bloodmnist:test:566,885bcd5f9a2954f2498eeb674a0d525ca87aa62aae99a2bded9e18150d31688a,bloodmnist_demo,1729,test,1,4,1.1205703832090563,0.0,-10000000000.0,0.0,-10000000000.0,0.0,-10000000000.0,0.0,-10000000000.0,1.0,0.0,0.0,-10000000000.0
bloodmnist:test:567,7899d8f8918ee718e49ba388b36ca19ab7b8ff449521bc2ce144de6215f8334f,bloodmnist_demo,1729,test,1,4,1.1205703832090563,0.0,-10000000000.0,0.0,-10000000000.0,0.0,-10000000000.0,0.0,-10000000000.0,1.0,0.0,0.0,-10000000000.0
bloodmnist:test:569,0f42c4a4ea011440a31d8e41d8338899884d025d612b8c7c35ed70e3c855b9c2,bloodmnist_demo,1729,test,4,4,1.1205703832090563,0.0,-10000000000.0,0.0,-10000000000.0,0.0,-10000000000.0,0.0,-10000000000.0,1.0,0.0,0.0,-10000000000.0
bloodmnist:test:571,f4d367981346b85d43bce2707f7d8d775350f4276b85acec11effe4e6612345e,bloodmnist_demo,1729,test,3,4,1.1205703832090563,0.0,-10000000000.0,0.0,-10000000000.0,0.0,-10000000000.0,0.0,-10000000000.0,1.0,0.0,0.0,-10000000000.0
bloodmnist:test:572,2cf66e79c7bee4d12bdc95bac5fb4e2496436d93fee42fa1fec955a01d4cbc8d,bloodmnist_demo,1729,test,5,4,1.1205703832090563,0.0,-10000000000.0,0.0,-10000000000.0,0.0,-10000000000.0,0.0,-10000000000.0,1.0,0.0,0.0,-10000000000.0
bloodmnist:test:573,fcbe91b6bd8a04efeadb51a4a746b791ab30690ad8b80d3b95e5a7016d34c93c,bloodmnist_demo,1729,test,2,4,1.1205703832090563,0.0,-10000000000.0,0.0,-10000000000.0,0.0,-10000000000.0,0.0,-10000000000.0,1.0,0.0,0.0,-10000000000.0
bloodmnist:test:574,58b4023be73bb376dbf7e5300fedcad550876706232f630ca96e01d8d52b50dc,bloodmnist_demo,1729,test,5,4,1.1205703832090563,0.0,-10000000000.0,0.0,-10000000000.0,0.0,-10000000000.0,0.0,-10000000000.0,1.0,0.0,0.0,-10000000000.0
bloodmnist:test:575,0c93aa641dcb6fd02e84ab7cb2c720a245ecbc055df1a883e853cf2dd5216368,bloodmnist_demo,1729,test,3,4,1.1205703832090563,0.0,-10000000000.0,0.0,-10000000000.0,0.0,-10000000000.0,0.0,-10000000000.0,1.0,0.0,0.0,-10000000000.0
bloodmnist:test:576,bb68463372a1c8e68c057eb6cc40d1347c5f12e0d7d2399fe28a6479c9e196f3,bloodmnist_demo,1729,test,5,4,1.1205703832090563,0.0,-10000000000.0,0.0,-10000000000.0,0.0,-10000000000.0,0.0,-10000000000.0,1.0,0.0,0.0,-10000000000.0
bloodmnist:test:577,5ae743ad516109819908744c579d0c3c478270138eaa46f8278536996e998126,bloodmnist_demo,1729,test,5,4,1.1205703832090563,0.0,-10000000000.0,0.0,-10000000000.0,0.0,-10000000000.0,0.0,-10000000000.0,1.0,0.0,0.0,-10000000000.0
bloodmnist:test:578,55f02a2302ff2387e8feae7b808c0e20a9e20307bb5a77e1fc291757512d5922,bloodmnist_demo,1729,test,3,4,1.1205703832090563,0.0,-10000000000.0,0.0,-10000000000.0,0.0,-10000000000.0,0.0,-10000000000.0,1.0,0.0,0.0,-10000000000.0
bloodmnist:test:579,91335e53b38576861f0c769aa5ad7bedca21e2c45eff2bafcdb78fed66996e71,bloodmnist_demo,1729,test,3,4,1.1205703832090563,0.0,-10000000000.0,0.0,-10000000000.0,0.0,-10000000000.0,0.0,-10000000000.0,1.0,0.0,0.0,-10000000000.0
bloodmnist:test:580,ee338801ebdd631a51f94ccc4ce6942184ceb602d61944783dd4192ceea5605f,bloodmnist_demo,1729,test,4,4,1.1205703832090563,0.0,-10000000000.0,0.0,-10000000000.0,0.0,-10000000000.0,0.0,-10000000000.0,1.0,0.0,0.0,-10000000000.0
bloodmnist:test:581,64abe5016b75933a5d0f4592c19439e86caeef27670269f96b7fa11b532846d9,bloodmnist_demo,1729,test,0,4,1.1205703832090563,0.0,-10000000000.0,0.0,-10000000000.0,0.0,-10000000000.0,0.0,-10000000000.0,1.0,0.0,0.0,-10000000000.0
bloodmnist:test:582,32dd2e10758157d0a8f7f08eacb5201dc876b7072cfcc6d5cbb0216006419ccd,bloodmnist_demo,1729,test,5,4,1.1205703832090563,0.0,-10000000000.0,0.0,-10000000000.0,0.0,-10000000000.0,0.0,-10000000000.0,1.0,0.0,0.0,-10000000000.0
bloodmnist:test:583,9e397fa47d108ea47818d7712c72abc66af884c32dc427b7369c3226ef1a482b,bloodmnist_demo,1729,test,5,4,1.1205703832090563,0.0,-10000000000.0,0.0,-10000000000.0,0.0,-10000000000.0,0.0,-10000000000.0,1.0,0.0,0.0,-10000000000.0
bloodmnist:test:584,2c86cb52d046a2e8daf3425e0740db827f8a171a2f1cb57b112951030fd550dd,bloodmnist_demo,1729,test,1,4,1.1205703832090563,0.0,-10000000000.0,0.0,-10000000000.0,0.0,-10000000000.0,0.0,-10000000000.0,1.0,0.0,0.0,-10000000000.0
bloodmnist:test:585,cde67c6272d24da17612b8ffebbcc1bac4e02b34943092865e72f1312a4ce0c5,bloodmnist_demo,1729,test,1,4,1.1205703832090563,0.0,-10000000000.0,0.0,-10000000000.0,0.0,-10000000000.0,0.0,-10000000000.0,1.0,0.0,0.0,-10000000000.0
bloodmnist:test:586,d0a59f2c92ddd0672d643465bdd7fe7a0304a4e20cd29a3841c63d93e3133654,bloodmnist_demo,1729,test,4,4,1.1205703832090563,0.0,-10000000000.0,0.0,-10000000000.0,0.0,-10000000000.0,0.0,-10000000000.0,1.0,0.0,0.0,-10000000000.0
bloodmnist:test:588,d57b1056957d3f2fee15032dcbe13c007efd5fc15ee839051c42a954c19129ce,bloodmnist_demo,1729,test,1,4,1.1205703832090563,0.0,-10000000000.0,0.0,-10000000000.0,0.0,-10000000000.0,0.0,-10000000000.0,1.0,0.0,0.0,-10000000000.0
bloodmnist:test:589,023c928a23dc9d3bafbfc42e68dc266eae181222f6d2fc00781da8265eeac5e5,bloodmnist_demo,1729,test,2,4,1.1205703832090563,0.0,-10000000000.0,0.0,-10000000000.0,0.0,-10000000000.0,0.0,-10000000000.0,1.0,0.0,0.0,-10000000000.0
bloodmnist:test:590,41e7d72be8790bafb0147733187774c1e98292c14003a46710f8a05be19cdea9,bloodmnist_demo,1729,test,5,4,1.1205703832090563,0.0,-10000000000.0,0.0,-10000000000.0,0.0,-10000000000.0,0.0,-10000000000.0,1.0,0.0,0.0,-10000000000.0
bloodmnist:test:591,8f464171e2dce047c0179bbe1c749c450e142a48805dee1dbe1e6531f56570b9,bloodmnist_demo,1729,test,3,4,1.1205703832090563,0.0,-10000000000.0,0.0,-10000000000.0,0.0,-10000000000.0,0.0,-10000000000.0,1.0,0.0,0.0,-10000000000.0
bloodmnist:test:592,5bfbca7ae0b6ed6dcc339eff8c0d268f60c8101d9b4f09d56f5baf7555fb1bcd,bloodmnist_demo,1729,test,1,4,1.1205703832090563,0.0,-10000000000.0,0.0,-10000000000.0,0.0,-10000000000.0,0.0,-10000000000.0,1.0,0.0,0.0,-10000000000.0
bloodmnist:test:593,680a0b90636c76613cee001f5c1de74cf56d7512c17c5dde85f978a46a454b19,bloodmnist_demo,1729,test,3,4,1.1205703832090563,0.0,-10000000000.0,0.0,-10000000000.0,0.0,-10000000000.0,0.0,-10000000000.0,1.0,0.0,0.0,-10000000000.0
bloodmnist:test:594,b8b04aecfa1be45ecc7388522b6177851296427d70bcecb705a8cc05280e60e5,bloodmnist_demo,1729,test,4,4,1.1205703832090563,0.0,-10000000000.0,0.0,-10000000000.0,0.0,-10000000000.0,0.0,-10000000000.0,1.0,0.0,0.0,-10000000000.0
bloodmnist:test:595,08a910995476e89822a29399f28eda3337f78a21c4edd61b9335e6b9cc23e4de,bloodmnist_demo,1729,test,5,4,1.1205703832090563,0.0,-10000000000.0,0.0,-10000000000.0,0.0,-10000000000.0,0.0,-10000000000.0,1.0,0.0,0.0,-10000000000.0
bloodmnist:test:596,c44ea315df62cb7c9d1d2a5d7c839176c1803a14c4d136d81bd4423cb79fd296,bloodmnist_demo,1729,test,4,4,1.1205703832090563,0.0,-10000000000.0,0.0,-10000000000.0,0.0,-10000000000.0,0.0,-10000000000.0,1.0,0.0,0.0,-10000000000.0
bloodmnist:test:597,c7603dab22bb040ce0f179d21b445532fabd390b9fadf9cf7176e38efccfbe9b,bloodmnist_demo,1729,test,5,4,1.1205703832090563,0.0,-10000000000.0,0.0,-10000000000.0,0.0,-10000000000.0,0.0,-10000000000.0,1.0,0.0,0.0,-10000000000.0
bloodmnist:test:598,940641ae0e9ac21ee5ecf7826354de6d65b0144b12b1b33f6b1ee84d820c7e1e,bloodmnist_demo,1729,test,5,4,1.1205703832090563,0.0,-10000000000.0,0.0,-10000000000.0,0.0,-10000000000.0,0.0,-10000000000.0,1.0,0.0,0.0,-10000000000.0
bloodmnist:test:601,3aec951b753c26f4d54504ddbdec832e5aef97fba3bbcb0f7c35e5a3398f24f8,bloodmnist_demo,1729,test,1,4,1.1205703832090563,0.0,-10000000000.0,0.0,-10000000000.0,0.0,-10000000000.0,0.0,-10000000000.0,1.0,0.0,0.0,-10000000000.0
bloodmnist:test:602,7e9a852fa71f70920e01a6cee101e5694dd4b5106d2b56eb9cffaa99d93130f4,bloodmnist_demo,1729,test,5,4,1.1205703832090563,0.0,-10000000000.0,0.0,-10000000000.0,0.0,-10000000000.0,0.0,-10000000000.0,1.0,0.0,0.0,-10000000000.0
bloodmnist:test:603,36292ef202781d8e6e98d46dbb363bf8b5a397081a52d7d188f9c633e131b857,bloodmnist_demo,1729,test,5,4,1.1205703832090563,0.0,-10000000000.0,0.0,-10000000000.0,0.0,-10000000000.0,0.0,-10000000000.0,1.0,0.0,0.0,-10000000000.0
bloodmnist:test:604,4471669acadcdfba915d5b038ae21e2e0aefe075ea08c4c26c0546fe2937eeb1,bloodmnist_demo,1729,test,1,4,1.1205703832090563,0.0,-10000000000.0,0.0,-10000000000.0,0.0,-10000000000.0,0.0,-10000000000.0,1.0,0.0,0.0,-10000000000.0
bloodmnist:test:605,30acdf3ec4ba6d72a5e1b0324bea0179e9019a6b3f2ebf2ce0994b67593b281a,bloodmnist_demo,1729,test,5,4,1.1205703832090563,0.0,-10000000000.0,0.0,-10000000000.0,0.0,-10000000000.0,0.0,-10000000000.0,1.0,0.0,0.0,-10000000000.0
bloodmnist:test:606,c03ae45c281e787a58f9cc81fc46543ad5c0fe1280ca1c26c5436955dc7235c3,bloodmnist_demo,1729,test,4,4,1.1205703832090563,0.0,-10000000000.0,0.0,-10000000000.0,0.0,-10000000000.0,0.0,-10000000000.0,1.0,0.0,0.0,-10000000000.0
bloodmnist:test:608,8fc410622e6c39cfe39516bb81822f3df835035842034ed92dfb07c96618b286,bloodmnist_demo,1729,test,0,4,1.1205703832090563,0.0,-10000000000.0,0.0,-10000000000.0,0.0,-10000000000.0,0.0,-10000000000.0,1.0,0.0,0.0,-10000000000.0
bloodmnist:test:609,ca369f4815d146b356c4dd455fe38ea68912daa7d6bf473ef2926173720b8d3d,bloodmnist_demo,1729,test,5,4,1.1205703832090563,0.0,-10000000000.0,0.0,-10000000000.0,0.0,-10000000000.0,0.0,-10000000000.0,1.0,0.0,0.0,-10000000000.0
bloodmnist:test:611,612908d91f7319c5cb385af6e9bcc7abd9a1b19bc511e607ef6d7ed54ef8f231,bloodmnist_demo,1729,test,4,4,1.1205703832090563,0.0,-10000000000.0,0.0,-10000000000.0,0.0,-10000000000.0,0.0,-10000000000.0,1.0,0.0,0.0,-10000000000.0
bloodmnist:test:613,e3f747bedebf4bf39918a3bf27ca02d3e4705a0721c6e03629d8d2e249ebe93c,bloodmnist_demo,1729,test,5,4,1.1205703832090563,0.0,-10000000000.0,0.0,-10000000000.0,0.0,-10000000000.0,0.0,-10000000000.0,1.0,0.0,0.0,-10000000000.0
bloodmnist:test:614,8b8b94f6721d3e05c0081e8d160816aa510670206d0850d089dd845f79e25844,bloodmnist_demo,1729,test,1,4,1.1205703832090563,0.0,-10000000000.0,0.0,-10000000000.0,0.0,-10000000000.0,0.0,-10000000000.0,1.0,0.0,0.0,-10000000000.0
bloodmnist:test:615,2a5a75fbbae5a7b37712f0b3eb16167fdcd8fdf0dca5f3413dffdfe7dde17eac,bloodmnist_demo,1729,test,2,4,1.1205703832090563,0.0,-10000000000.0,0.0,-10000000000.0,0.0,-10000000000.0,0.0,-10000000000.0,1.0,0.0,0.0,-10000000000.0
bloodmnist:test:616,772e5b87652882a07c96758105f8694df0f356b0ff186cf06aaec39c1e261fff,bloodmnist_demo,1729,test,3,4,1.1205703832090563,0.0,-10000000000.0,0.0,-10000000000.0,0.0,-10000000000.0,0.0,-10000000000.0,1.0,0.0,0.0,-10000000000.0
bloodmnist:test:617,bd0c492b993b0e7dd3e37ead052b121e2ea4744eb73e676a03f34387eb20cc5c,bloodmnist_demo,1729,test,1,4,1.1205703832090563,0.0,-10000000000.0,0.0,-10000000000.0,0.0,-10000000000.0,0.0,-10000000000.0,1.0,0.0,0.0,-10000000000.0
bloodmnist:test:618,565576b860c8be1c25f0cddb05f7ab0bec203d265ce22dfe023f40ade31a0b20,bloodmnist_demo,1729,test,1,4,1.1205703832090563,0.0,-10000000000.0,0.0,-10000000000.0,0.0,-10000000000.0,0.0,-10000000000.0,1.0,0.0,0.0,-10000000000.0
bloodmnist:test:619,c9aca7b205db1aa2099bd6e6b7ab36148e9dabdf84b927d23c88d83c90d0cb07,bloodmnist_demo,1729,test,4,4,1.1205703832090563,0.0,-10000000000.0,0.0,-10000000000.0,0.0,-10000000000.0,0.0,-10000000000.0,1.0,0.0,0.0,-10000000000.0
bloodmnist:test:621,c1177e0c972dd9d85cf070f1639dd68d97a450877e93d0072381760a5ef11c17,bloodmnist_demo,1729,test,3,4,1.1205703832090563,0.0,-10000000000.0,0.0,-10000000000.0,0.0,-10000000000.0,0.0,-10000000000.0,1.0,0.0,0.0,-10000000000.0
bloodmnist:test:622,751f29a4f1f0d95353f5eb798fa64b38f06a757827635a727a3f344b4341698d,bloodmnist_demo,1729,test,3,4,1.1205703832090563,0.0,-10000000000.0,0.0,-10000000000.0,0.0,-10000000000.0,0.0,-10000000000.0,1.0,0.0,0.0,-10000000000.0
bloodmnist:test:623,80324e7b9e96a4bc814cd38c62eb74dc3f6bfeb2612f73bb93e411e697ab6f9a,bloodmnist_demo,1729,test,1,4,1.1205703832090563,0.0,-10000000000.0,0.0,-10000000000.0,0.0,-10000000000.0,0.0,-10000000000.0,1.0,0.0,0.0,-10000000000.0
bloodmnist:test:624,ca608031f93f70c6b650599ce4e57e6e320faf1158a206a691bd6d2717592e86,bloodmnist_demo,1729,test,2,4,1.1205703832090563,0.0,-10000000000.0,0.0,-10000000000.0,0.0,-10000000000.0,0.0,-10000000000.0,1.0,0.0,0.0,-10000000000.0
bloodmnist:test:626,b6025cad11898bbd0843e73202e2c06d83677e49891523afae0a35fd2690acb6,bloodmnist_demo,1729,test,3,4,1.1205703832090563,0.0,-10000000000.0,0.0,-10000000000.0,0.0,-10000000000.0,0.0,-10000000000.0,1.0,0.0,0.0,-10000000000.0
bloodmnist:test:627,3b94ff16b9b6916c549d3bb7b1a36d5589b218a6db3d4e59fd29a28a4f4da65e,bloodmnist_demo,1729,test,4,4,1.1205703832090563,0.0,-10000000000.0,0.0,-10000000000.0,0.0,-10000000000.0,0.0,-10000000000.0,1.0,0.0,0.0,-10000000000.0
bloodmnist:test:628,50c1459b8be47bca8381a15cb9054a16227d94290612db17e350a711c0fab433,bloodmnist_demo,1729,test,1,4,1.1205703832090563,0.0,-10000000000.0,0.0,-10000000000.0,0.0,-10000000000.0,0.0,-10000000000.0,1.0,0.0,0.0,-10000000000.0
bloodmnist:test:629,2ebce5222870c76fef5852c7e892e6591f52fa6bbcd0f4d9f22e661f9c80d3b8,bloodmnist_demo,1729,test,1,4,1.1205703832090563,0.0,-10000000000.0,0.0,-10000000000.0,0.0,-10000000000.0,0.0,-10000000000.0,1.0,0.0,0.0,-10000000000.0
bloodmnist:test:630,a2bda63db57505a2a486016a08cf04c24120dc8147fd370ccf7cbfa260def2c9,bloodmnist_demo,1729,test,2,4,1.1205703832090563,0.0,-10000000000.0,0.0,-10000000000.0,0.0,-10000000000.0,0.0,-10000000000.0,1.0,0.0,0.0,-10000000000.0
bloodmnist:test:631,f3f53a446f643eff8d5f3452e7123dffa7bde7da96e7293731b4e8a3f0e4484c,bloodmnist_demo,1729,test,4,4,1.1205703832090563,0.0,-10000000000.0,0.0,-10000000000.0,0.0,-10000000000.0,0.0,-10000000000.0,1.0,0.0,0.0,-10000000000.0
bloodmnist:test:632,57b16193578314527348958d901a51475c9124a1462ea3662088e083714e1d47,bloodmnist_demo,1729,test,5,4,1.1205703832090563,0.0,-10000000000.0,0.0,-10000000000.0,0.0,-10000000000.0,0.0,-10000000000.0,1.0,0.0,0.0,-10000000000.0
bloodmnist:test:633,6c9cc113a210038457f5825aded6a1ea8f39ca49d7bc69e8cf9508f6c08681f7,bloodmnist_demo,1729,test,5,4,1.1205703832090563,0.0,-10000000000.0,0.0,-10000000000.0,0.0,-10000000000.0,0.0,-10000000000.0,1.0,0.0,0.0,-10000000000.0
bloodmnist:test:634,84c3ab7d03100b18f2b4c737f26db8c074a6d242a816129714a5a9d04d02466e,bloodmnist_demo,1729,test,3,4,1.1205703832090563,0.0,-10000000000.0,0.0,-10000000000.0,0.0,-10000000000.0,0.0,-10000000000.0,1.0,0.0,0.0,-10000000000.0
bloodmnist:test:635,f8f7801b6ce5e035eeb04e64d38739e13f6c98e1c464042b77a3effeab6f1e2b,bloodmnist_demo,1729,test,2,4,1.1205703832090563,0.0,-10000000000.0,0.0,-10000000000.0,0.0,-10000000000.0,0.0,-10000000000.0,1.0,0.0,0.0,-10000000000.0
bloodmnist:test:636,c01774db3151bddfd385d3d103f802244289c665a75d3eeceb0b9b8f862c4085,bloodmnist_demo,1729,test,1,4,1.1205703832090563,0.0,-10000000000.0,0.0,-10000000000.0,0.0,-10000000000.0,0.0,-10000000000.0,1.0,0.0,0.0,-10000000000.0
bloodmnist:test:637,684128af059885990328e478ef3c8748e4841aeaf4424948269a0efe11f28bf8,bloodmnist_demo,1729,test,5,4,1.1205703832090563,0.0,-10000000000.0,0.0,-10000000000.0,0.0,-10000000000.0,0.0,-10000000000.0,1.0,0.0,0.0,-10000000000.0
bloodmnist:test:638,9ed6595ee6cd808cfb6fe3215fbafd6c3fb4a97a24f49f987d6dd59c5e527d81,bloodmnist_demo,1729,test,1,4,1.1205703832090563,0.0,-10000000000.0,0.0,-10000000000.0,0.0,-10000000000.0,0.0,-10000000000.0,1.0,0.0,0.0,-10000000000.0
bloodmnist:test:640,33beb79ae9babfc6a73f98967868c7f77d969a210d5fb37c473778057f26ba7b,bloodmnist_demo,1729,test,1,4,1.1205703832090563,0.0,-10000000000.0,0.0,-10000000000.0,0.0,-10000000000.0,0.0,-10000000000.0,1.0,0.0,0.0,-10000000000.0
bloodmnist:test:641,445cf95ea541097c720ee361833db45065d09100a61ba7826da93d3fea7b0077,bloodmnist_demo,1729,test,2,4,1.1205703832090563,0.0,-10000000000.0,0.0,-10000000000.0,0.0,-10000000000.0,0.0,-10000000000.0,1.0,0.0,0.0,-10000000000.0
bloodmnist:test:642,f842848b3387725a3d8a87373c67a5c3a2fcf25adcb10cc2265ecf27e6b7fe40,bloodmnist_demo,1729,test,3,4,1.1205703832090563,0.0,-10000000000.0,0.0,-10000000000.0,0.0,-10000000000.0,0.0,-10000000000.0,1.0,0.0,0.0,-10000000000.0
bloodmnist:test:643,478beb35b55a2bfa2be0fd4eaec790ddfd480b2e83a322816bf522d62538295d,bloodmnist_demo,1729,test,5,4,1.1205703832090563,0.0,-10000000000.0,0.0,-10000000000.0,0.0,-10000000000.0,0.0,-10000000000.0,1.0,0.0,0.0,-10000000000.0
bloodmnist:test:644,c4e08e1a36d9d68e3f04455f4451bd59d2f55f6b1da2a9cd23ea2d31995588f2,bloodmnist_demo,1729,test,5,4,1.1205703832090563,0.0,-10000000000.0,0.0,-10000000000.0,0.0,-10000000000.0,0.0,-10000000000.0,1.0,0.0,0.0,-10000000000.0
bloodmnist:test:646,9876b923b455e5ee47ec651d832f7b3f77e1f04a852c9708ded7ce66f312f86e,bloodmnist_demo,1729,test,1,4,1.1205703832090563,0.0,-10000000000.0,0.0,-10000000000.0,0.0,-10000000000.0,0.0,-10000000000.0,1.0,0.0,0.0,-10000000000.0
bloodmnist:test:647,d462c7ceeed316e92a71ff4668b75ea09aee0d6eefb3fe0a8c1dc20b2802c4a9,bloodmnist_demo,1729,test,1,4,1.1205703832090563,0.0,-10000000000.0,0.0,-10000000000.0,0.0,-10000000000.0,0.0,-10000000000.0,1.0,0.0,0.0,-10000000000.0
bloodmnist:test:648,e6c9ac9494c4623d55aa07534b62f0461bc4da8f5138cc3141617e87c5811bc8,bloodmnist_demo,1729,test,4,4,1.1205703832090563,0.0,-10000000000.0,0.0,-10000000000.0,0.0,-10000000000.0,0.0,-10000000000.0,1.0,0.0,0.0,-10000000000.0
bloodmnist:test:649,037928cffaf7569fe122221b72e80244c2af7771f2510895135869d4360a5454,bloodmnist_demo,1729,test,3,4,1.1205703832090563,0.0,-10000000000.0,0.0,-10000000000.0,0.0,-10000000000.0,0.0,-10000000000.0,1.0,0.0,0.0,-10000000000.0
bloodmnist:test:650,2af660ed1418d74b061f37e8e721d23c68b5856a7bcd7709e6d74a4d5a731d03,bloodmnist_demo,1729,test,5,4,1.1205703832090563,0.0,-10000000000.0,0.0,-10000000000.0,0.0,-10000000000.0,0.0,-10000000000.0,1.0,0.0,0.0,-10000000000.0
bloodmnist:test:651,8797d1cfebb3f4e21e0e8a03f1a9863798f1f425f60a27d5201c45c66aedcabf,bloodmnist_demo,1729,test,4,4,1.1205703832090563,0.0,-10000000000.0,0.0,-10000000000.0,0.0,-10000000000.0,0.0,-10000000000.0,1.0,0.0,0.0,-10000000000.0
bloodmnist:test:652,537f9c6d84652f6f18b3f5c09287fe68f29d0eeb671678e7c45b3acd17d3935b,bloodmnist_demo,1729,test,4,4,1.1205703832090563,0.0,-10000000000.0,0.0,-10000000000.0,0.0,-10000000000.0,0.0,-10000000000.0,1.0,0.0,0.0,-10000000000.0
bloodmnist:test:653,6a4fa9d12bb3ef5c7a6d45d1790d35ac9539c8da32c19c317c72a0d9e5c1c796,bloodmnist_demo,1729,test,2,4,1.1205703832090563,0.0,-10000000000.0,0.0,-10000000000.0,0.0,-10000000000.0,0.0,-10000000000.0,1.0,0.0,0.0,-10000000000.0
bloodmnist:test:655,ca0839ece5549e26be89a0a0599c0837c4cbbe79903d6997d80e858faddc083f,bloodmnist_demo,1729,test,1,4,1.1205703832090563,0.0,-10000000000.0,0.0,-10000000000.0,0.0,-10000000000.0,0.0,-10000000000.0,1.0,0.0,0.0,-10000000000.0
bloodmnist:test:656,34c854b9fa7f0eb1045e1bea32fb057bacd85c3380813354cf54de28e8b95840,bloodmnist_demo,1729,test,4,4,1.1205703832090563,0.0,-10000000000.0,0.0,-10000000000.0,0.0,-10000000000.0,0.0,-10000000000.0,1.0,0.0,0.0,-10000000000.0
bloodmnist:test:658,ebe0435d96ac8b90c94675d84b1c4858e1f94fd4c078566ddad347061ef65dd4,bloodmnist_demo,1729,test,5,4,1.1205703832090563,0.0,-10000000000.0,0.0,-10000000000.0,0.0,-10000000000.0,0.0,-10000000000.0,1.0,0.0,0.0,-10000000000.0
bloodmnist:test:660,375fa7025a8f7cdf5a4bff414476528df15f4bbb0cb1b32bdf9a34ef23ab3d0a,bloodmnist_demo,1729,test,5,4,1.1205703832090563,0.0,-10000000000.0,0.0,-10000000000.0,0.0,-10000000000.0,0.0,-10000000000.0,1.0,0.0,0.0,-10000000000.0
bloodmnist:test:661,5a4333e130e509c2dcd433bb1bfecda412ec5349c12813e0ff829ff38e5fdbb1,bloodmnist_demo,1729,test,0,4,1.1205703832090563,0.0,-10000000000.0,0.0,-10000000000.0,0.0,-10000000000.0,0.0,-10000000000.0,1.0,0.0,0.0,-10000000000.0
bloodmnist:test:664,0f2cc4c47bd6a76c1200536f455e54e61f4e63fe974dee1dd201a8fc8e8bad05,bloodmnist_demo,1729,test,1,4,1.1205703832090563,0.0,-10000000000.0,0.0,-10000000000.0,0.0,-10000000000.0,0.0,-10000000000.0,1.0,0.0,0.0,-10000000000.0
bloodmnist:test:667,bcb4d6625dd73eacc28505caaa7a34f82b09d55d5c0c04ebce40df40a13f1099,bloodmnist_demo,1729,test,3,4,1.1205703832090563,0.0,-10000000000.0,0.0,-10000000000.0,0.0,-10000000000.0,0.0,-10000000000.0,1.0,0.0,0.0,-10000000000.0
bloodmnist:test:668,f5337309d941103acf86c07e3a09a7b603e18446172a44256ac95f8a4fb592da,bloodmnist_demo,1729,test,2,4,1.1205703832090563,0.0,-10000000000.0,0.0,-10000000000.0,0.0,-10000000000.0,0.0,-10000000000.0,1.0,0.0,0.0,-10000000000.0
bloodmnist:test:669,e57310877467d2d7dcff456210f8c3b395e4b5d093a1a67101baf9af10d3333d,bloodmnist_demo,1729,test,1,4,1.1205703832090563,0.0,-10000000000.0,0.0,-10000000000.0,0.0,-10000000000.0,0.0,-10000000000.0,1.0,0.0,0.0,-10000000000.0
bloodmnist:test:671,a28ad29829c07326b1cf68ee46a6d711485c4ff789ee26af22c6a2749ad28e64,bloodmnist_demo,1729,test,5,4,1.1205703832090563,0.0,-10000000000.0,0.0,-10000000000.0,0.0,-10000000000.0,0.0,-10000000000.0,1.0,0.0,0.0,-10000000000.0
bloodmnist:test:672,1694e029a0108dfdbe8287b2abe666105ff205edd2da8853f8db2acb05a7ac4d,bloodmnist_demo,1729,test,3,4,1.1205703832090563,0.0,-10000000000.0,0.0,-10000000000.0,0.0,-10000000000.0,0.0,-10000000000.0,1.0,0.0,0.0,-10000000000.0
bloodmnist:test:673,af53ee3c97f9800fbcbba99885262985276cdf48226bba0e68742d1b5eec42ae,bloodmnist_demo,1729,test,2,4,1.1205703832090563,0.0,-10000000000.0,0.0,-10000000000.0,0.0,-10000000000.0,0.0,-10000000000.0,1.0,0.0,0.0,-10000000000.0
bloodmnist:test:674,6448df1aa737df8bccfe7e9b5056cbe315610af84b09484ab38de777e6ef770a,bloodmnist_demo,1729,test,0,4,1.1205703832090563,0.0,-10000000000.0,0.0,-10000000000.0,0.0,-10000000000.0,0.0,-10000000000.0,1.0,0.0,0.0,-10000000000.0
bloodmnist:test:677,de0485077cd0221dcd91a0b9b9e49146d6a442a0e9a2857111bf26f2ef14aac2,bloodmnist_demo,1729,test,1,4,1.1205703832090563,0.0,-10000000000.0,0.0,-10000000000.0,0.0,-10000000000.0,0.0,-10000000000.0,1.0,0.0,0.0,-10000000000.0
bloodmnist:test:678,ae36534e8d3765f409290628639c767a8e893f765425285ac0f0bc99996b5fbb,bloodmnist_demo,1729,test,1,4,1.1205703832090563,0.0,-10000000000.0,0.0,-10000000000.0,0.0,-10000000000.0,0.0,-10000000000.0,1.0,0.0,0.0,-10000000000.0
bloodmnist:test:679,c51079a2e1cd14fbba3b1fe6988e3b254660318941258a41b4578f8bda7a0c59,bloodmnist_demo,1729,test,5,4,1.1205703832090563,0.0,-10000000000.0,0.0,-10000000000.0,0.0,-10000000000.0,0.0,-10000000000.0,1.0,0.0,0.0,-10000000000.0
bloodmnist:test:681,c02272246b6f3b3f19deea047cbaaf2d440ebd6beb13daaae74faf02badc1653,bloodmnist_demo,1729,test,4,4,1.1205703832090563,0.0,-10000000000.0,0.0,-10000000000.0,0.0,-10000000000.0,0.0,-10000000000.0,1.0,0.0,0.0,-10000000000.0
bloodmnist:test:682,9b32cfd48a0bf2d23ec12599c44dff8687a71705f3e3013c92a692d2af457f27,bloodmnist_demo,1729,test,5,4,1.1205703832090563,0.0,-10000000000.0,0.0,-10000000000.0,0.0,-10000000000.0,0.0,-10000000000.0,1.0,0.0,0.0,-10000000000.0
bloodmnist:test:684,b37c85690e36eaa7a14afa4eb8ee8b4c06dc52c4ca7c05936374d1933fd610f9,bloodmnist_demo,1729,test,1,4,1.1205703832090563,0.0,-10000000000.0,0.0,-10000000000.0,0.0,-10000000000.0,0.0,-10000000000.0,1.0,0.0,0.0,-10000000000.0
bloodmnist:test:685,095f7d232d4a688f3e1c6176b47dbc769395deabb5dd6aabb6c635f85f64b24d,bloodmnist_demo,1729,test,5,4,1.1205703832090563,0.0,-10000000000.0,0.0,-10000000000.0,0.0,-10000000000.0,0.0,-10000000000.0,1.0,0.0,0.0,-10000000000.0
bloodmnist:test:686,e74dce08163d864085baff97d2fbc0e3b6c4efbad2a8798d04722932cc9b471f,bloodmnist_demo,1729,test,2,4,1.1205703832090563,0.0,-10000000000.0,0.0,-10000000000.0,0.0,-10000000000.0,0.0,-10000000000.0,1.0,0.0,0.0,-10000000000.0
bloodmnist:test:688,b2bdb32d8445f7391a870ae89cd5b026649f1820b3d005b96027f43ff4339f4d,bloodmnist_demo,1729,test,1,4,1.1205703832090563,0.0,-10000000000.0,0.0,-10000000000.0,0.0,-10000000000.0,0.0,-10000000000.0,1.0,0.0,0.0,-10000000000.0
bloodmnist:test:690,174027686cc35962d5b11c174167aa245e1eee0b1b9b7b12c57126fee7bc4cbd,bloodmnist_demo,1729,test,1,4,1.1205703832090563,0.0,-10000000000.0,0.0,-10000000000.0,0.0,-10000000000.0,0.0,-10000000000.0,1.0,0.0,0.0,-10000000000.0
bloodmnist:test:691,b57c6cfb506c85541ddf664a9b2a3b46624d863475b2879e18e944b535290b37,bloodmnist_demo,1729,test,1,4,1.1205703832090563,0.0,-10000000000.0,0.0,-10000000000.0,0.0,-10000000000.0,0.0,-10000000000.0,1.0,0.0,0.0,-10000000000.0
bloodmnist:test:692,e843ee509040219cd923a07220f4aaeedab88521afcd07763ba243713202ad48,bloodmnist_demo,1729,test,5,4,1.1205703832090563,0.0,-10000000000.0,0.0,-10000000000.0,0.0,-10000000000.0,0.0,-10000000000.0,1.0,0.0,0.0,-10000000000.0
bloodmnist:test:693,bbd674190e0648ca6617d1d4cbb5828855c0295c28271e27a0ca9c3dde88a744,bloodmnist_demo,1729,test,1,4,1.1205703832090563,0.0,-10000000000.0,0.0,-10000000000.0,0.0,-10000000000.0,0.0,-10000000000.0,1.0,0.0,0.0,-10000000000.0
bloodmnist:test:694,818f3f5ef0b8acc5d825bcdd52ee383c1e15acbec062e745f7375275ee834a5c,bloodmnist_demo,1729,test,4,4,1.1205703832090563,0.0,-10000000000.0,0.0,-10000000000.0,0.0,-10000000000.0,0.0,-10000000000.0,1.0,0.0,0.0,-10000000000.0
bloodmnist:test:695,c394bc853c3c45d15907888536fb3b39103da17d746d3355e0a7187962d8a778,bloodmnist_demo,1729,test,4,4,1.1205703832090563,0.0,-10000000000.0,0.0,-10000000000.0,0.0,-10000000000.0,0.0,-10000000000.0,1.0,0.0,0.0,-10000000000.0
bloodmnist:test:696,e390752362f34a40bb8fe282c9feb4173bf4524b17b534ce01306decfe552457,bloodmnist_demo,1729,test,4,4,1.1205703832090563,0.0,-10000000000.0,0.0,-10000000000.0,0.0,-10000000000.0,0.0,-10000000000.0,1.0,0.0,0.0,-10000000000.0
bloodmnist:test:697,f07108ea5f0e72e2d793221f6b4e7508effce51bcb1840b04c5692233eed7ad6,bloodmnist_demo,1729,test,2,4,1.1205703832090563,0.0,-10000000000.0,0.0,-10000000000.0,0.0,-10000000000.0,0.0,-10000000000.0,1.0,0.0,0.0,-10000000000.0
bloodmnist:test:698,80736a7936d61bf13704b7f4d77407e0aebb1f41f43a53a8c98b8f27ca3253e8,bloodmnist_demo,1729,test,5,4,1.1205703832090563,0.0,-10000000000.0,0.0,-10000000000.0,0.0,-10000000000.0,0.0,-10000000000.0,1.0,0.0,0.0,-10000000000.0
bloodmnist:test:699,e4ba6e962cf83d6ca04525968c9f9e78e2764aba0093e1ee50a32529105701da,bloodmnist_demo,1729,test,5,4,1.1205703832090563,0.0,-10000000000.0,0.0,-10000000000.0,0.0,-10000000000.0,0.0,-10000000000.0,1.0,0.0,0.0,-10000000000.0
bloodmnist:test:700,cdf0aeb2e6fedbe9ad83dc76de454e8731fbe4e7d218b6e59c8928b795ec831a,bloodmnist_demo,1729,test,0,4,1.1205703832090563,0.0,-10000000000.0,0.0,-10000000000.0,0.0,-10000000000.0,0.0,-10000000000.0,1.0,0.0,0.0,-10000000000.0
bloodmnist:test:701,f4356765d5fccbe3cba233cd63d6f5c06fc0712167f72224e84b75645f88d047,bloodmnist_demo,1729,test,1,4,1.1205703832090563,0.0,-10000000000.0,0.0,-10000000000.0,0.0,-10000000000.0,0.0,-10000000000.0,1.0,0.0,0.0,-10000000000.0
bloodmnist:test:702,17656974283d5253b0d3f34d250a464c2cd0f9c957e3e98cb1c71f72370f2a02,bloodmnist_demo,1729,test,0,4,1.1205703832090563,0.0,-10000000000.0,0.0,-10000000000.0,0.0,-10000000000.0,0.0,-10000000000.0,1.0,0.0,0.0,-10000000000.0
bloodmnist:test:703,16edc9562f87ac942803e78ec276f563cdd1ba88aadaacc3a48f8581dc1811af,bloodmnist_demo,1729,test,0,4,1.1205703832090563,0.0,-10000000000.0,0.0,-10000000000.0,0.0,-10000000000.0,0.0,-10000000000.0,1.0,0.0,0.0,-10000000000.0
bloodmnist:test:705,0c252ccb62bd58977c29631eb3a1b55702cfe089a9b9b120ed9751c74a114f59,bloodmnist_demo,1729,test,5,4,1.1205703832090563,0.0,-10000000000.0,0.0,-10000000000.0,0.0,-10000000000.0,0.0,-10000000000.0,1.0,0.0,0.0,-10000000000.0
bloodmnist:test:706,0e485674d67f008af56e1fa84f40e7312d00027dd2301d410a58afc1b3c17ed0,bloodmnist_demo,1729,test,1,4,1.1205703832090563,0.0,-10000000000.0,0.0,-10000000000.0,0.0,-10000000000.0,0.0,-10000000000.0,1.0,0.0,0.0,-10000000000.0
bloodmnist:test:707,6ea27bb31beda9de994638467c93a6aef98636fa0dd6fe82a92fbfbfa72737d5,bloodmnist_demo,1729,test,4,4,1.1205703832090563,0.0,-10000000000.0,0.0,-10000000000.0,0.0,-10000000000.0,0.0,-10000000000.0,1.0,0.0,0.0,-10000000000.0
bloodmnist:test:708,1ce5001847ff430a1bcd5aec7965790c5679e3d20875f0dd9734bf2c00ec34cf,bloodmnist_demo,1729,test,0,4,1.1205703832090563,0.0,-10000000000.0,0.0,-10000000000.0,0.0,-10000000000.0,0.0,-10000000000.0,1.0,0.0,0.0,-10000000000.0
bloodmnist:test:709,506100ea8be598ed8756df59ce9e28727b8d71861df06a575a73d95a99c980a5,bloodmnist_demo,1729,test,2,4,1.1205703832090563,0.0,-10000000000.0,0.0,-10000000000.0,0.0,-10000000000.0,0.0,-10000000000.0,1.0,0.0,0.0,-10000000000.0
bloodmnist:test:710,f14fd7269ed621f11ae5d9e7bbf0c1e35ec11d4859b0592d817c7a66e690b7e3,bloodmnist_demo,1729,test,4,4,1.1205703832090563,0.0,-10000000000.0,0.0,-10000000000.0,0.0,-10000000000.0,0.0,-10000000000.0,1.0,0.0,0.0,-10000000000.0
bloodmnist:test:712,3348974d4b0419357b57391165bbf67a84edc46fbb4665af0cfb2796c5a00191,bloodmnist_demo,1729,test,2,4,1.1205703832090563,0.0,-10000000000.0,0.0,-10000000000.0,0.0,-10000000000.0,0.0,-10000000000.0,1.0,0.0,0.0,-10000000000.0
bloodmnist:test:713,f9f4980ba44169ae9ab902b051874c67c1fa8baa692a722fcfce81aff74b8e1c,bloodmnist_demo,1729,test,4,4,1.1205703832090563,0.0,-10000000000.0,0.0,-10000000000.0,0.0,-10000000000.0,0.0,-10000000000.0,1.0,0.0,0.0,-10000000000.0
bloodmnist:test:714,bdc7f8a06bd86bac6fd198f153fd5443a1f130cc5211cd4a4dc49326000bc01c,bloodmnist_demo,1729,test,5,4,1.1205703832090563,0.0,-10000000000.0,0.0,-10000000000.0,0.0,-10000000000.0,0.0,-10000000000.0,1.0,0.0,0.0,-10000000000.0
bloodmnist:test:715,9e662a2aa25572fb617cee1174bde670642d8c00bf5d49e36bed51cd971f313e,bloodmnist_demo,1729,test,0,4,1.1205703832090563,0.0,-10000000000.0,0.0,-10000000000.0,0.0,-10000000000.0,0.0,-10000000000.0,1.0,0.0,0.0,-10000000000.0
bloodmnist:test:716,abee391358df39cad0297d216284c1097e1fcf393cdfb60137a0b3a1f7cf3e6d,bloodmnist_demo,1729,test,3,4,1.1205703832090563,0.0,-10000000000.0,0.0,-10000000000.0,0.0,-10000000000.0,0.0,-10000000000.0,1.0,0.0,0.0,-10000000000.0
bloodmnist:test:717,7171472d9901a68b07412c1a70be605c6bd2ece196ce3ebced97081fbc56d619,bloodmnist_demo,1729,test,2,4,1.1205703832090563,0.0,-10000000000.0,0.0,-10000000000.0,0.0,-10000000000.0,0.0,-10000000000.0,1.0,0.0,0.0,-10000000000.0
bloodmnist:test:720,d0692eaa8ba040821aacebc0ffadc80ee1de5d3c5a9e09d371e51a2ebb2dae5f,bloodmnist_demo,1729,test,4,4,1.1205703832090563,0.0,-10000000000.0,0.0,-10000000000.0,0.0,-10000000000.0,0.0,-10000000000.0,1.0,0.0,0.0,-10000000000.0
bloodmnist:test:721,1fce2816ce9cb91083fbdf59541e977fe1d77b5b2868c99218ad6aac653cabf8,bloodmnist_demo,1729,test,4,4,1.1205703832090563,0.0,-10000000000.0,0.0,-10000000000.0,0.0,-10000000000.0,0.0,-10000000000.0,1.0,0.0,0.0,-10000000000.0
bloodmnist:test:722,fa5281d15e61195ba8ff2b7709dc8518fd119ece3660bb2be87ded56ad69cfa4,bloodmnist_demo,1729,test,4,4,1.1205703832090563,0.0,-10000000000.0,0.0,-10000000000.0,0.0,-10000000000.0,0.0,-10000000000.0,1.0,0.0,0.0,-10000000000.0
bloodmnist:test:724,3f2e071d02fdc7b1eed7e948180b87a49bf522b0300b80df8abd77594aa87ef2,bloodmnist_demo,1729,test,5,4,1.1205703832090563,0.0,-10000000000.0,0.0,-10000000000.0,0.0,-10000000000.0,0.0,-10000000000.0,1.0,0.0,0.0,-10000000000.0
bloodmnist:test:725,f06188f4780e585d377e99d3187b5b22df4550d4d46905bc1ee8828466578df3,bloodmnist_demo,1729,test,4,4,1.1205703832090563,0.0,-10000000000.0,0.0,-10000000000.0,0.0,-10000000000.0,0.0,-10000000000.0,1.0,0.0,0.0,-10000000000.0
bloodmnist:test:726,cf628b75d3d339e65ed0201cdd7d33b2fb0ba1ddb67e8b1f1f07be8cdab50738,bloodmnist_demo,1729,test,5,4,1.1205703832090563,0.0,-10000000000.0,0.0,-10000000000.0,0.0,-10000000000.0,0.0,-10000000000.0,1.0,0.0,0.0,-10000000000.0
bloodmnist:test:727,66909d3a15ba03cf9b3a46ef8a3468056eae72912dc24c1e0b55dabf14a1abf8,bloodmnist_demo,1729,test,1,4,1.1205703832090563,0.0,-10000000000.0,0.0,-10000000000.0,0.0,-10000000000.0,0.0,-10000000000.0,1.0,0.0,0.0,-10000000000.0
bloodmnist:test:728,3c8597daaf1bf43c2d7115e11d5e9993079f845beb1e8160aab8e1ec8b3bb96e,bloodmnist_demo,1729,test,4,4,1.1205703832090563,0.0,-10000000000.0,0.0,-10000000000.0,0.0,-10000000000.0,0.0,-10000000000.0,1.0,0.0,0.0,-10000000000.0
bloodmnist:test:729,6a9a468f8d48d7a5c58d8138ef3eaf3eae9a9cf895f9217aa4363864be8c428e,bloodmnist_demo,1729,test,1,4,1.1205703832090563,0.0,-10000000000.0,0.0,-10000000000.0,0.0,-10000000000.0,0.0,-10000000000.0,1.0,0.0,0.0,-10000000000.0
bloodmnist:test:730,c0fe91d302d63711d5fc8ee309dedbb12eaa0663b8632b457fc05a63d990a3c4,bloodmnist_demo,1729,test,5,4,1.1205703832090563,0.0,-10000000000.0,0.0,-10000000000.0,0.0,-10000000000.0,0.0,-10000000000.0,1.0,0.0,0.0,-10000000000.0
bloodmnist:test:732,fc774839d060e6b583452671e89f5483d7f1ca5ffb67cb9fe6727bd1df962fe2,bloodmnist_demo,1729,test,3,4,1.1205703832090563,0.0,-10000000000.0,0.0,-10000000000.0,0.0,-10000000000.0,0.0,-10000000000.0,1.0,0.0,0.0,-10000000000.0
bloodmnist:test:733,2bc278d40ddaae53d2e7fcb65e434c5061eb5a49194a83c8bdd12b7a467fb278,bloodmnist_demo,1729,test,1,4,1.1205703832090563,0.0,-10000000000.0,0.0,-10000000000.0,0.0,-10000000000.0,0.0,-10000000000.0,1.0,0.0,0.0,-10000000000.0
bloodmnist:test:734,23fb43e379074cf5d0952041091442b529dfc89e4a8e1744a9ace21b2454318f,bloodmnist_demo,1729,test,4,4,1.1205703832090563,0.0,-10000000000.0,0.0,-10000000000.0,0.0,-10000000000.0,0.0,-10000000000.0,1.0,0.0,0.0,-10000000000.0
bloodmnist:test:735,4fa579f354223ede9b49d0e836688d069adada1359854c13995c26604e599d30,bloodmnist_demo,1729,test,1,4,1.1205703832090563,0.0,-10000000000.0,0.0,-10000000000.0,0.0,-10000000000.0,0.0,-10000000000.0,1.0,0.0,0.0,-10000000000.0
bloodmnist:test:736,7c505adaf8d2b09c5b57a1d35e78a4543f690e18b811652ec2908a94e69a220b,bloodmnist_demo,1729,test,3,4,1.1205703832090563,0.0,-10000000000.0,0.0,-10000000000.0,0.0,-10000000000.0,0.0,-10000000000.0,1.0,0.0,0.0,-10000000000.0
bloodmnist:test:737,0356e4b65681901db51ffbaa2a2e41c3c4ebe5a200f6c457bbe28b082ad22e94,bloodmnist_demo,1729,test,2,4,1.1205703832090563,0.0,-10000000000.0,0.0,-10000000000.0,0.0,-10000000000.0,0.0,-10000000000.0,1.0,0.0,0.0,-10000000000.0
bloodmnist:test:740,f8c5c1a123441e229e128eebc4e4231973b27a15c20d84c2a7ab29214335f4f3,bloodmnist_demo,1729,test,5,4,1.1205703832090563,0.0,-10000000000.0,0.0,-10000000000.0,0.0,-10000000000.0,0.0,-10000000000.0,1.0,0.0,0.0,-10000000000.0
bloodmnist:test:741,74ad702139253f000b70f4940d8142a2c8224c8d143149aa62a6b6700844b115,bloodmnist_demo,1729,test,5,4,1.1205703832090563,0.0,-10000000000.0,0.0,-10000000000.0,0.0,-10000000000.0,0.0,-10000000000.0,1.0,0.0,0.0,-10000000000.0
bloodmnist:test:742,99e764553f8ce0f3f7c8a64ff8fcbc3bc4a0f1da669d293f3d1b756ecfcf790a,bloodmnist_demo,1729,test,0,4,1.1205703832090563,0.0,-10000000000.0,0.0,-10000000000.0,0.0,-10000000000.0,0.0,-10000000000.0,1.0,0.0,0.0,-10000000000.0
bloodmnist:test:743,6f18d280e553df226146c549838e4537dff586ae3c40c46d7a4594ffbf3850f4,bloodmnist_demo,1729,test,4,4,1.1205703832090563,0.0,-10000000000.0,0.0,-10000000000.0,0.0,-10000000000.0,0.0,-10000000000.0,1.0,0.0,0.0,-10000000000.0
bloodmnist:test:744,6c80d3e80b06724a289d19e872b5ea04102645252dad6f6482d652d3458bbfcd,bloodmnist_demo,1729,test,1,4,1.1205703832090563,0.0,-10000000000.0,0.0,-10000000000.0,0.0,-10000000000.0,0.0,-10000000000.0,1.0,0.0,0.0,-10000000000.0
bloodmnist:test:746,8bb29dd5fcf06ac1c565912e53bcf7a67287bb3e647f79d4bbd155a8770c63b8,bloodmnist_demo,1729,test,1,4,1.1205703832090563,0.0,-10000000000.0,0.0,-10000000000.0,0.0,-10000000000.0,0.0,-10000000000.0,1.0,0.0,0.0,-10000000000.0
bloodmnist:test:747,d9de27e9658bbfd25cdab7bc1824640a41bc5a2bdf48b3c3c9521175610afb47,bloodmnist_demo,1729,test,3,4,1.1205703832090563,0.0,-10000000000.0,0.0,-10000000000.0,0.0,-10000000000.0,0.0,-10000000000.0,1.0,0.0,0.0,-10000000000.0
bloodmnist:test:750,832d52864ce0d50498a64ab89e8f4c4d7d0a4d11a4a010c1afa21c0bff5d127b,bloodmnist_demo,1729,test,0,4,1.1205703832090563,0.0,-10000000000.0,0.0,-10000000000.0,0.0,-10000000000.0,0.0,-10000000000.0,1.0,0.0,0.0,-10000000000.0
bloodmnist:test:751,1daed0b660859524764157ca3c446c97f8aecb30e7836f705d41a0abcda0daf0,bloodmnist_demo,1729,test,4,4,1.1205703832090563,0.0,-10000000000.0,0.0,-10000000000.0,0.0,-10000000000.0,0.0,-10000000000.0,1.0,0.0,0.0,-10000000000.0
bloodmnist:test:752,fccb2e6e5ea56dd759eeba9f8560469adb0c879fc4dd9eaa746e2f6bf82309a8,bloodmnist_demo,1729,test,1,4,1.1205703832090563,0.0,-10000000000.0,0.0,-10000000000.0,0.0,-10000000000.0,0.0,-10000000000.0,1.0,0.0,0.0,-10000000000.0
bloodmnist:test:753,64e6f0931c112b0f758ef68e4119bbfcdca5b54db72cd2316a37ddb2f942f2bb,bloodmnist_demo,1729,test,0,4,1.1205703832090563,0.0,-10000000000.0,0.0,-10000000000.0,0.0,-10000000000.0,0.0,-10000000000.0,1.0,0.0,0.0,-10000000000.0
bloodmnist:test:754,3ee9338c3830760e04498da351b3b31fb1217ce626064e6bf8294adc1476bab4,bloodmnist_demo,1729,test,3,4,1.1205703832090563,0.0,-10000000000.0,0.0,-10000000000.0,0.0,-10000000000.0,0.0,-10000000000.0,1.0,0.0,0.0,-10000000000.0
bloodmnist:test:755,19555f1afe229f8fd6d3b0338c12c52a95194d2734f606cae1b74904fa3dc450,bloodmnist_demo,1729,test,5,4,1.1205703832090563,0.0,-10000000000.0,0.0,-10000000000.0,0.0,-10000000000.0,0.0,-10000000000.0,1.0,0.0,0.0,-10000000000.0
bloodmnist:test:756,0b6c000a3bdb136ba23f56dce7e50555a9b121078bb9d4a1f5aa92f6280eefe4,bloodmnist_demo,1729,test,1,4,1.1205703832090563,0.0,-10000000000.0,0.0,-10000000000.0,0.0,-10000000000.0,0.0,-10000000000.0,1.0,0.0,0.0,-10000000000.0
bloodmnist:test:757,23da87d6e70530ecae585d647cef7f898d175ca821848f7a7fb10d058edac523,bloodmnist_demo,1729,test,1,4,1.1205703832090563,0.0,-10000000000.0,0.0,-10000000000.0,0.0,-10000000000.0,0.0,-10000000000.0,1.0,0.0,0.0,-10000000000.0
bloodmnist:test:758,ab0529eca28bc26aa83ed1cf636d23c0da380dcb712a1d5b6ac689917c05e129,bloodmnist_demo,1729,test,5,4,1.1205703832090563,0.0,-10000000000.0,0.0,-10000000000.0,0.0,-10000000000.0,0.0,-10000000000.0,1.0,0.0,0.0,-10000000000.0
bloodmnist:test:759,4357a405f762c11c0f9587b56d1815417261d6e16a245615414f464b560e1b8f,bloodmnist_demo,1729,test,1,4,1.1205703832090563,0.0,-10000000000.0,0.0,-10000000000.0,0.0,-10000000000.0,0.0,-10000000000.0,1.0,0.0,0.0,-10000000000.0
bloodmnist:test:761,6d73648c46c3620036cb7a7774eaae6087738c624bb9cf85e3c192a7c6f54bc8,bloodmnist_demo,1729,test,0,4,1.1205703832090563,0.0,-10000000000.0,0.0,-10000000000.0,0.0,-10000000000.0,0.0,-10000000000.0,1.0,0.0,0.0,-10000000000.0
bloodmnist:test:763,c413c547d852fea39c0099bc7e16a27e4c8af6a6a7dc8af7e208692b9489c01a,bloodmnist_demo,1729,test,4,4,1.1205703832090563,0.0,-10000000000.0,0.0,-10000000000.0,0.0,-10000000000.0,0.0,-10000000000.0,1.0,0.0,0.0,-10000000000.0
bloodmnist:test:764,32a5efb5675b9075def54f20a5c5b39a7afe7613e156bccf21f5fd0330af743e,bloodmnist_demo,1729,test,4,4,1.1205703832090563,0.0,-10000000000.0,0.0,-10000000000.0,0.0,-10000000000.0,0.0,-10000000000.0,1.0,0.0,0.0,-10000000000.0
bloodmnist:test:765,3c90931582e2d12178846faaf0caa05e0ef9665c32813f4c68c529cf7858785d,bloodmnist_demo,1729,test,4,4,1.1205703832090563,0.0,-10000000000.0,0.0,-10000000000.0,0.0,-10000000000.0,0.0,-10000000000.0,1.0,0.0,0.0,-10000000000.0
bloodmnist:test:766,5702cd1fb3a196f448b594ec5fccbb338a9a0a973eb63ed7cd39c26c8d59034d,bloodmnist_demo,1729,test,1,4,1.1205703832090563,0.0,-10000000000.0,0.0,-10000000000.0,0.0,-10000000000.0,0.0,-10000000000.0,1.0,0.0,0.0,-10000000000.0
bloodmnist:test:767,26eacd2e1eb5a880e5e414122f91a10290536375ccf058701a8d1b9d4d81e406,bloodmnist_demo,1729,test,5,4,1.1205703832090563,0.0,-10000000000.0,0.0,-10000000000.0,0.0,-10000000000.0,0.0,-10000000000.0,1.0,0.0,0.0,-10000000000.0
bloodmnist:test:770,b737d308350f879774407a998b6592553425ed3dd4fd196643e5b76101aeeda6,bloodmnist_demo,1729,test,2,4,1.1205703832090563,0.0,-10000000000.0,0.0,-10000000000.0,0.0,-10000000000.0,0.0,-10000000000.0,1.0,0.0,0.0,-10000000000.0
bloodmnist:test:771,5310c6c140a3bbd2d07b73a25b0daa1153e785319990f58e6342d027da9f6f44,bloodmnist_demo,1729,test,2,4,1.1205703832090563,0.0,-10000000000.0,0.0,-10000000000.0,0.0,-10000000000.0,0.0,-10000000000.0,1.0,0.0,0.0,-10000000000.0
bloodmnist:test:772,101786bdef40a8544911c4c67be06dc5b36c85742e483f0777650ab881b21059,bloodmnist_demo,1729,test,4,4,1.1205703832090563,0.0,-10000000000.0,0.0,-10000000000.0,0.0,-10000000000.0,0.0,-10000000000.0,1.0,0.0,0.0,-10000000000.0
bloodmnist:test:773,53f43c22b8b59c28e64d442c266bcb02cfccf82dd6ddb941d5bff731b7b1708d,bloodmnist_demo,1729,test,5,4,1.1205703832090563,0.0,-10000000000.0,0.0,-10000000000.0,0.0,-10000000000.0,0.0,-10000000000.0,1.0,0.0,0.0,-10000000000.0
bloodmnist:test:774,dce038692e89db11656da2e38e2b642f4c598ef55a2ce5dfd9337e74403d5fa6,bloodmnist_demo,1729,test,1,4,1.1205703832090563,0.0,-10000000000.0,0.0,-10000000000.0,0.0,-10000000000.0,0.0,-10000000000.0,1.0,0.0,0.0,-10000000000.0
bloodmnist:test:776,c71562e9ae04917fa1624e912ebafb295d2f7e216092daff9e721d44672d3b15,bloodmnist_demo,1729,test,3,4,1.1205703832090563,0.0,-10000000000.0,0.0,-10000000000.0,0.0,-10000000000.0,0.0,-10000000000.0,1.0,0.0,0.0,-10000000000.0
bloodmnist:test:777,4d3f39b54b5735d612e4958c971504a36a52c12c32971d1881606426b04a6774,bloodmnist_demo,1729,test,2,4,1.1205703832090563,0.0,-10000000000.0,0.0,-10000000000.0,0.0,-10000000000.0,0.0,-10000000000.0,1.0,0.0,0.0,-10000000000.0
bloodmnist:test:778,3a595d20c14661b9216e6b39fe982fe962a642347bffb07db7bf9876c3a4ea64,bloodmnist_demo,1729,test,1,4,1.1205703832090563,0.0,-10000000000.0,0.0,-10000000000.0,0.0,-10000000000.0,0.0,-10000000000.0,1.0,0.0,0.0,-10000000000.0
bloodmnist:test:779,3f025206e93af3e5cbc42684c13d7b53ec3838bad26ce17f1532d8c96532b1aa,bloodmnist_demo,1729,test,1,4,1.1205703832090563,0.0,-10000000000.0,0.0,-10000000000.0,0.0,-10000000000.0,0.0,-10000000000.0,1.0,0.0,0.0,-10000000000.0
bloodmnist:test:780,fb6a038a81c4e6a951f6289c479ac1778c955e231fcf82caaaab70ff7fa16f59,bloodmnist_demo,1729,test,3,4,1.1205703832090563,0.0,-10000000000.0,0.0,-10000000000.0,0.0,-10000000000.0,0.0,-10000000000.0,1.0,0.0,0.0,-10000000000.0
bloodmnist:test:781,62d2b8e0203380aad56adbf5b740e43278b68357e7dff7b074914d7ee4767c21,bloodmnist_demo,1729,test,4,4,1.1205703832090563,0.0,-10000000000.0,0.0,-10000000000.0,0.0,-10000000000.0,0.0,-10000000000.0,1.0,0.0,0.0,-10000000000.0
bloodmnist:test:782,b3cea2f8c0c4cd7ed04803523539cc37d1ce5527b76806b74c4d489e778110e1,bloodmnist_demo,1729,test,4,4,1.1205703832090563,0.0,-10000000000.0,0.0,-10000000000.0,0.0,-10000000000.0,0.0,-10000000000.0,1.0,0.0,0.0,-10000000000.0
bloodmnist:test:783,3bd5300537e9bb3036b7f26a7f862ea87aac97be38a5b4bc1354949ad489c853,bloodmnist_demo,1729,test,1,4,1.1205703832090563,0.0,-10000000000.0,0.0,-10000000000.0,0.0,-10000000000.0,0.0,-10000000000.0,1.0,0.0,0.0,-10000000000.0
bloodmnist:test:785,af742a5bbe875c2aee54b26b3e206beb84e4c0110a4d41960482ef8051d346ff,bloodmnist_demo,1729,test,1,4,1.1205703832090563,0.0,-10000000000.0,0.0,-10000000000.0,0.0,-10000000000.0,0.0,-10000000000.0,1.0,0.0,0.0,-10000000000.0
bloodmnist:test:786,5cb0d17889260002cc9836feb26d626d4c686e42767cdc5ac655f858896c622e,bloodmnist_demo,1729,test,5,4,1.1205703832090563,0.0,-10000000000.0,0.0,-10000000000.0,0.0,-10000000000.0,0.0,-10000000000.0,1.0,0.0,0.0,-10000000000.0
bloodmnist:test:789,38913b72b0e47b7f991d43631f0f3c5087d6b68c1be900c8755cdec909b5b96b,bloodmnist_demo,1729,test,3,4,1.1205703832090563,0.0,-10000000000.0,0.0,-10000000000.0,0.0,-10000000000.0,0.0,-10000000000.0,1.0,0.0,0.0,-10000000000.0
bloodmnist:test:792,d531433dfaf61d98a76d347c79c834310c84956847839a2ac0fb1adf1eb5c722,bloodmnist_demo,1729,test,5,4,1.1205703832090563,0.0,-10000000000.0,0.0,-10000000000.0,0.0,-10000000000.0,0.0,-10000000000.0,1.0,0.0,0.0,-10000000000.0
bloodmnist:test:793,de7a9c502f47b500fc2ece5b86e275f2983f74de22251d1cffbe2b13d2f43d48,bloodmnist_demo,1729,test,0,4,1.1205703832090563,0.0,-10000000000.0,0.0,-10000000000.0,0.0,-10000000000.0,0.0,-10000000000.0,1.0,0.0,0.0,-10000000000.0
bloodmnist:test:794,31f81c5d51d5ab735b4c2f4936ec325e26282178429feb1dff4ee23e37e3ed28,bloodmnist_demo,1729,test,3,4,1.1205703832090563,0.0,-10000000000.0,0.0,-10000000000.0,0.0,-10000000000.0,0.0,-10000000000.0,1.0,0.0,0.0,-10000000000.0
bloodmnist:test:795,fccb229b37a499fedbdfeba8e0ebe2e98e988d94a989aa346e44ea0582099c65,bloodmnist_demo,1729,test,4,4,1.1205703832090563,0.0,-10000000000.0,0.0,-10000000000.0,0.0,-10000000000.0,0.0,-10000000000.0,1.0,0.0,0.0,-10000000000.0
bloodmnist:test:796,5173a8a0e520008d4cbd2b92a2b3054a8c92efc993b05101e5ed9e5b1b1f5a33,bloodmnist_demo,1729,test,4,4,1.1205703832090563,0.0,-10000000000.0,0.0,-10000000000.0,0.0,-10000000000.0,0.0,-10000000000.0,1.0,0.0,0.0,-10000000000.0
bloodmnist:test:798,48794ba9a90c77098645ce66fe597a5fe77ee9cd073d302c2442fc044c03f238,bloodmnist_demo,1729,test,5,4,1.1205703832090563,0.0,-10000000000.0,0.0,-10000000000.0,0.0,-10000000000.0,0.0,-10000000000.0,1.0,0.0,0.0,-10000000000.0
bloodmnist:test:799,395f40fceb34e03a255caf0345c430243a1f5aeb42bb772da1b8083bfc7d9215,bloodmnist_demo,1729,test,3,4,1.1205703832090563,0.0,-10000000000.0,0.0,-10000000000.0,0.0,-10000000000.0,0.0,-10000000000.0,1.0,0.0,0.0,-10000000000.0
bloodmnist:test:800,dce3f55c5b8c67ad61e269b9b5cfe6c5e483d0c5cfe6b2cac1f83a91dc1c7627,bloodmnist_demo,1729,test,5,4,1.1205703832090563,0.0,-10000000000.0,0.0,-10000000000.0,0.0,-10000000000.0,0.0,-10000000000.0,1.0,0.0,0.0,-10000000000.0
bloodmnist:test:801,8f9cac7baa168bdd55b80dc0ae034d1f5d17b75a4ffb8ab1008429b25579458f,bloodmnist_demo,1729,test,4,4,1.1205703832090563,0.0,-10000000000.0,0.0,-10000000000.0,0.0,-10000000000.0,0.0,-10000000000.0,1.0,0.0,0.0,-10000000000.0
bloodmnist:test:802,a14c904cf114403d0cbdbddd243d29ac1c0a9b4f4b015a0b61bf72ea6754993b,bloodmnist_demo,1729,test,2,4,1.1205703832090563,0.0,-10000000000.0,0.0,-10000000000.0,0.0,-10000000000.0,0.0,-10000000000.0,1.0,0.0,0.0,-10000000000.0
bloodmnist:test:803,72ab6c9e1c297eb5891cc2a4606d8169d902053c05da6cc911c309594af10ea4,bloodmnist_demo,1729,test,5,4,1.1205703832090563,0.0,-10000000000.0,0.0,-10000000000.0,0.0,-10000000000.0,0.0,-10000000000.0,1.0,0.0,0.0,-10000000000.0
bloodmnist:test:804,d47f262159afbd77c8f082b83e16ffd4a112c28a17b343169ecaac1bfedd72b4,bloodmnist_demo,1729,test,2,4,1.1205703832090563,0.0,-10000000000.0,0.0,-10000000000.0,0.0,-10000000000.0,0.0,-10000000000.0,1.0,0.0,0.0,-10000000000.0
bloodmnist:test:805,8fd0a0cdb00fd6f83afae8c83b0874d08fada24e28fc3a76224fda4f6751188b,bloodmnist_demo,1729,test,5,4,1.1205703832090563,0.0,-10000000000.0,0.0,-10000000000.0,0.0,-10000000000.0,0.0,-10000000000.0,1.0,0.0,0.0,-10000000000.0
bloodmnist:test:807,fcf4e88a9c4340af9f9883fc357d88b05513d36fcf1b8ebd25da8cd723e85646,bloodmnist_demo,1729,test,1,4,1.1205703832090563,0.0,-10000000000.0,0.0,-10000000000.0,0.0,-10000000000.0,0.0,-10000000000.0,1.0,0.0,0.0,-10000000000.0
bloodmnist:test:809,e4c5be09f1f6999893c00e889b62fb2d2f886bbd66f64c0d4d13ce7b247635cc,bloodmnist_demo,1729,test,4,4,1.1205703832090563,0.0,-10000000000.0,0.0,-10000000000.0,0.0,-10000000000.0,0.0,-10000000000.0,1.0,0.0,0.0,-10000000000.0
bloodmnist:test:810,a338e254cc724cf7df064522a728923a85c130f9a25368c8b21b5b8b99ca9710,bloodmnist_demo,1729,test,4,4,1.1205703832090563,0.0,-10000000000.0,0.0,-10000000000.0,0.0,-10000000000.0,0.0,-10000000000.0,1.0,0.0,0.0,-10000000000.0
bloodmnist:test:811,c181f34f961c7e431c2df31e54e14c94b8fffa303f9252fe381c5fe47ac4a972,bloodmnist_demo,1729,test,4,4,1.1205703832090563,0.0,-10000000000.0,0.0,-10000000000.0,0.0,-10000000000.0,0.0,-10000000000.0,1.0,0.0,0.0,-10000000000.0
bloodmnist:test:812,d8a076b747e2633f514bf21f0b320e7013ff2ca442b428fc42729cf64ce320d4,bloodmnist_demo,1729,test,4,4,1.1205703832090563,0.0,-10000000000.0,0.0,-10000000000.0,0.0,-10000000000.0,0.0,-10000000000.0,1.0,0.0,0.0,-10000000000.0
bloodmnist:test:813,45114fa68d653d8331d107157f2847db7f39f00185a86704874e936ad00357bc,bloodmnist_demo,1729,test,4,4,1.1205703832090563,0.0,-10000000000.0,0.0,-10000000000.0,0.0,-10000000000.0,0.0,-10000000000.0,1.0,0.0,0.0,-10000000000.0
bloodmnist:test:814,3426170157c01b19d0e9e3c091ba05ea66e43bb4e551b516c8193a9c2b678771,bloodmnist_demo,1729,test,5,4,1.1205703832090563,0.0,-10000000000.0,0.0,-10000000000.0,0.0,-10000000000.0,0.0,-10000000000.0,1.0,0.0,0.0,-10000000000.0
bloodmnist:test:815,2de552379d7a3111947007377e68fc286a8829354b28efb14f4e2726538aa252,bloodmnist_demo,1729,test,1,4,1.1205703832090563,0.0,-10000000000.0,0.0,-10000000000.0,0.0,-10000000000.0,0.0,-10000000000.0,1.0,0.0,0.0,-10000000000.0
bloodmnist:test:816,eb620e24e6d8eb83a7c67c681f7e081d40c03c733229cc26372b198b741db5d1,bloodmnist_demo,1729,test,4,4,1.1205703832090563,0.0,-10000000000.0,0.0,-10000000000.0,0.0,-10000000000.0,0.0,-10000000000.0,1.0,0.0,0.0,-10000000000.0
bloodmnist:test:817,082f3b9111139a323a815bfd1ee45b82342e25bc8f3414d85f551dd576119621,bloodmnist_demo,1729,test,2,4,1.1205703832090563,0.0,-10000000000.0,0.0,-10000000000.0,0.0,-10000000000.0,0.0,-10000000000.0,1.0,0.0,0.0,-10000000000.0
bloodmnist:test:818,0f51f8249d6ffd49c34242a244b5fe7f33ac17fe718b4f7ee99a8d0055222102,bloodmnist_demo,1729,test,4,4,1.1205703832090563,0.0,-10000000000.0,0.0,-10000000000.0,0.0,-10000000000.0,0.0,-10000000000.0,1.0,0.0,0.0,-10000000000.0
bloodmnist:test:819,f36968e447bce29355dee082cd9116a2a6346c79182965cde3a2aaeaf6f64125,bloodmnist_demo,1729,test,4,4,1.1205703832090563,0.0,-10000000000.0,0.0,-10000000000.0,0.0,-10000000000.0,0.0,-10000000000.0,1.0,0.0,0.0,-10000000000.0
bloodmnist:test:821,c269b1c7d3219d2fa638aa3a62cb442d8b156973582901c56859f73289d8398e,bloodmnist_demo,1729,test,5,4,1.1205703832090563,0.0,-10000000000.0,0.0,-10000000000.0,0.0,-10000000000.0,0.0,-10000000000.0,1.0,0.0,0.0,-10000000000.0
bloodmnist:test:822,63f4a686a061d1bcaf961261b1cc303fa95507036f1455d4247232f9985cef0a,bloodmnist_demo,1729,test,1,4,1.1205703832090563,0.0,-10000000000.0,0.0,-10000000000.0,0.0,-10000000000.0,0.0,-10000000000.0,1.0,0.0,0.0,-10000000000.0
bloodmnist:test:824,7c61fecaf4985f1f39400b224ecb15c20d08a5a0ef8297e789356d1571729dc1,bloodmnist_demo,1729,test,4,4,1.1205703832090563,0.0,-10000000000.0,0.0,-10000000000.0,0.0,-10000000000.0,0.0,-10000000000.0,1.0,0.0,0.0,-10000000000.0
bloodmnist:test:825,1821c3027f06be3b796e9005422d674394ed5f9ac1f9904b946ce9f3fe066a23,bloodmnist_demo,1729,test,1,4,1.1205703832090563,0.0,-10000000000.0,0.0,-10000000000.0,0.0,-10000000000.0,0.0,-10000000000.0,1.0,0.0,0.0,-10000000000.0
bloodmnist:test:826,226b7f98159e4d62bb499aea2170c809debb6476e4ce1e131b29b4497ca49eb6,bloodmnist_demo,1729,test,2,4,1.1205703832090563,0.0,-10000000000.0,0.0,-10000000000.0,0.0,-10000000000.0,0.0,-10000000000.0,1.0,0.0,0.0,-10000000000.0
bloodmnist:test:827,e92cfe5cbbce6b1f26c14df88d56bae88a58288d4966daeb20b57a5fb32b945d,bloodmnist_demo,1729,test,4,4,1.1205703832090563,0.0,-10000000000.0,0.0,-10000000000.0,0.0,-10000000000.0,0.0,-10000000000.0,1.0,0.0,0.0,-10000000000.0
bloodmnist:test:829,cd47081169beebeb3b2a20519c943394d1ff40c43dec051a4c472007f2120ddc,bloodmnist_demo,1729,test,5,4,1.1205703832090563,0.0,-10000000000.0,0.0,-10000000000.0,0.0,-10000000000.0,0.0,-10000000000.0,1.0,0.0,0.0,-10000000000.0
bloodmnist:test:830,10c66af3148b85fb885f43e60de0451bfed2f20b185757147759f30bc50282c2,bloodmnist_demo,1729,test,4,4,1.1205703832090563,0.0,-10000000000.0,0.0,-10000000000.0,0.0,-10000000000.0,0.0,-10000000000.0,1.0,0.0,0.0,-10000000000.0
bloodmnist:test:831,254e7a16559a162ba0dbc8d76e944ef10376eb61fdbc4a5703fc2feaef495f99,bloodmnist_demo,1729,test,5,4,1.1205703832090563,0.0,-10000000000.0,0.0,-10000000000.0,0.0,-10000000000.0,0.0,-10000000000.0,1.0,0.0,0.0,-10000000000.0
bloodmnist:test:832,5757b47d8bad96fde4fb0c1ccfc62aa7dc2162d7dc110c945f0bed82a1e985a8,bloodmnist_demo,1729,test,5,4,1.1205703832090563,0.0,-10000000000.0,0.0,-10000000000.0,0.0,-10000000000.0,0.0,-10000000000.0,1.0,0.0,0.0,-10000000000.0
bloodmnist:test:833,c4a90abca0ee5d1ea55c3229b5b8d542c2a59746c2d7874be7cba751996933df,bloodmnist_demo,1729,test,5,4,1.1205703832090563,0.0,-10000000000.0,0.0,-10000000000.0,0.0,-10000000000.0,0.0,-10000000000.0,1.0,0.0,0.0,-10000000000.0
bloodmnist:test:834,9a77036cbc01dcdca45fbf9d462492f62a7fd5f3a7e8b4d78d24de93b95990cf,bloodmnist_demo,1729,test,0,4,1.1205703832090563,0.0,-10000000000.0,0.0,-10000000000.0,0.0,-10000000000.0,0.0,-10000000000.0,1.0,0.0,0.0,-10000000000.0
bloodmnist:test:835,832e7d6cd646a2dbffb06b5717dea74419b8bf019fbdc5ad786a9962603f4d11,bloodmnist_demo,1729,test,5,4,1.1205703832090563,0.0,-10000000000.0,0.0,-10000000000.0,0.0,-10000000000.0,0.0,-10000000000.0,1.0,0.0,0.0,-10000000000.0
bloodmnist:test:836,d5ad6a4dbcd855754647db81e438c30980e03eb11cd200e39f057010cf6c4331,bloodmnist_demo,1729,test,0,4,1.1205703832090563,0.0,-10000000000.0,0.0,-10000000000.0,0.0,-10000000000.0,0.0,-10000000000.0,1.0,0.0,0.0,-10000000000.0
bloodmnist:test:837,b5646e863dc9552bec86765a66687557ef40f1dec7cdbcbacb914a8d8ba076d3,bloodmnist_demo,1729,test,4,4,1.1205703832090563,0.0,-10000000000.0,0.0,-10000000000.0,0.0,-10000000000.0,0.0,-10000000000.0,1.0,0.0,0.0,-10000000000.0
bloodmnist:test:838,aa9ed2868b97566bd3bb32320b807887f24ea1b74bf2e2e48c8a9b1e778ff740,bloodmnist_demo,1729,test,5,4,1.1205703832090563,0.0,-10000000000.0,0.0,-10000000000.0,0.0,-10000000000.0,0.0,-10000000000.0,1.0,0.0,0.0,-10000000000.0
bloodmnist:test:839,55697408bbaf7516bd1e0dd4fa9d4d4c057a053b94ec928bf71bad55dac976a4,bloodmnist_demo,1729,test,4,4,1.1205703832090563,0.0,-10000000000.0,0.0,-10000000000.0,0.0,-10000000000.0,0.0,-10000000000.0,1.0,0.0,0.0,-10000000000.0
bloodmnist:test:841,2341b4e7026c559879cc74fbb20611b609599f992f6fc28ca72571d2f335b505,bloodmnist_demo,1729,test,5,4,1.1205703832090563,0.0,-10000000000.0,0.0,-10000000000.0,0.0,-10000000000.0,0.0,-10000000000.0,1.0,0.0,0.0,-10000000000.0
bloodmnist:test:843,d5efdc402c8e7417e6e8f70c163db9583e476ca3a824caea29743aeaf0dd7f11,bloodmnist_demo,1729,test,2,4,1.1205703832090563,0.0,-10000000000.0,0.0,-10000000000.0,0.0,-10000000000.0,0.0,-10000000000.0,1.0,0.0,0.0,-10000000000.0
bloodmnist:test:844,f0ae66f6e8ba538ebef137e43dde4961e84ecb6bd8dbc96001961c863c0ea468,bloodmnist_demo,1729,test,4,4,1.1205703832090563,0.0,-10000000000.0,0.0,-10000000000.0,0.0,-10000000000.0,0.0,-10000000000.0,1.0,0.0,0.0,-10000000000.0
bloodmnist:test:845,a717c2066d72f10952c34f4b8bfa4cc2bd6ad2f7580e857f10b78f8e61740c36,bloodmnist_demo,1729,test,2,4,1.1205703832090563,0.0,-10000000000.0,0.0,-10000000000.0,0.0,-10000000000.0,0.0,-10000000000.0,1.0,0.0,0.0,-10000000000.0
bloodmnist:test:846,f5946ca7c63ba2984edda9f7c0c10d03c9cde1da1d27e39a6512a757aaa648f8,bloodmnist_demo,1729,test,1,4,1.1205703832090563,0.0,-10000000000.0,0.0,-10000000000.0,0.0,-10000000000.0,0.0,-10000000000.0,1.0,0.0,0.0,-10000000000.0
bloodmnist:test:847,68e699f57dc0cc193091d0f31a14384870b8a603da1b0876bdc90724e68489ae,bloodmnist_demo,1729,test,1,4,1.1205703832090563,0.0,-10000000000.0,0.0,-10000000000.0,0.0,-10000000000.0,0.0,-10000000000.0,1.0,0.0,0.0,-10000000000.0
bloodmnist:test:850,623d71dd20ae75d183762fd477429782189cba7f076ee6dae6d8ecacf93862df,bloodmnist_demo,1729,test,4,4,1.1205703832090563,0.0,-10000000000.0,0.0,-10000000000.0,0.0,-10000000000.0,0.0,-10000000000.0,1.0,0.0,0.0,-10000000000.0
bloodmnist:test:852,70e0f2cf9bd9223410b702c5babde047ff781dc8084b57c36a63f5166b26826a,bloodmnist_demo,1729,test,5,4,1.1205703832090563,0.0,-10000000000.0,0.0,-10000000000.0,0.0,-10000000000.0,0.0,-10000000000.0,1.0,0.0,0.0,-10000000000.0
bloodmnist:test:853,50b0a5e0e5a690faa2c5150af17534acc9108f244ae654b9b11f965384cc8e3a,bloodmnist_demo,1729,test,5,4,1.1205703832090563,0.0,-10000000000.0,0.0,-10000000000.0,0.0,-10000000000.0,0.0,-10000000000.0,1.0,0.0,0.0,-10000000000.0
bloodmnist:test:854,4ed27e9f5b1cabdef1a4a8fdc06afb71997e56ef4575d641d55da1bacda32d30,bloodmnist_demo,1729,test,4,4,1.1205703832090563,0.0,-10000000000.0,0.0,-10000000000.0,0.0,-10000000000.0,0.0,-10000000000.0,1.0,0.0,0.0,-10000000000.0
bloodmnist:test:855,b8295c556bc5395316f7a1ee1fc5d7a29c5638a7b7d805bf5113bc6d0f7e2680,bloodmnist_demo,1729,test,1,4,1.1205703832090563,0.0,-10000000000.0,0.0,-10000000000.0,0.0,-10000000000.0,0.0,-10000000000.0,1.0,0.0,0.0,-10000000000.0
bloodmnist:test:856,a5c32d4446defb697beb777780a121d523eb7eb3fff7576a98b5a0d41741d784,bloodmnist_demo,1729,test,4,4,1.1205703832090563,0.0,-10000000000.0,0.0,-10000000000.0,0.0,-10000000000.0,0.0,-10000000000.0,1.0,0.0,0.0,-10000000000.0
bloodmnist:test:857,01d38ec9dc52a17f8b56f09dcc1ab37b055ce65e27e6e802a8795d30b928c26a,bloodmnist_demo,1729,test,5,4,1.1205703832090563,0.0,-10000000000.0,0.0,-10000000000.0,0.0,-10000000000.0,0.0,-10000000000.0,1.0,0.0,0.0,-10000000000.0
bloodmnist:test:859,ec21583c1f9aad13cd4c9719958d2596db3d3da5e762603c28e165233a7fd313,bloodmnist_demo,1729,test,3,4,1.1205703832090563,0.0,-10000000000.0,0.0,-10000000000.0,0.0,-10000000000.0,0.0,-10000000000.0,1.0,0.0,0.0,-10000000000.0
bloodmnist:test:860,692acf917a20c2b9258bc00c9df31c8287fe92c5804341864a2fae16d98c71a6,bloodmnist_demo,1729,test,4,4,1.1205703832090563,0.0,-10000000000.0,0.0,-10000000000.0,0.0,-10000000000.0,0.0,-10000000000.0,1.0,0.0,0.0,-10000000000.0
bloodmnist:test:863,b63397a025cf00d5220dac91d828ea4dba038adabf21f75fe39db4fb105ca60c,bloodmnist_demo,1729,test,4,4,1.1205703832090563,0.0,-10000000000.0,0.0,-10000000000.0,0.0,-10000000000.0,0.0,-10000000000.0,1.0,0.0,0.0,-10000000000.0
bloodmnist:test:864,52ee62cafb2d5b3599cc2ef2fbbef7aabc8d99c621e967f4324661759d741dd7,bloodmnist_demo,1729,test,2,4,1.1205703832090563,0.0,-10000000000.0,0.0,-10000000000.0,0.0,-10000000000.0,0.0,-10000000000.0,1.0,0.0,0.0,-10000000000.0
bloodmnist:test:866,0acb9b01cdd1f3e35faeec6cc4bcf79824b78c44659e4183e19e59b505302654,bloodmnist_demo,1729,test,4,4,1.1205703832090563,0.0,-10000000000.0,0.0,-10000000000.0,0.0,-10000000000.0,0.0,-10000000000.0,1.0,0.0,0.0,-10000000000.0
bloodmnist:test:867,021d39d1ca241396eec68100ec958115bf49c3e9b2615907b8566e8886abeff4,bloodmnist_demo,1729,test,5,4,1.1205703832090563,0.0,-10000000000.0,0.0,-10000000000.0,0.0,-10000000000.0,0.0,-10000000000.0,1.0,0.0,0.0,-10000000000.0
bloodmnist:test:868,faf14f065164998aa41a8a021d80173bdb0b2d4e9851501812fa71202374c9db,bloodmnist_demo,1729,test,4,4,1.1205703832090563,0.0,-10000000000.0,0.0,-10000000000.0,0.0,-10000000000.0,0.0,-10000000000.0,1.0,0.0,0.0,-10000000000.0
bloodmnist:test:869,5b465e4be0eadd3f0eb447a54e1e44e9629f90e67b0566fd89c84c56f5be5b44,bloodmnist_demo,1729,test,5,4,1.1205703832090563,0.0,-10000000000.0,0.0,-10000000000.0,0.0,-10000000000.0,0.0,-10000000000.0,1.0,0.0,0.0,-10000000000.0
bloodmnist:test:871,a4ca41b10f2b4bd2227c3138d2805e1650584ac7db711b411d44901364156be9,bloodmnist_demo,1729,test,4,4,1.1205703832090563,0.0,-10000000000.0,0.0,-10000000000.0,0.0,-10000000000.0,0.0,-10000000000.0,1.0,0.0,0.0,-10000000000.0
bloodmnist:test:873,476717ef64f08146695df52151c54de605b95d355ac9b625959cf57cef02c75d,bloodmnist_demo,1729,test,1,4,1.1205703832090563,0.0,-10000000000.0,0.0,-10000000000.0,0.0,-10000000000.0,0.0,-10000000000.0,1.0,0.0,0.0,-10000000000.0
bloodmnist:test:874,0cfff0722bcd4c9a0a3c5f1d29c96b1d1cac3069010e6169d53eb28af4860bbd,bloodmnist_demo,1729,test,1,4,1.1205703832090563,0.0,-10000000000.0,0.0,-10000000000.0,0.0,-10000000000.0,0.0,-10000000000.0,1.0,0.0,0.0,-10000000000.0
bloodmnist:test:876,b05107a8eae06c75793da054c8dbb189f4272b29952b2cc3347a78bb91ad44a3,bloodmnist_demo,1729,test,5,4,1.1205703832090563,0.0,-10000000000.0,0.0,-10000000000.0,0.0,-10000000000.0,0.0,-10000000000.0,1.0,0.0,0.0,-10000000000.0
bloodmnist:test:877,8d93928afe674b2ed4ff3c9c2c529202f4cb70ffda748ac19d570272530d0579,bloodmnist_demo,1729,test,1,4,1.1205703832090563,0.0,-10000000000.0,0.0,-10000000000.0,0.0,-10000000000.0,0.0,-10000000000.0,1.0,0.0,0.0,-10000000000.0
bloodmnist:test:878,99b19f96b7544875552e426d29e9dc250dead34e25a384178b8fb450456fa00f,bloodmnist_demo,1729,test,4,4,1.1205703832090563,0.0,-10000000000.0,0.0,-10000000000.0,0.0,-10000000000.0,0.0,-10000000000.0,1.0,0.0,0.0,-10000000000.0
bloodmnist:test:879,b7659b464ba2cb13e4b91d9eaefa422a6fe16dc770b273ad53bcf2ed5dc3a672,bloodmnist_demo,1729,test,0,4,1.1205703832090563,0.0,-10000000000.0,0.0,-10000000000.0,0.0,-10000000000.0,0.0,-10000000000.0,1.0,0.0,0.0,-10000000000.0
bloodmnist:test:880,d329333ab80102c8f4d4eaf6f5fe02956a9dd3a4785a91ae70478de5f9b13589,bloodmnist_demo,1729,test,1,4,1.1205703832090563,0.0,-10000000000.0,0.0,-10000000000.0,0.0,-10000000000.0,0.0,-10000000000.0,1.0,0.0,0.0,-10000000000.0
bloodmnist:test:881,06357ae68379bc82b95775c01ab4526ceb670e2654f7933724db860dd89a5f0c,bloodmnist_demo,1729,test,1,4,1.1205703832090563,0.0,-10000000000.0,0.0,-10000000000.0,0.0,-10000000000.0,0.0,-10000000000.0,1.0,0.0,0.0,-10000000000.0
bloodmnist:test:882,5dd465afa6ab03ce51252bc4055dd4ec664b69eb86e6d9651eb70d1ad84d906c,bloodmnist_demo,1729,test,5,4,1.1205703832090563,0.0,-10000000000.0,0.0,-10000000000.0,0.0,-10000000000.0,0.0,-10000000000.0,1.0,0.0,0.0,-10000000000.0
bloodmnist:test:885,7747bdca3965a4b8afec1979f90f7c8377391bbcb5463ab3a183017c21429f09,bloodmnist_demo,1729,test,1,4,1.1205703832090563,0.0,-10000000000.0,0.0,-10000000000.0,0.0,-10000000000.0,0.0,-10000000000.0,1.0,0.0,0.0,-10000000000.0
bloodmnist:test:887,d4055515c9185b2b15d264a314aca6f6e659df79e367f91975cc11bcf2569aab,bloodmnist_demo,1729,test,1,4,1.1205703832090563,0.0,-10000000000.0,0.0,-10000000000.0,0.0,-10000000000.0,0.0,-10000000000.0,1.0,0.0,0.0,-10000000000.0
bloodmnist:test:888,3d034abb9ee09d1feeec8b9ca237007eb9fc0ba22c86c102103621a0e902163d,bloodmnist_demo,1729,test,0,4,1.1205703832090563,0.0,-10000000000.0,0.0,-10000000000.0,0.0,-10000000000.0,0.0,-10000000000.0,1.0,0.0,0.0,-10000000000.0
bloodmnist:test:889,7bfb2c340a92412d4b2045513554d6901b07d6045450213d7a4f96d8de23a586,bloodmnist_demo,1729,test,4,4,1.1205703832090563,0.0,-10000000000.0,0.0,-10000000000.0,0.0,-10000000000.0,0.0,-10000000000.0,1.0,0.0,0.0,-10000000000.0
bloodmnist:test:890,fca8cecce9967857dfdd2f5fe80cadb8ea52929d288d41acfdb2830269af06ab,bloodmnist_demo,1729,test,3,4,1.1205703832090563,0.0,-10000000000.0,0.0,-10000000000.0,0.0,-10000000000.0,0.0,-10000000000.0,1.0,0.0,0.0,-10000000000.0
bloodmnist:test:892,ce08c907b131f7914de2c111f25b1eff4b1ae25d54d883e8caf14aee243fe7f1,bloodmnist_demo,1729,test,4,4,1.1205703832090563,0.0,-10000000000.0,0.0,-10000000000.0,0.0,-10000000000.0,0.0,-10000000000.0,1.0,0.0,0.0,-10000000000.0
bloodmnist:test:894,fb1e6f8116e686bd2fe633c24991ca5ce538f783b563d86477c6064ec91046fe,bloodmnist_demo,1729,test,2,4,1.1205703832090563,0.0,-10000000000.0,0.0,-10000000000.0,0.0,-10000000000.0,0.0,-10000000000.0,1.0,0.0,0.0,-10000000000.0
bloodmnist:test:895,7024060566fac613980927927723c00eb3330c1d416453dbf6003a98f3d09a6d,bloodmnist_demo,1729,test,1,4,1.1205703832090563,0.0,-10000000000.0,0.0,-10000000000.0,0.0,-10000000000.0,0.0,-10000000000.0,1.0,0.0,0.0,-10000000000.0
bloodmnist:test:896,a0d6719d35190e069550eb85c0bf2d4f8c48257444fd5b88dc0367f499f9ae49,bloodmnist_demo,1729,test,1,4,1.1205703832090563,0.0,-10000000000.0,0.0,-10000000000.0,0.0,-10000000000.0,0.0,-10000000000.0,1.0,0.0,0.0,-10000000000.0
bloodmnist:test:897,44eaafc676f6849bcb4395e15f84ed27418ed9c28d619b55166775b0204fb1c5,bloodmnist_demo,1729,test,1,4,1.1205703832090563,0.0,-10000000000.0,0.0,-10000000000.0,0.0,-10000000000.0,0.0,-10000000000.0,1.0,0.0,0.0,-10000000000.0
bloodmnist:test:898,3d064da1b9b4ec95836224e31c0ae91b66e858aadf3be749d14d7a3400d60311,bloodmnist_demo,1729,test,4,4,1.1205703832090563,0.0,-10000000000.0,0.0,-10000000000.0,0.0,-10000000000.0,0.0,-10000000000.0,1.0,0.0,0.0,-10000000000.0
bloodmnist:test:899,f81d4d8a7717a366e5d9d0e6a171e2577758e4ff10c087e0ee70c28a959a902b,bloodmnist_demo,1729,test,5,4,1.1205703832090563,0.0,-10000000000.0,0.0,-10000000000.0,0.0,-10000000000.0,0.0,-10000000000.0,1.0,0.0,0.0,-10000000000.0
bloodmnist:test:900,fe03a883ebd977bbf159508b229342b85c5351c589dc0c0b2005f58e28854b32,bloodmnist_demo,1729,test,5,4,1.1205703832090563,0.0,-10000000000.0,0.0,-10000000000.0,0.0,-10000000000.0,0.0,-10000000000.0,1.0,0.0,0.0,-10000000000.0
bloodmnist:test:903,18c25fd591f8c8a7a73f639b88740e7600fe088c68f78f7cd1fd1753fe6114a4,bloodmnist_demo,1729,test,1,4,1.1205703832090563,0.0,-10000000000.0,0.0,-10000000000.0,0.0,-10000000000.0,0.0,-10000000000.0,1.0,0.0,0.0,-10000000000.0
bloodmnist:test:904,4dfad78791c11578e656dfaffe89a18a2684018124986aa3bdde37dc4c733ce8,bloodmnist_demo,1729,test,5,4,1.1205703832090563,0.0,-10000000000.0,0.0,-10000000000.0,0.0,-10000000000.0,0.0,-10000000000.0,1.0,0.0,0.0,-10000000000.0
bloodmnist:test:905,8770573dcab65cf1df9ce4a7de3175455f561ee1482d6b434e851349935b0baa,bloodmnist_demo,1729,test,0,4,1.1205703832090563,0.0,-10000000000.0,0.0,-10000000000.0,0.0,-10000000000.0,0.0,-10000000000.0,1.0,0.0,0.0,-10000000000.0
bloodmnist:test:906,4d90c84facb3cd6e3e79fe799ce017676c4b37330234aacec51841ec72b514a1,bloodmnist_demo,1729,test,1,4,1.1205703832090563,0.0,-10000000000.0,0.0,-10000000000.0,0.0,-10000000000.0,0.0,-10000000000.0,1.0,0.0,0.0,-10000000000.0
bloodmnist:test:907,11aeeaa97a6f856f68b8f65c9b1a087f08d283512a81e69124726cda8d43cbdd,bloodmnist_demo,1729,test,5,4,1.1205703832090563,0.0,-10000000000.0,0.0,-10000000000.0,0.0,-10000000000.0,0.0,-10000000000.0,1.0,0.0,0.0,-10000000000.0
bloodmnist:test:908,3e726463189cf89038a24caed9d68292f801a1a8914fdf087a05ef6ad182cd62,bloodmnist_demo,1729,test,4,4,1.1205703832090563,0.0,-10000000000.0,0.0,-10000000000.0,0.0,-10000000000.0,0.0,-10000000000.0,1.0,0.0,0.0,-10000000000.0
bloodmnist:test:909,5c4c3cd812ac3e1aca9dde81eed3b4950f3a8fed23154241335025a20bf5494d,bloodmnist_demo,1729,test,4,4,1.1205703832090563,0.0,-10000000000.0,0.0,-10000000000.0,0.0,-10000000000.0,0.0,-10000000000.0,1.0,0.0,0.0,-10000000000.0
bloodmnist:test:910,bf234069429bdf07c9da69108dff7b2927eec3f4f4e98c879a83b5c9b39732a8,bloodmnist_demo,1729,test,1,4,1.1205703832090563,0.0,-10000000000.0,0.0,-10000000000.0,0.0,-10000000000.0,0.0,-10000000000.0,1.0,0.0,0.0,-10000000000.0
bloodmnist:test:911,f84c9c0474023792df0a88bd1fd029070f7f65c44696ec49faa18781674d8eba,bloodmnist_demo,1729,test,4,4,1.1205703832090563,0.0,-10000000000.0,0.0,-10000000000.0,0.0,-10000000000.0,0.0,-10000000000.0,1.0,0.0,0.0,-10000000000.0
bloodmnist:test:912,f72726656f7761a801b40c377442ea916ca8e6acbc1f4b736bf186b35df4136f,bloodmnist_demo,1729,test,3,4,1.1205703832090563,0.0,-10000000000.0,0.0,-10000000000.0,0.0,-10000000000.0,0.0,-10000000000.0,1.0,0.0,0.0,-10000000000.0
bloodmnist:test:915,3e5ceef5afa5984286a69efa02e1b7f6e470206d28b794c26bc9cc12c4a26af9,bloodmnist_demo,1729,test,3,4,1.1205703832090563,0.0,-10000000000.0,0.0,-10000000000.0,0.0,-10000000000.0,0.0,-10000000000.0,1.0,0.0,0.0,-10000000000.0
bloodmnist:test:916,1d1b8dd321dcdc275c0b9c0d9cb358987fc9c98fc15cda5a4d84590a3e1b35f0,bloodmnist_demo,1729,test,4,4,1.1205703832090563,0.0,-10000000000.0,0.0,-10000000000.0,0.0,-10000000000.0,0.0,-10000000000.0,1.0,0.0,0.0,-10000000000.0
bloodmnist:test:917,adaf3d11268dc15196a2dd23f093864ce640fdb48c0d4c94f49a7b510ce1b218,bloodmnist_demo,1729,test,3,4,1.1205703832090563,0.0,-10000000000.0,0.0,-10000000000.0,0.0,-10000000000.0,0.0,-10000000000.0,1.0,0.0,0.0,-10000000000.0
bloodmnist:test:918,7bf121e259e92c97029f6c653cdf1fa559632b48d3cc7d7694c5a37991013d1c,bloodmnist_demo,1729,test,1,4,1.1205703832090563,0.0,-10000000000.0,0.0,-10000000000.0,0.0,-10000000000.0,0.0,-10000000000.0,1.0,0.0,0.0,-10000000000.0
bloodmnist:test:919,3a8ee0ad1e19ef68c45dcecc66a259d7edfd1d0e8708a9b6f6a7e582416e5475,bloodmnist_demo,1729,test,5,4,1.1205703832090563,0.0,-10000000000.0,0.0,-10000000000.0,0.0,-10000000000.0,0.0,-10000000000.0,1.0,0.0,0.0,-10000000000.0
bloodmnist:test:920,5c7745d52b6b1f4f3c1184cb49d40f3d2418ed07fecc3ea05016c933b1464926,bloodmnist_demo,1729,test,4,4,1.1205703832090563,0.0,-10000000000.0,0.0,-10000000000.0,0.0,-10000000000.0,0.0,-10000000000.0,1.0,0.0,0.0,-10000000000.0
bloodmnist:test:921,fdf42cd2384aeaffb22e748e633ec6b5f8274dab4d9a4c41f6ea77564303080e,bloodmnist_demo,1729,test,5,4,1.1205703832090563,0.0,-10000000000.0,0.0,-10000000000.0,0.0,-10000000000.0,0.0,-10000000000.0,1.0,0.0,0.0,-10000000000.0
bloodmnist:test:922,d088a1eabfaffd28100cc168bf8b2fecde481b5d0ab3fa1052b8b3ee55abeaae,bloodmnist_demo,1729,test,5,4,1.1205703832090563,0.0,-10000000000.0,0.0,-10000000000.0,0.0,-10000000000.0,0.0,-10000000000.0,1.0,0.0,0.0,-10000000000.0
bloodmnist:test:923,7930b7f8227371722e0aacf1b388b9693e909b140559da197a79f866ff787894,bloodmnist_demo,1729,test,0,4,1.1205703832090563,0.0,-10000000000.0,0.0,-10000000000.0,0.0,-10000000000.0,0.0,-10000000000.0,1.0,0.0,0.0,-10000000000.0
bloodmnist:test:924,fe496b00d615a06fce4134ea4464d47451aa83151f0cdb7c78072b92b656217e,bloodmnist_demo,1729,test,1,4,1.1205703832090563,0.0,-10000000000.0,0.0,-10000000000.0,0.0,-10000000000.0,0.0,-10000000000.0,1.0,0.0,0.0,-10000000000.0
bloodmnist:test:926,3fdcc189a4d885d90f0880af1b4882980e90c6b1575dd4ce5af5eaf6835bccb7,bloodmnist_demo,1729,test,4,4,1.1205703832090563,0.0,-10000000000.0,0.0,-10000000000.0,0.0,-10000000000.0,0.0,-10000000000.0,1.0,0.0,0.0,-10000000000.0
bloodmnist:test:927,54cb516c7e20edd7f695e36a24c4d01c5ff5de166403922d3373b077a5e9f780,bloodmnist_demo,1729,test,4,4,1.1205703832090563,0.0,-10000000000.0,0.0,-10000000000.0,0.0,-10000000000.0,0.0,-10000000000.0,1.0,0.0,0.0,-10000000000.0
bloodmnist:test:929,ea7c70455cd8f35339fda575468f70a2ca41824df6cc662e9e2111a6c58a1dfe,bloodmnist_demo,1729,test,4,4,1.1205703832090563,0.0,-10000000000.0,0.0,-10000000000.0,0.0,-10000000000.0,0.0,-10000000000.0,1.0,0.0,0.0,-10000000000.0
bloodmnist:test:930,842396179974af9b547a5a62ad9739ca2b258aa4f55109a62816d68511d18a4b,bloodmnist_demo,1729,test,2,4,1.1205703832090563,0.0,-10000000000.0,0.0,-10000000000.0,0.0,-10000000000.0,0.0,-10000000000.0,1.0,0.0,0.0,-10000000000.0
bloodmnist:test:931,3fd1973ff7c16fae61487e5648763d0af8732110946fcbbbc6497771a5733ee1,bloodmnist_demo,1729,test,1,4,1.1205703832090563,0.0,-10000000000.0,0.0,-10000000000.0,0.0,-10000000000.0,0.0,-10000000000.0,1.0,0.0,0.0,-10000000000.0
bloodmnist:test:932,5ed6c6d18a5a07c4f79d2630b743513f757fd85c93a9966a8f106e7ce5858ddd,bloodmnist_demo,1729,test,2,4,1.1205703832090563,0.0,-10000000000.0,0.0,-10000000000.0,0.0,-10000000000.0,0.0,-10000000000.0,1.0,0.0,0.0,-10000000000.0
bloodmnist:test:934,689d92e56c15e324448c826a28a9624d5b163d4b46ab7d565e86866521d59240,bloodmnist_demo,1729,test,1,4,1.1205703832090563,0.0,-10000000000.0,0.0,-10000000000.0,0.0,-10000000000.0,0.0,-10000000000.0,1.0,0.0,0.0,-10000000000.0
bloodmnist:test:936,0c1c2ccd095188d5fb2954e8116252b0e77293e4713da36181490dd9f3333dfd,bloodmnist_demo,1729,test,4,4,1.1205703832090563,0.0,-10000000000.0,0.0,-10000000000.0,0.0,-10000000000.0,0.0,-10000000000.0,1.0,0.0,0.0,-10000000000.0
bloodmnist:test:937,6dea79565bf117513500e1f48070390cfff8c5b1def1a14d60631ccf48e2d2c3,bloodmnist_demo,1729,test,4,4,1.1205703832090563,0.0,-10000000000.0,0.0,-10000000000.0,0.0,-10000000000.0,0.0,-10000000000.0,1.0,0.0,0.0,-10000000000.0
bloodmnist:test:938,f9a59b43bd84a5b222409dd9be027f01235868bb960da8d0f5ca8ab8f451cc8b,bloodmnist_demo,1729,test,1,4,1.1205703832090563,0.0,-10000000000.0,0.0,-10000000000.0,0.0,-10000000000.0,0.0,-10000000000.0,1.0,0.0,0.0,-10000000000.0
bloodmnist:test:939,4d7a59bf3ee4a2c231d2dcb6a2f3ff50373144d74beb9c15de58bd0aae0b886a,bloodmnist_demo,1729,test,0,4,1.1205703832090563,0.0,-10000000000.0,0.0,-10000000000.0,0.0,-10000000000.0,0.0,-10000000000.0,1.0,0.0,0.0,-10000000000.0
bloodmnist:test:940,76449cf0eef7929ceada6659b8fa08c48e5ab0a9944d43e35d0b55527efce8d1,bloodmnist_demo,1729,test,4,4,1.1205703832090563,0.0,-10000000000.0,0.0,-10000000000.0,0.0,-10000000000.0,0.0,-10000000000.0,1.0,0.0,0.0,-10000000000.0
bloodmnist:test:942,cac03f9c22b2ac217bcafa19157fae0866127c05e5ee338d779ab33c49423d29,bloodmnist_demo,1729,test,3,4,1.1205703832090563,0.0,-10000000000.0,0.0,-10000000000.0,0.0,-10000000000.0,0.0,-10000000000.0,1.0,0.0,0.0,-10000000000.0
bloodmnist:test:943,3d0fa0e8952d358e1784e51e44d2c4531051dbc9ff2628cf851ae6d1d2b843aa,bloodmnist_demo,1729,test,0,4,1.1205703832090563,0.0,-10000000000.0,0.0,-10000000000.0,0.0,-10000000000.0,0.0,-10000000000.0,1.0,0.0,0.0,-10000000000.0
bloodmnist:test:944,b40945fa68080a43f7d45001280aa42c986a5348f84ed6880380da5ffc9e2a24,bloodmnist_demo,1729,test,3,4,1.1205703832090563,0.0,-10000000000.0,0.0,-10000000000.0,0.0,-10000000000.0,0.0,-10000000000.0,1.0,0.0,0.0,-10000000000.0
bloodmnist:test:945,134933680671376d34f04bea51d22d510a56f383429f3a8b3b363c6e3c00f77b,bloodmnist_demo,1729,test,5,4,1.1205703832090563,0.0,-10000000000.0,0.0,-10000000000.0,0.0,-10000000000.0,0.0,-10000000000.0,1.0,0.0,0.0,-10000000000.0
bloodmnist:test:946,507d17952dc119a96b1149ddaa420b387d74bee847e33e181b90681eee032846,bloodmnist_demo,1729,test,5,4,1.1205703832090563,0.0,-10000000000.0,0.0,-10000000000.0,0.0,-10000000000.0,0.0,-10000000000.0,1.0,0.0,0.0,-10000000000.0
bloodmnist:test:947,974f5fef0f5c0d6e3902e08a34ccd9dcc22333f7c3d05d0f3e6676b451deab56,bloodmnist_demo,1729,test,5,4,1.1205703832090563,0.0,-10000000000.0,0.0,-10000000000.0,0.0,-10000000000.0,0.0,-10000000000.0,1.0,0.0,0.0,-10000000000.0
bloodmnist:test:948,9ba936d0d4f0bdc254193b0df4be1e9af074bf9ee7f06fdc208ddbec9d9097f7,bloodmnist_demo,1729,test,4,4,1.1205703832090563,0.0,-10000000000.0,0.0,-10000000000.0,0.0,-10000000000.0,0.0,-10000000000.0,1.0,0.0,0.0,-10000000000.0
bloodmnist:test:949,c83e34ed5992e56e3b7dae16e9036998eae821873bb5962301ea3667a5d43838,bloodmnist_demo,1729,test,0,4,1.1205703832090563,0.0,-10000000000.0,0.0,-10000000000.0,0.0,-10000000000.0,0.0,-10000000000.0,1.0,0.0,0.0,-10000000000.0
bloodmnist:test:950,9d58cbd0e74c9301ff9f0c58bdc69d355ebd8c05498c525e7015195f04bb47af,bloodmnist_demo,1729,test,2,4,1.1205703832090563,0.0,-10000000000.0,0.0,-10000000000.0,0.0,-10000000000.0,0.0,-10000000000.0,1.0,0.0,0.0,-10000000000.0
bloodmnist:test:952,718c534224215dbdf7d7e3d608d5dca7c05507cfe5e311cd51ccb7a94772f3f3,bloodmnist_demo,1729,test,0,4,1.1205703832090563,0.0,-10000000000.0,0.0,-10000000000.0,0.0,-10000000000.0,0.0,-10000000000.0,1.0,0.0,0.0,-10000000000.0
bloodmnist:test:953,9442a05878d3ea3003e049c4b8f89307094af6446e5b2f67996f2cec9a6d4242,bloodmnist_demo,1729,test,1,4,1.1205703832090563,0.0,-10000000000.0,0.0,-10000000000.0,0.0,-10000000000.0,0.0,-10000000000.0,1.0,0.0,0.0,-10000000000.0
bloodmnist:test:956,f37b1ccbd146180f91b972f3796e88e52ad7eec6569489c4902ef0ce3f14bcd4,bloodmnist_demo,1729,test,1,4,1.1205703832090563,0.0,-10000000000.0,0.0,-10000000000.0,0.0,-10000000000.0,0.0,-10000000000.0,1.0,0.0,0.0,-10000000000.0
bloodmnist:test:957,8a2af7c07a57c68826cf1be80d3c0676860db6b82b975fec7824ceb2d0020082,bloodmnist_demo,1729,test,5,4,1.1205703832090563,0.0,-10000000000.0,0.0,-10000000000.0,0.0,-10000000000.0,0.0,-10000000000.0,1.0,0.0,0.0,-10000000000.0
bloodmnist:test:958,6fb5f4d146a848bb4e4040cf324c47e1dcd76b1f839cca7dd96cc93552b3e294,bloodmnist_demo,1729,test,1,4,1.1205703832090563,0.0,-10000000000.0,0.0,-10000000000.0,0.0,-10000000000.0,0.0,-10000000000.0,1.0,0.0,0.0,-10000000000.0
bloodmnist:test:959,e7794e2eba682eb7166dd68e3e60a0a77c3e5bc15deabb4876c4db0375ebf60d,bloodmnist_demo,1729,test,4,4,1.1205703832090563,0.0,-10000000000.0,0.0,-10000000000.0,0.0,-10000000000.0,0.0,-10000000000.0,1.0,0.0,0.0,-10000000000.0
bloodmnist:test:960,d9b3d4144f32aa424355f5fa653d7fe4ec448c9e3941703caa46db8da8a4bcad,bloodmnist_demo,1729,test,1,4,1.1205703832090563,0.0,-10000000000.0,0.0,-10000000000.0,0.0,-10000000000.0,0.0,-10000000000.0,1.0,0.0,0.0,-10000000000.0
bloodmnist:test:961,e4557305b99b67ab6a1dc0894a6ad21d45097bfd58eb2e6c935f75c51610a536,bloodmnist_demo,1729,test,4,4,1.1205703832090563,0.0,-10000000000.0,0.0,-10000000000.0,0.0,-10000000000.0,0.0,-10000000000.0,1.0,0.0,0.0,-10000000000.0
bloodmnist:test:962,0e7a0805309f567b1f58a3ac4d2133adb25710f41dbb6ce5d4e739f6a4a4e70c,bloodmnist_demo,1729,test,1,4,1.1205703832090563,0.0,-10000000000.0,0.0,-10000000000.0,0.0,-10000000000.0,0.0,-10000000000.0,1.0,0.0,0.0,-10000000000.0
bloodmnist:test:963,e39089e898a11bf6ab57028498c2a799d0cfa6de88c63a3bec11335397413736,bloodmnist_demo,1729,test,5,4,1.1205703832090563,0.0,-10000000000.0,0.0,-10000000000.0,0.0,-10000000000.0,0.0,-10000000000.0,1.0,0.0,0.0,-10000000000.0
bloodmnist:test:964,da03e48ee1ce72fc18c54da9b03e39e082ee64b4320a5bce788d905df807ee83,bloodmnist_demo,1729,test,4,4,1.1205703832090563,0.0,-10000000000.0,0.0,-10000000000.0,0.0,-10000000000.0,0.0,-10000000000.0,1.0,0.0,0.0,-10000000000.0
bloodmnist:test:965,abdf444e4e9793a7a3e77a007087f6cad1eb0bf9484fd9076d017e061fb19f84,bloodmnist_demo,1729,test,3,4,1.1205703832090563,0.0,-10000000000.0,0.0,-10000000000.0,0.0,-10000000000.0,0.0,-10000000000.0,1.0,0.0,0.0,-10000000000.0
bloodmnist:test:967,a05f4743dd06cc2fb696973c0acc1a1c1e47f659e97b0e5b5c9adc221d8a0add,bloodmnist_demo,1729,test,3,4,1.1205703832090563,0.0,-10000000000.0,0.0,-10000000000.0,0.0,-10000000000.0,0.0,-10000000000.0,1.0,0.0,0.0,-10000000000.0
bloodmnist:test:970,32c90ef842db6c4d9499a16b450eb28473cd1beb695c9a223f84d5c47e383977,bloodmnist_demo,1729,test,5,4,1.1205703832090563,0.0,-10000000000.0,0.0,-10000000000.0,0.0,-10000000000.0,0.0,-10000000000.0,1.0,0.0,0.0,-10000000000.0
bloodmnist:test:972,782e580444ccfa14458076653a4f8536461071a5df6ee1730d9235134c589c60,bloodmnist_demo,1729,test,5,4,1.1205703832090563,0.0,-10000000000.0,0.0,-10000000000.0,0.0,-10000000000.0,0.0,-10000000000.0,1.0,0.0,0.0,-10000000000.0
bloodmnist:test:974,c116962c2842492920b5a8cd41d7068863defa16e0cdcbd91d762271b22eb21e,bloodmnist_demo,1729,test,5,4,1.1205703832090563,0.0,-10000000000.0,0.0,-10000000000.0,0.0,-10000000000.0,0.0,-10000000000.0,1.0,0.0,0.0,-10000000000.0
bloodmnist:test:975,65d03d82f14fe2ec4e9ecd590781f85d9ef7d4967338061f11d0fd01646df27f,bloodmnist_demo,1729,test,1,4,1.1205703832090563,0.0,-10000000000.0,0.0,-10000000000.0,0.0,-10000000000.0,0.0,-10000000000.0,1.0,0.0,0.0,-10000000000.0
bloodmnist:test:976,f8cb95c2ecee835e63df093323d91c1f1cc72f1a37a2c00b761d0439f992efee,bloodmnist_demo,1729,test,4,4,1.1205703832090563,0.0,-10000000000.0,0.0,-10000000000.0,0.0,-10000000000.0,0.0,-10000000000.0,1.0,0.0,0.0,-10000000000.0
bloodmnist:test:977,0495d5aae276c775d71071f967726d9a02bcaac8ac5cd128793084b07edc884c,bloodmnist_demo,1729,test,4,4,1.1205703832090563,0.0,-10000000000.0,0.0,-10000000000.0,0.0,-10000000000.0,0.0,-10000000000.0,1.0,0.0,0.0,-10000000000.0
bloodmnist:test:978,a4e3468e0692dfc471e5ae52a1b9c78979d747f25d5420026a6c72a72402e3a5,bloodmnist_demo,1729,test,4,4,1.1205703832090563,0.0,-10000000000.0,0.0,-10000000000.0,0.0,-10000000000.0,0.0,-10000000000.0,1.0,0.0,0.0,-10000000000.0
bloodmnist:test:979,3272439d71470889bda909c8f8a0f7c83081f63e557cc07a985fa8909d563d4e,bloodmnist_demo,1729,test,0,4,1.1205703832090563,0.0,-10000000000.0,0.0,-10000000000.0,0.0,-10000000000.0,0.0,-10000000000.0,1.0,0.0,0.0,-10000000000.0
bloodmnist:test:981,cb2fb2b7ca72e93ee3dc9e99602325c07573b9fa2746c8109238b61fc218ec1f,bloodmnist_demo,1729,test,5,4,1.1205703832090563,0.0,-10000000000.0,0.0,-10000000000.0,0.0,-10000000000.0,0.0,-10000000000.0,1.0,0.0,0.0,-10000000000.0
bloodmnist:test:983,acd7c43b0e3161cd8554ce584ab5b5164cbbc2b245f6a5a2ec1f4acf7b22e995,bloodmnist_demo,1729,test,0,4,1.1205703832090563,0.0,-10000000000.0,0.0,-10000000000.0,0.0,-10000000000.0,0.0,-10000000000.0,1.0,0.0,0.0,-10000000000.0
bloodmnist:test:984,9517d5a812d4ff0b7b4cf290945b727d5ba57e49ca7b1283a5ba88009e35b469,bloodmnist_demo,1729,test,5,4,1.1205703832090563,0.0,-10000000000.0,0.0,-10000000000.0,0.0,-10000000000.0,0.0,-10000000000.0,1.0,0.0,0.0,-10000000000.0
bloodmnist:test:985,bee5cde28be56c0d0df1e1b21c552e51d6b9d3c6166d29653fbee4a70164adfe,bloodmnist_demo,1729,test,0,4,1.1205703832090563,0.0,-10000000000.0,0.0,-10000000000.0,0.0,-10000000000.0,0.0,-10000000000.0,1.0,0.0,0.0,-10000000000.0
bloodmnist:test:987,51532dfd316eed46a21f4a1df4fd384772b579987bd4e90f95f50a8a20c16111,bloodmnist_demo,1729,test,0,4,1.1205703832090563,0.0,-10000000000.0,0.0,-10000000000.0,0.0,-10000000000.0,0.0,-10000000000.0,1.0,0.0,0.0,-10000000000.0
bloodmnist:test:990,338788c32161101ea16c2e524ad208e02f5d3e29b727a6858fa569cde2b072e6,bloodmnist_demo,1729,test,4,4,1.1205703832090563,0.0,-10000000000.0,0.0,-10000000000.0,0.0,-10000000000.0,0.0,-10000000000.0,1.0,0.0,0.0,-10000000000.0
bloodmnist:test:991,89807d5cb26a0b92795c41daefb4214505d7d0919fe0792e7238469945d03738,bloodmnist_demo,1729,test,1,4,1.1205703832090563,0.0,-10000000000.0,0.0,-10000000000.0,0.0,-10000000000.0,0.0,-10000000000.0,1.0,0.0,0.0,-10000000000.0
bloodmnist:test:992,55b040720d641bc2a2ff5eff674b09ed27075163acc5076dd50c83e4a1212398,bloodmnist_demo,1729,test,1,4,1.1205703832090563,0.0,-10000000000.0,0.0,-10000000000.0,0.0,-10000000000.0,0.0,-10000000000.0,1.0,0.0,0.0,-10000000000.0
bloodmnist:test:994,373b914748dec4824fbde20d81f816487667cb35055260fcb575e518b9018f4d,bloodmnist_demo,1729,test,0,4,1.1205703832090563,0.0,-10000000000.0,0.0,-10000000000.0,0.0,-10000000000.0,0.0,-10000000000.0,1.0,0.0,0.0,-10000000000.0
bloodmnist:test:995,3cbacf321924aba24c546f49d03418bf9dbe2fbbdc5f96ab9098a1a27fd8eff0,bloodmnist_demo,1729,test,5,4,1.1205703832090563,0.0,-10000000000.0,0.0,-10000000000.0,0.0,-10000000000.0,0.0,-10000000000.0,1.0,0.0,0.0,-10000000000.0
bloodmnist:test:996,403458e20be50c28f1fcf7a7da457bdc5df4842a21534baedc0f185dba52570f,bloodmnist_demo,1729,test,4,4,1.1205703832090563,0.0,-10000000000.0,0.0,-10000000000.0,0.0,-10000000000.0,0.0,-10000000000.0,1.0,0.0,0.0,-10000000000.0
bloodmnist:test:997,0d75182c6718ce444b30eba16bf4792676e866422004caaa4beb26e7f8c0b39a,bloodmnist_demo,1729,test,2,4,1.1205703832090563,0.0,-10000000000.0,0.0,-10000000000.0,0.0,-10000000000.0,0.0,-10000000000.0,1.0,0.0,0.0,-10000000000.0
bloodmnist:test:998,0a76812186a292602b4288a29c5b4d0221191eef73c15b622e0b3f9ad97aa223,bloodmnist_demo,1729,test,0,4,1.1205703832090563,0.0,-10000000000.0,0.0,-10000000000.0,0.0,-10000000000.0,0.0,-10000000000.0,1.0,0.0,0.0,-10000000000.0
bloodmnist:test:999,6bfefd39e04b5ee5018f2960fb0ab313c35e5d31b80926a11beb6cd8c73adad0,bloodmnist_demo,1729,test,4,4,1.1205703832090563,0.0,-10000000000.0,0.0,-10000000000.0,0.0,-10000000000.0,0.0,-10000000000.0,1.0,0.0,0.0,-10000000000.0
bloodmnist:test:1001,abb80eeeedce1b9c96e4fa283ca048274e9c3565db52ea4e62cd851c78dee3d1,bloodmnist_demo,1729,test,2,4,1.1205703832090563,0.0,-10000000000.0,0.0,-10000000000.0,0.0,-10000000000.0,0.0,-10000000000.0,1.0,0.0,0.0,-10000000000.0
bloodmnist:test:1002,37d96ca897571cde4f09d82260e665a6889e72ff5ffccb35163df180d48fca5f,bloodmnist_demo,1729,test,1,4,1.1205703832090563,0.0,-10000000000.0,0.0,-10000000000.0,0.0,-10000000000.0,0.0,-10000000000.0,1.0,0.0,0.0,-10000000000.0
bloodmnist:test:1003,99c682f7015a5062029686ea5ed55a91b64c8799ae4cc160d10d1645282b0244,bloodmnist_demo,1729,test,1,4,1.1205703832090563,0.0,-10000000000.0,0.0,-10000000000.0,0.0,-10000000000.0,0.0,-10000000000.0,1.0,0.0,0.0,-10000000000.0
bloodmnist:test:1004,b4b254fe0b845c4dcb45dba971edfade62a4ced3763494c1e1521a089280c404,bloodmnist_demo,1729,test,0,4,1.1205703832090563,0.0,-10000000000.0,0.0,-10000000000.0,0.0,-10000000000.0,0.0,-10000000000.0,1.0,0.0,0.0,-10000000000.0
bloodmnist:test:1005,913ac2e13102884f01d86e975c67161f8512e153259a8e14ec8f35213690aec3,bloodmnist_demo,1729,test,2,4,1.1205703832090563,0.0,-10000000000.0,0.0,-10000000000.0,0.0,-10000000000.0,0.0,-10000000000.0,1.0,0.0,0.0,-10000000000.0
bloodmnist:test:1006,1be3aa34e44c428f4a20f1e259557b6493f6171ba37416d30b7c68b717f2eba9,bloodmnist_demo,1729,test,1,4,1.1205703832090563,0.0,-10000000000.0,0.0,-10000000000.0,0.0,-10000000000.0,0.0,-10000000000.0,1.0,0.0,0.0,-10000000000.0
bloodmnist:test:1007,4a4de48002bb1ef91341dffb168bea8daf3b86d4ec820585274d944e70cf09dd,bloodmnist_demo,1729,test,5,4,1.1205703832090563,0.0,-10000000000.0,0.0,-10000000000.0,0.0,-10000000000.0,0.0,-10000000000.0,1.0,0.0,0.0,-10000000000.0
bloodmnist:test:1008,94d45d18c7c93471775ffafe1343fcf259949452e97fef8a1657cecc1adb9484,bloodmnist_demo,1729,test,1,4,1.1205703832090563,0.0,-10000000000.0,0.0,-10000000000.0,0.0,-10000000000.0,0.0,-10000000000.0,1.0,0.0,0.0,-10000000000.0
bloodmnist:test:1009,f2403f644f5c6e9eb827ceb6fe6b2ef91b00fec8b680cca911eeeab816c7f953,bloodmnist_demo,1729,test,4,4,1.1205703832090563,0.0,-10000000000.0,0.0,-10000000000.0,0.0,-10000000000.0,0.0,-10000000000.0,1.0,0.0,0.0,-10000000000.0
bloodmnist:test:1010,8a97bb24fb1738ba7dafe9a31bf1422ddd21a27809442e9f59a7d608d8d2894c,bloodmnist_demo,1729,test,4,4,1.1205703832090563,0.0,-10000000000.0,0.0,-10000000000.0,0.0,-10000000000.0,0.0,-10000000000.0,1.0,0.0,0.0,-10000000000.0
bloodmnist:test:1011,95a84c2688f9d86b30a961ac14127158873e14859a0f69ea61ec0cba1761da12,bloodmnist_demo,1729,test,5,4,1.1205703832090563,0.0,-10000000000.0,0.0,-10000000000.0,0.0,-10000000000.0,0.0,-10000000000.0,1.0,0.0,0.0,-10000000000.0
bloodmnist:test:1012,1af3e9b350a461abe4626a4989ec55372259b020c9ca3b1767c7cd3abf21e855,bloodmnist_demo,1729,test,3,4,1.1205703832090563,0.0,-10000000000.0,0.0,-10000000000.0,0.0,-10000000000.0,0.0,-10000000000.0,1.0,0.0,0.0,-10000000000.0
bloodmnist:test:1014,28b36afe05aea88dc947645558efedbac6046762727cfd6e204cef609fa3c5cd,bloodmnist_demo,1729,test,4,4,1.1205703832090563,0.0,-10000000000.0,0.0,-10000000000.0,0.0,-10000000000.0,0.0,-10000000000.0,1.0,0.0,0.0,-10000000000.0
bloodmnist:test:1015,d3e83a70bcda18ea7a14e63bbd789884038babc579708ebf16d05d8d3b68b136,bloodmnist_demo,1729,test,1,4,1.1205703832090563,0.0,-10000000000.0,0.0,-10000000000.0,0.0,-10000000000.0,0.0,-10000000000.0,1.0,0.0,0.0,-10000000000.0
bloodmnist:test:1016,33d74e9f15f441ce19e8962599072ab3cdce6a5238f990621c1acb64aa8dcf1e,bloodmnist_demo,1729,test,1,4,1.1205703832090563,0.0,-10000000000.0,0.0,-10000000000.0,0.0,-10000000000.0,0.0,-10000000000.0,1.0,0.0,0.0,-10000000000.0
bloodmnist:test:1017,3eb04b1432846a93d1bf5e62071735887d4c7374298374896a01c91d35aa71d6,bloodmnist_demo,1729,test,3,4,1.1205703832090563,0.0,-10000000000.0,0.0,-10000000000.0,0.0,-10000000000.0,0.0,-10000000000.0,1.0,0.0,0.0,-10000000000.0
bloodmnist:test:1018,8c223f1676950d2f620c401e232dbbf3ab00c7e2e85b30f20ebf2dd73f6b43ea,bloodmnist_demo,1729,test,0,4,1.1205703832090563,0.0,-10000000000.0,0.0,-10000000000.0,0.0,-10000000000.0,0.0,-10000000000.0,1.0,0.0,0.0,-10000000000.0
bloodmnist:test:1020,b79af56634c21c8917512881414b6c963a7c8ede002f25df5d4adeffab781f36,bloodmnist_demo,1729,test,4,4,1.1205703832090563,0.0,-10000000000.0,0.0,-10000000000.0,0.0,-10000000000.0,0.0,-10000000000.0,1.0,0.0,0.0,-10000000000.0
bloodmnist:test:1021,8e48fb8887c33b684993ef1e4cb22faab5cd656c4fdc34b639f4b9ada3696d4b,bloodmnist_demo,1729,test,4,4,1.1205703832090563,0.0,-10000000000.0,0.0,-10000000000.0,0.0,-10000000000.0,0.0,-10000000000.0,1.0,0.0,0.0,-10000000000.0
bloodmnist:test:1023,cfc4f41e5bcbc99bd60806f87ff2924f15314a7c57cf40817e2c9b062496fe6e,bloodmnist_demo,1729,test,5,4,1.1205703832090563,0.0,-10000000000.0,0.0,-10000000000.0,0.0,-10000000000.0,0.0,-10000000000.0,1.0,0.0,0.0,-10000000000.0
bloodmnist:test:1024,14df482e6821048101c021ecea828865ce3eb5510116679fa7d1430f0c1ab3cf,bloodmnist_demo,1729,test,1,4,1.1205703832090563,0.0,-10000000000.0,0.0,-10000000000.0,0.0,-10000000000.0,0.0,-10000000000.0,1.0,0.0,0.0,-10000000000.0
bloodmnist:test:1026,8cccf7f5cbc77d438584a41494a53c99131fa849474d61b85edcce9740d40b13,bloodmnist_demo,1729,test,0,4,1.1205703832090563,0.0,-10000000000.0,0.0,-10000000000.0,0.0,-10000000000.0,0.0,-10000000000.0,1.0,0.0,0.0,-10000000000.0
bloodmnist:test:1027,770073f266a2ee54113536b49cd718b24261369a6e78ab4d570a071362f4e6b5,bloodmnist_demo,1729,test,2,4,1.1205703832090563,0.0,-10000000000.0,0.0,-10000000000.0,0.0,-10000000000.0,0.0,-10000000000.0,1.0,0.0,0.0,-10000000000.0
bloodmnist:test:1028,4b3f75c4226ba46fc93792872ca7cee56b98008624a27493a9577d0fa4b7b5d6,bloodmnist_demo,1729,test,3,4,1.1205703832090563,0.0,-10000000000.0,0.0,-10000000000.0,0.0,-10000000000.0,0.0,-10000000000.0,1.0,0.0,0.0,-10000000000.0
bloodmnist:test:1030,eb57eb514078f404b27ed105fe90b44ed161694ef45ef931ee6080c3f1300025,bloodmnist_demo,1729,test,5,4,1.1205703832090563,0.0,-10000000000.0,0.0,-10000000000.0,0.0,-10000000000.0,0.0,-10000000000.0,1.0,0.0,0.0,-10000000000.0
bloodmnist:test:1031,ab16cef914d7a145e2ed26fe2bbd98159ccd311153d5f237a911545fd3b59e01,bloodmnist_demo,1729,test,1,4,1.1205703832090563,0.0,-10000000000.0,0.0,-10000000000.0,0.0,-10000000000.0,0.0,-10000000000.0,1.0,0.0,0.0,-10000000000.0
bloodmnist:test:1032,6c6d82fd7bb85d675068d428b371e155421400a9961edfc2b8ccba482917611f,bloodmnist_demo,1729,test,5,4,1.1205703832090563,0.0,-10000000000.0,0.0,-10000000000.0,0.0,-10000000000.0,0.0,-10000000000.0,1.0,0.0,0.0,-10000000000.0
bloodmnist:test:1034,13f087850ea17664bdca76fe8168bf87c818a2b529be28b1559265874921874a,bloodmnist_demo,1729,test,1,4,1.1205703832090563,0.0,-10000000000.0,0.0,-10000000000.0,0.0,-10000000000.0,0.0,-10000000000.0,1.0,0.0,0.0,-10000000000.0
bloodmnist:test:1035,37f6792dcea700e89749ce8967b4918dcaf2fa26bda8e200e0e9333429edb548,bloodmnist_demo,1729,test,4,4,1.1205703832090563,0.0,-10000000000.0,0.0,-10000000000.0,0.0,-10000000000.0,0.0,-10000000000.0,1.0,0.0,0.0,-10000000000.0
bloodmnist:test:1037,673d08f3715f18013003842c37376fe5cce24322b087a30db472e6e734ee9a77,bloodmnist_demo,1729,test,4,4,1.1205703832090563,0.0,-10000000000.0,0.0,-10000000000.0,0.0,-10000000000.0,0.0,-10000000000.0,1.0,0.0,0.0,-10000000000.0
bloodmnist:test:1038,7b08593078e58c4b3d218b5cd347ff71a7301360045ea47af7a72554e12e2989,bloodmnist_demo,1729,test,1,4,1.1205703832090563,0.0,-10000000000.0,0.0,-10000000000.0,0.0,-10000000000.0,0.0,-10000000000.0,1.0,0.0,0.0,-10000000000.0
bloodmnist:test:1040,b0aa18982b62c4398ba68b130b91dd1ffbbfe0098483e9a90fa8f4a7c0dbbe65,bloodmnist_demo,1729,test,3,4,1.1205703832090563,0.0,-10000000000.0,0.0,-10000000000.0,0.0,-10000000000.0,0.0,-10000000000.0,1.0,0.0,0.0,-10000000000.0
bloodmnist:test:1041,d74070a1cc53548b4fe119426ab15a5c36d91824e86b6c7e054978a9421d3d16,bloodmnist_demo,1729,test,4,4,1.1205703832090563,0.0,-10000000000.0,0.0,-10000000000.0,0.0,-10000000000.0,0.0,-10000000000.0,1.0,0.0,0.0,-10000000000.0
bloodmnist:test:1042,eb6b38a0be1212269d6d0453b6aa14c9c410730ae21d56dc45590fd3ac6e8a04,bloodmnist_demo,1729,test,4,4,1.1205703832090563,0.0,-10000000000.0,0.0,-10000000000.0,0.0,-10000000000.0,0.0,-10000000000.0,1.0,0.0,0.0,-10000000000.0
bloodmnist:test:1043,f1206ed517674ddbe5539484ad23af9234d6dc6b62b45734d1ba8b324766b393,bloodmnist_demo,1729,test,4,4,1.1205703832090563,0.0,-10000000000.0,0.0,-10000000000.0,0.0,-10000000000.0,0.0,-10000000000.0,1.0,0.0,0.0,-10000000000.0
bloodmnist:test:1044,548f5b7460936eeabee98b069f752bdbd24756b613f00d3d9b646c7dde7bd3e6,bloodmnist_demo,1729,test,3,4,1.1205703832090563,0.0,-10000000000.0,0.0,-10000000000.0,0.0,-10000000000.0,0.0,-10000000000.0,1.0,0.0,0.0,-10000000000.0
bloodmnist:test:1045,fd936a1127926c5aaaa1cbaaaf533fc78c7ac9445540a1b57202449ee8d46d88,bloodmnist_demo,1729,test,4,4,1.1205703832090563,0.0,-10000000000.0,0.0,-10000000000.0,0.0,-10000000000.0,0.0,-10000000000.0,1.0,0.0,0.0,-10000000000.0
bloodmnist:test:1046,6687d6003b7d2bc0ddf677f69933874c34456fb10adf805af3f5fb825758af07,bloodmnist_demo,1729,test,0,4,1.1205703832090563,0.0,-10000000000.0,0.0,-10000000000.0,0.0,-10000000000.0,0.0,-10000000000.0,1.0,0.0,0.0,-10000000000.0
bloodmnist:test:1047,4577e0218c068fc0261a23cd6e05b74696ec8c7caa31f60c5586465d7186d617,bloodmnist_demo,1729,test,1,4,1.1205703832090563,0.0,-10000000000.0,0.0,-10000000000.0,0.0,-10000000000.0,0.0,-10000000000.0,1.0,0.0,0.0,-10000000000.0
bloodmnist:test:1048,bad4d2bc74737fdb8616590b4f0df347614faac019d5d2b5355b1f9cacbf95dd,bloodmnist_demo,1729,test,1,4,1.1205703832090563,0.0,-10000000000.0,0.0,-10000000000.0,0.0,-10000000000.0,0.0,-10000000000.0,1.0,0.0,0.0,-10000000000.0
bloodmnist:test:1049,d17bab64990ead47d2096928ec633a1220794467549709eb11fb3297f4d0b9ac,bloodmnist_demo,1729,test,5,4,1.1205703832090563,0.0,-10000000000.0,0.0,-10000000000.0,0.0,-10000000000.0,0.0,-10000000000.0,1.0,0.0,0.0,-10000000000.0
bloodmnist:test:1050,684f2e49715c00719f556c7b727b52b92b12e9b6d7a2b20f0275f365d0f3420f,bloodmnist_demo,1729,test,4,4,1.1205703832090563,0.0,-10000000000.0,0.0,-10000000000.0,0.0,-10000000000.0,0.0,-10000000000.0,1.0,0.0,0.0,-10000000000.0
bloodmnist:test:1051,ccc113929d7a025f25f5311ea0c133d2239b7a5996628d146e1b5e4ce098a72b,bloodmnist_demo,1729,test,1,4,1.1205703832090563,0.0,-10000000000.0,0.0,-10000000000.0,0.0,-10000000000.0,0.0,-10000000000.0,1.0,0.0,0.0,-10000000000.0
bloodmnist:test:1052,8c94c96d81802e79145e5696412d9d1665a30236254414259d77651a39724664,bloodmnist_demo,1729,test,4,4,1.1205703832090563,0.0,-10000000000.0,0.0,-10000000000.0,0.0,-10000000000.0,0.0,-10000000000.0,1.0,0.0,0.0,-10000000000.0
bloodmnist:test:1053,2d541f9b5d9263aba721a7df882e0b28e59c22c8c261cc81d9de92e3b22b2198,bloodmnist_demo,1729,test,4,4,1.1205703832090563,0.0,-10000000000.0,0.0,-10000000000.0,0.0,-10000000000.0,0.0,-10000000000.0,1.0,0.0,0.0,-10000000000.0
bloodmnist:test:1055,dd315ea258d80d90a0418a4023bd70a24e9b5d80a59412f94a72439998d352fd,bloodmnist_demo,1729,test,5,4,1.1205703832090563,0.0,-10000000000.0,0.0,-10000000000.0,0.0,-10000000000.0,0.0,-10000000000.0,1.0,0.0,0.0,-10000000000.0
bloodmnist:test:1056,a21de270cf5abf381a5414b037c0e28ca8fecf30dcc86ef8817c56b0221b0ef2,bloodmnist_demo,1729,test,0,4,1.1205703832090563,0.0,-10000000000.0,0.0,-10000000000.0,0.0,-10000000000.0,0.0,-10000000000.0,1.0,0.0,0.0,-10000000000.0
bloodmnist:test:1057,ee39f7b825c4914de087b0db1215defaf0f5cd4905d5ae63b6e19746c298ebce,bloodmnist_demo,1729,test,0,4,1.1205703832090563,0.0,-10000000000.0,0.0,-10000000000.0,0.0,-10000000000.0,0.0,-10000000000.0,1.0,0.0,0.0,-10000000000.0
bloodmnist:test:1059,f73b1d360b1aa728ab04eb6e512866d0320e390a4f7df18e550fe192c251fd2c,bloodmnist_demo,1729,test,5,4,1.1205703832090563,0.0,-10000000000.0,0.0,-10000000000.0,0.0,-10000000000.0,0.0,-10000000000.0,1.0,0.0,0.0,-10000000000.0
bloodmnist:test:1061,cda7119a19ec6161c74c51178c4f180bde032ad37a51ad58a6da8a5f4a6e037b,bloodmnist_demo,1729,test,5,4,1.1205703832090563,0.0,-10000000000.0,0.0,-10000000000.0,0.0,-10000000000.0,0.0,-10000000000.0,1.0,0.0,0.0,-10000000000.0
bloodmnist:test:1062,79e8b4682d3c94f7d2a28c5d117b69e6d5f637af03bcd71a39fa346475068ec6,bloodmnist_demo,1729,test,4,4,1.1205703832090563,0.0,-10000000000.0,0.0,-10000000000.0,0.0,-10000000000.0,0.0,-10000000000.0,1.0,0.0,0.0,-10000000000.0
bloodmnist:test:1063,c9ff50032e76a4ea63dbcabda9b6aa359ff77620a2001bc8a3a7bd54bd2a526a,bloodmnist_demo,1729,test,4,4,1.1205703832090563,0.0,-10000000000.0,0.0,-10000000000.0,0.0,-10000000000.0,0.0,-10000000000.0,1.0,0.0,0.0,-10000000000.0
bloodmnist:test:1064,150175d669c4e9d73d34875288e870341824935e76e8d36d72138475f2eae905,bloodmnist_demo,1729,test,0,4,1.1205703832090563,0.0,-10000000000.0,0.0,-10000000000.0,0.0,-10000000000.0,0.0,-10000000000.0,1.0,0.0,0.0,-10000000000.0
bloodmnist:test:1065,44436238e435f640aa0e470249b282fe48bf26c3eefb4657623fefa776744878,bloodmnist_demo,1729,test,0,4,1.1205703832090563,0.0,-10000000000.0,0.0,-10000000000.0,0.0,-10000000000.0,0.0,-10000000000.0,1.0,0.0,0.0,-10000000000.0
bloodmnist:test:1066,fc4c524b2cc897e35796eb4bf0c5dfeaa32c88f507a45ca62e12b2d711e5fe27,bloodmnist_demo,1729,test,3,4,1.1205703832090563,0.0,-10000000000.0,0.0,-10000000000.0,0.0,-10000000000.0,0.0,-10000000000.0,1.0,0.0,0.0,-10000000000.0
bloodmnist:test:1067,b37806efe86e004ee15e50a361b948db7e22b329aaa43ed3ee158e25f5327633,bloodmnist_demo,1729,test,4,4,1.1205703832090563,0.0,-10000000000.0,0.0,-10000000000.0,0.0,-10000000000.0,0.0,-10000000000.0,1.0,0.0,0.0,-10000000000.0
bloodmnist:test:1069,dc72a52003493f993960b3a9da9a9dc1c41380898f6f023341a5774f96e6fcf1,bloodmnist_demo,1729,test,4,4,1.1205703832090563,0.0,-10000000000.0,0.0,-10000000000.0,0.0,-10000000000.0,0.0,-10000000000.0,1.0,0.0,0.0,-10000000000.0
bloodmnist:test:1071,988a6e05eadaf5bb5ea15012b21f54f7b47ebef5f74a573832248992b45d7584,bloodmnist_demo,1729,test,0,4,1.1205703832090563,0.0,-10000000000.0,0.0,-10000000000.0,0.0,-10000000000.0,0.0,-10000000000.0,1.0,0.0,0.0,-10000000000.0
bloodmnist:test:1074,b4e7bcecf1e32b8db68c972e0396bc5f6f46377c12c47088c618076cf8656c51,bloodmnist_demo,1729,test,4,4,1.1205703832090563,0.0,-10000000000.0,0.0,-10000000000.0,0.0,-10000000000.0,0.0,-10000000000.0,1.0,0.0,0.0,-10000000000.0
bloodmnist:test:1075,deedbf4a06bbeb4f28f09d928bd892f4c6c2b691d8b274f9c7ba7c45414f92b3,bloodmnist_demo,1729,test,3,4,1.1205703832090563,0.0,-10000000000.0,0.0,-10000000000.0,0.0,-10000000000.0,0.0,-10000000000.0,1.0,0.0,0.0,-10000000000.0
bloodmnist:test:1076,9822223c5f4b05622863bc9b0931808d56913120cc19dad876db038d85b95bbc,bloodmnist_demo,1729,test,1,4,1.1205703832090563,0.0,-10000000000.0,0.0,-10000000000.0,0.0,-10000000000.0,0.0,-10000000000.0,1.0,0.0,0.0,-10000000000.0
bloodmnist:test:1077,2f2a22993d32849a4ed766ba287ecc973ff925064fd5405356597acff7a3cd16,bloodmnist_demo,1729,test,5,4,1.1205703832090563,0.0,-10000000000.0,0.0,-10000000000.0,0.0,-10000000000.0,0.0,-10000000000.0,1.0,0.0,0.0,-10000000000.0
bloodmnist:test:1078,bf278781a99db5a67cd0a9e0059060bfa392b6cee340912e6c3fd51bab62630a,bloodmnist_demo,1729,test,1,4,1.1205703832090563,0.0,-10000000000.0,0.0,-10000000000.0,0.0,-10000000000.0,0.0,-10000000000.0,1.0,0.0,0.0,-10000000000.0
bloodmnist:test:1079,093062eb7966d5103a765d0c688e4147b0893b295cc7489174b3eb0c532ab298,bloodmnist_demo,1729,test,1,4,1.1205703832090563,0.0,-10000000000.0,0.0,-10000000000.0,0.0,-10000000000.0,0.0,-10000000000.0,1.0,0.0,0.0,-10000000000.0
bloodmnist:test:1080,10c842f788299e203970814063112e5cb0387941f86229005363cd0f157ffe4e,bloodmnist_demo,1729,test,3,4,1.1205703832090563,0.0,-10000000000.0,0.0,-10000000000.0,0.0,-10000000000.0,0.0,-10000000000.0,1.0,0.0,0.0,-10000000000.0
bloodmnist:test:1081,187a25403d0c459f07613fbc663c8b0c6ca05257d5db62260d83ef1327c0bed1,bloodmnist_demo,1729,test,1,4,1.1205703832090563,0.0,-10000000000.0,0.0,-10000000000.0,0.0,-10000000000.0,0.0,-10000000000.0,1.0,0.0,0.0,-10000000000.0
bloodmnist:test:1082,172ffcbd074cfb645fc31219fad4059e68ccc264cde6e2e744c97ab7b8dd2c94,bloodmnist_demo,1729,test,1,4,1.1205703832090563,0.0,-10000000000.0,0.0,-10000000000.0,0.0,-10000000000.0,0.0,-10000000000.0,1.0,0.0,0.0,-10000000000.0
bloodmnist:test:1084,60f500b5409cde34780835ba3ef55fb7e4ff83422a7a6b1f572d7dff4f552577,bloodmnist_demo,1729,test,1,4,1.1205703832090563,0.0,-10000000000.0,0.0,-10000000000.0,0.0,-10000000000.0,0.0,-10000000000.0,1.0,0.0,0.0,-10000000000.0
bloodmnist:test:1085,d515f90f03316481dddb006d5b126441190d74d394e8971a2297cd6914ce1b69,bloodmnist_demo,1729,test,1,4,1.1205703832090563,0.0,-10000000000.0,0.0,-10000000000.0,0.0,-10000000000.0,0.0,-10000000000.0,1.0,0.0,0.0,-10000000000.0
bloodmnist:test:1086,695eeec15f7e8335744b2242161165824005843d5b761dd7093cda520f9ce079,bloodmnist_demo,1729,test,1,4,1.1205703832090563,0.0,-10000000000.0,0.0,-10000000000.0,0.0,-10000000000.0,0.0,-10000000000.0,1.0,0.0,0.0,-10000000000.0
bloodmnist:test:1089,05606becaddc95ffefaf5db1cc96de0175e192ca24eb57c2a45ed567e34ff097,bloodmnist_demo,1729,test,4,4,1.1205703832090563,0.0,-10000000000.0,0.0,-10000000000.0,0.0,-10000000000.0,0.0,-10000000000.0,1.0,0.0,0.0,-10000000000.0
bloodmnist:test:1090,643070ad1fa20dde1920c172dc67b1df77541bccc15486bdabb52a6f55eec2cb,bloodmnist_demo,1729,test,1,4,1.1205703832090563,0.0,-10000000000.0,0.0,-10000000000.0,0.0,-10000000000.0,0.0,-10000000000.0,1.0,0.0,0.0,-10000000000.0
bloodmnist:test:1092,8c5938562a5d3da44c3d7b69d42faa5a50813643f5a14801f6d7bdfdbf5d0ab7,bloodmnist_demo,1729,test,5,4,1.1205703832090563,0.0,-10000000000.0,0.0,-10000000000.0,0.0,-10000000000.0,0.0,-10000000000.0,1.0,0.0,0.0,-10000000000.0
bloodmnist:test:1094,9c56f580e1f1439004373230ac10924a101e737139c01bc6ff59fedcdf17ec89,bloodmnist_demo,1729,test,5,4,1.1205703832090563,0.0,-10000000000.0,0.0,-10000000000.0,0.0,-10000000000.0,0.0,-10000000000.0,1.0,0.0,0.0,-10000000000.0
bloodmnist:test:1095,01faa888ec0e3b8ffaf0bba5f952dc030b31cd1966e750e55473cb0c08525057,bloodmnist_demo,1729,test,4,4,1.1205703832090563,0.0,-10000000000.0,0.0,-10000000000.0,0.0,-10000000000.0,0.0,-10000000000.0,1.0,0.0,0.0,-10000000000.0
bloodmnist:test:1096,fb4788987f6d790ced1f050c62ee7760ab7b188377c47c2424f7c42921ab539e,bloodmnist_demo,1729,test,5,4,1.1205703832090563,0.0,-10000000000.0,0.0,-10000000000.0,0.0,-10000000000.0,0.0,-10000000000.0,1.0,0.0,0.0,-10000000000.0
bloodmnist:test:1098,5c89822432f28154bcf57d34105003932642e48993d23baa5a3a5ce1191a5ca9,bloodmnist_demo,1729,test,1,4,1.1205703832090563,0.0,-10000000000.0,0.0,-10000000000.0,0.0,-10000000000.0,0.0,-10000000000.0,1.0,0.0,0.0,-10000000000.0
bloodmnist:test:1102,1d65796338366b6ea9b22382df679ddaf635d29a9d7289686d80f0073a9c0b08,bloodmnist_demo,1729,test,3,4,1.1205703832090563,0.0,-10000000000.0,0.0,-10000000000.0,0.0,-10000000000.0,0.0,-10000000000.0,1.0,0.0,0.0,-10000000000.0
bloodmnist:test:1103,6b0e29f9c8667a2e5fcf1829d96e86e1eba514e11ab5bf692fcc4fa481b5940e,bloodmnist_demo,1729,test,5,4,1.1205703832090563,0.0,-10000000000.0,0.0,-10000000000.0,0.0,-10000000000.0,0.0,-10000000000.0,1.0,0.0,0.0,-10000000000.0
bloodmnist:test:1104,e83701da522bbbde4ccf7fabd010669b6a02a75a741afb35e658eca8b5878465,bloodmnist_demo,1729,test,4,4,1.1205703832090563,0.0,-10000000000.0,0.0,-10000000000.0,0.0,-10000000000.0,0.0,-10000000000.0,1.0,0.0,0.0,-10000000000.0
bloodmnist:test:1105,c6c5bc330cfb6dfe8dc5e147b9855c70ef927398f4db688053b1de53f59f0343,bloodmnist_demo,1729,test,4,4,1.1205703832090563,0.0,-10000000000.0,0.0,-10000000000.0,0.0,-10000000000.0,0.0,-10000000000.0,1.0,0.0,0.0,-10000000000.0
bloodmnist:test:1107,199136be8f4cdeb3a1b31522612c50f8ec459ed85654bfd6e19d18d98a401efc,bloodmnist_demo,1729,test,0,4,1.1205703832090563,0.0,-10000000000.0,0.0,-10000000000.0,0.0,-10000000000.0,0.0,-10000000000.0,1.0,0.0,0.0,-10000000000.0
bloodmnist:test:1108,8645d8eba60cad9f52939ca36004946e895d33adc47a54c992811fe08a9fe2c8,bloodmnist_demo,1729,test,3,4,1.1205703832090563,0.0,-10000000000.0,0.0,-10000000000.0,0.0,-10000000000.0,0.0,-10000000000.0,1.0,0.0,0.0,-10000000000.0
bloodmnist:test:1109,e778c00892cf830a801a5c375bcca596dfa7ea927b5f4ae52488dfa553fae67e,bloodmnist_demo,1729,test,4,4,1.1205703832090563,0.0,-10000000000.0,0.0,-10000000000.0,0.0,-10000000000.0,0.0,-10000000000.0,1.0,0.0,0.0,-10000000000.0
bloodmnist:test:1112,65eda04086e63fe5920349ebb6d203b44afa7b3f909f8d8fc96e902e919ea910,bloodmnist_demo,1729,test,3,4,1.1205703832090563,0.0,-10000000000.0,0.0,-10000000000.0,0.0,-10000000000.0,0.0,-10000000000.0,1.0,0.0,0.0,-10000000000.0
bloodmnist:test:1114,4c0443a0eb59de75bfdcd6c6f562d4d6a3f7035ef3e977c2a5f7d083ec39f962,bloodmnist_demo,1729,test,4,4,1.1205703832090563,0.0,-10000000000.0,0.0,-10000000000.0,0.0,-10000000000.0,0.0,-10000000000.0,1.0,0.0,0.0,-10000000000.0
bloodmnist:test:1115,b14e6204d4a07976e949dbe9d5369f7d15e8b91c83822c12e78188ec4207239c,bloodmnist_demo,1729,test,4,4,1.1205703832090563,0.0,-10000000000.0,0.0,-10000000000.0,0.0,-10000000000.0,0.0,-10000000000.0,1.0,0.0,0.0,-10000000000.0
bloodmnist:test:1116,803a1f39820cb4bc036b67a8e4d8c5345ac453ea2682d9a3365fb7b8ac940386,bloodmnist_demo,1729,test,4,4,1.1205703832090563,0.0,-10000000000.0,0.0,-10000000000.0,0.0,-10000000000.0,0.0,-10000000000.0,1.0,0.0,0.0,-10000000000.0
bloodmnist:test:1117,12eb87eabbc4b0ec33a3556b26405763fb1b650fdce9471f0488e2a0f12e71fe,bloodmnist_demo,1729,test,5,4,1.1205703832090563,0.0,-10000000000.0,0.0,-10000000000.0,0.0,-10000000000.0,0.0,-10000000000.0,1.0,0.0,0.0,-10000000000.0
bloodmnist:test:1119,c729ed336d1f9713cd5b710037eb792ae747494a6a04984696191b669139ee76,bloodmnist_demo,1729,test,4,4,1.1205703832090563,0.0,-10000000000.0,0.0,-10000000000.0,0.0,-10000000000.0,0.0,-10000000000.0,1.0,0.0,0.0,-10000000000.0
bloodmnist:test:1120,c5e76cfbcf325cbc82a371a52b605216f70e373910190dcaa4eec4a1fdcc2203,bloodmnist_demo,1729,test,3,4,1.1205703832090563,0.0,-10000000000.0,0.0,-10000000000.0,0.0,-10000000000.0,0.0,-10000000000.0,1.0,0.0,0.0,-10000000000.0
bloodmnist:test:1121,414577aa0124b96a23a0d20b0b823001104297d216f73e9caf478f542c07bc9b,bloodmnist_demo,1729,test,5,4,1.1205703832090563,0.0,-10000000000.0,0.0,-10000000000.0,0.0,-10000000000.0,0.0,-10000000000.0,1.0,0.0,0.0,-10000000000.0
bloodmnist:test:1122,72a99579eae4693c95073a8f4185f40aa8dbaa1565acfa64ec0860d94b94c7f6,bloodmnist_demo,1729,test,5,4,1.1205703832090563,0.0,-10000000000.0,0.0,-10000000000.0,0.0,-10000000000.0,0.0,-10000000000.0,1.0,0.0,0.0,-10000000000.0
bloodmnist:test:1123,8f0e1cb5c23884ce8ace6b413808af6c5bd56b1442593f7c06338769a0860b55,bloodmnist_demo,1729,test,4,4,1.1205703832090563,0.0,-10000000000.0,0.0,-10000000000.0,0.0,-10000000000.0,0.0,-10000000000.0,1.0,0.0,0.0,-10000000000.0
bloodmnist:test:1124,b33c9925391e780af4d0c3083205080b134d7002ab6f56f9e063dc0df0ff981b,bloodmnist_demo,1729,test,4,4,1.1205703832090563,0.0,-10000000000.0,0.0,-10000000000.0,0.0,-10000000000.0,0.0,-10000000000.0,1.0,0.0,0.0,-10000000000.0
bloodmnist:test:1125,03660c9fd614ecc551086321336b316d3a20c8c3f7020186c347857169fc0e5b,bloodmnist_demo,1729,test,5,4,1.1205703832090563,0.0,-10000000000.0,0.0,-10000000000.0,0.0,-10000000000.0,0.0,-10000000000.0,1.0,0.0,0.0,-10000000000.0
bloodmnist:test:1126,e6ef48513817565c4cfe0fa042852fa0b4652497b94385e3053902003738c2a9,bloodmnist_demo,1729,test,2,4,1.1205703832090563,0.0,-10000000000.0,0.0,-10000000000.0,0.0,-10000000000.0,0.0,-10000000000.0,1.0,0.0,0.0,-10000000000.0
bloodmnist:test:1129,83d992d464cf576f41c3f24b3ef5539da72f1277a5d58d84160ddae5b9545d53,bloodmnist_demo,1729,test,1,4,1.1205703832090563,0.0,-10000000000.0,0.0,-10000000000.0,0.0,-10000000000.0,0.0,-10000000000.0,1.0,0.0,0.0,-10000000000.0
bloodmnist:test:1130,d3e29524af5c494222b51f1b64be25a604464edb647f42fc5c0c6ed6bcd2a19c,bloodmnist_demo,1729,test,5,4,1.1205703832090563,0.0,-10000000000.0,0.0,-10000000000.0,0.0,-10000000000.0,0.0,-10000000000.0,1.0,0.0,0.0,-10000000000.0
bloodmnist:test:1131,dee8f6e1a1d0b4a67ae88a608983ee664a7ff6833803fd2172af45722f47b576,bloodmnist_demo,1729,test,4,4,1.1205703832090563,0.0,-10000000000.0,0.0,-10000000000.0,0.0,-10000000000.0,0.0,-10000000000.0,1.0,0.0,0.0,-10000000000.0
bloodmnist:test:1132,0e396b4551b8576b576d82429f49bfd44ed36508357b583781fabeecc7b41a81,bloodmnist_demo,1729,test,1,4,1.1205703832090563,0.0,-10000000000.0,0.0,-10000000000.0,0.0,-10000000000.0,0.0,-10000000000.0,1.0,0.0,0.0,-10000000000.0
bloodmnist:test:1133,1d6397339149feb823d74794f03d8beb4f156b4dae6126e394cd48935437e3c6,bloodmnist_demo,1729,test,4,4,1.1205703832090563,0.0,-10000000000.0,0.0,-10000000000.0,0.0,-10000000000.0,0.0,-10000000000.0,1.0,0.0,0.0,-10000000000.0
bloodmnist:test:1135,e0f26b5c723eca30bdb011e203a34d8c739bae0b738a1daa53596ac9939ba994,bloodmnist_demo,1729,test,5,4,1.1205703832090563,0.0,-10000000000.0,0.0,-10000000000.0,0.0,-10000000000.0,0.0,-10000000000.0,1.0,0.0,0.0,-10000000000.0
bloodmnist:test:1137,4a49483f6973cf8abccb926033f4608851369100c1af0a997c2a22ddc50b6e15,bloodmnist_demo,1729,test,1,4,1.1205703832090563,0.0,-10000000000.0,0.0,-10000000000.0,0.0,-10000000000.0,0.0,-10000000000.0,1.0,0.0,0.0,-10000000000.0
bloodmnist:test:1139,36fc9d5720651dd212f3bc762865f344de0ddd4e9457efff3742edaf8389b3e1,bloodmnist_demo,1729,test,5,4,1.1205703832090563,0.0,-10000000000.0,0.0,-10000000000.0,0.0,-10000000000.0,0.0,-10000000000.0,1.0,0.0,0.0,-10000000000.0
bloodmnist:test:1140,d07e5ee1962be6169a49af9fb639864ca870c79574091ed8477964baf98f7dbc,bloodmnist_demo,1729,test,4,4,1.1205703832090563,0.0,-10000000000.0,0.0,-10000000000.0,0.0,-10000000000.0,0.0,-10000000000.0,1.0,0.0,0.0,-10000000000.0
bloodmnist:test:1141,dfd18921bd96216aaf138bdd13a46a6826d3f48645bb46a36247f6713a3c2cfb,bloodmnist_demo,1729,test,1,4,1.1205703832090563,0.0,-10000000000.0,0.0,-10000000000.0,0.0,-10000000000.0,0.0,-10000000000.0,1.0,0.0,0.0,-10000000000.0
bloodmnist:test:1142,0ce502a100f1c1a9c72aeed4e493a10a0b0ccca71e9eaf81885c6bd8111db892,bloodmnist_demo,1729,test,0,4,1.1205703832090563,0.0,-10000000000.0,0.0,-10000000000.0,0.0,-10000000000.0,0.0,-10000000000.0,1.0,0.0,0.0,-10000000000.0
bloodmnist:test:1143,1d1fa50f0edfbc1988ce7219007d63d4a930ebcd3b4d7bfd26b361e4627d8d3e,bloodmnist_demo,1729,test,4,4,1.1205703832090563,0.0,-10000000000.0,0.0,-10000000000.0,0.0,-10000000000.0,0.0,-10000000000.0,1.0,0.0,0.0,-10000000000.0
bloodmnist:test:1144,9021068c36f9078a1e596beba700b65340eb80e3e3b68cb9ffd8b6137d479a4c,bloodmnist_demo,1729,test,4,4,1.1205703832090563,0.0,-10000000000.0,0.0,-10000000000.0,0.0,-10000000000.0,0.0,-10000000000.0,1.0,0.0,0.0,-10000000000.0
bloodmnist:test:1150,100288a70728e39b920f54e9fe18eb0f5963c113b943b0add8bc3392c11c18d7,bloodmnist_demo,1729,test,4,4,1.1205703832090563,0.0,-10000000000.0,0.0,-10000000000.0,0.0,-10000000000.0,0.0,-10000000000.0,1.0,0.0,0.0,-10000000000.0
bloodmnist:test:1152,03a93391d18cc82c28cf20e0b92337998228da2d244c2defc3a360350fa3862d,bloodmnist_demo,1729,test,3,4,1.1205703832090563,0.0,-10000000000.0,0.0,-10000000000.0,0.0,-10000000000.0,0.0,-10000000000.0,1.0,0.0,0.0,-10000000000.0
bloodmnist:test:1153,17341162564f92a10208874bf30778df316717aad667d1c83cc6c8d1b18dab1d,bloodmnist_demo,1729,test,5,4,1.1205703832090563,0.0,-10000000000.0,0.0,-10000000000.0,0.0,-10000000000.0,0.0,-10000000000.0,1.0,0.0,0.0,-10000000000.0
bloodmnist:test:1154,5314e538a9b0b1cc5adaa96109a027d4cb0c1c99d438fdecc358c5e97621e160,bloodmnist_demo,1729,test,4,4,1.1205703832090563,0.0,-10000000000.0,0.0,-10000000000.0,0.0,-10000000000.0,0.0,-10000000000.0,1.0,0.0,0.0,-10000000000.0
bloodmnist:test:1155,06b00700d2fd814bb710f0b268e38081f1d2507cd4f928a98fabbd256530fbed,bloodmnist_demo,1729,test,4,4,1.1205703832090563,0.0,-10000000000.0,0.0,-10000000000.0,0.0,-10000000000.0,0.0,-10000000000.0,1.0,0.0,0.0,-10000000000.0
bloodmnist:test:1156,3a03b9c9589ae545feb29a76f8d5b7fbc6f01c8ace92056b0a05fd8545b43d03,bloodmnist_demo,1729,test,5,4,1.1205703832090563,0.0,-10000000000.0,0.0,-10000000000.0,0.0,-10000000000.0,0.0,-10000000000.0,1.0,0.0,0.0,-10000000000.0
bloodmnist:test:1158,a20dcd329b7b94e4a88c78ad1b2f86ee3c5d393c4f8b7782632abed9db7a3057,bloodmnist_demo,1729,test,1,4,1.1205703832090563,0.0,-10000000000.0,0.0,-10000000000.0,0.0,-10000000000.0,0.0,-10000000000.0,1.0,0.0,0.0,-10000000000.0
bloodmnist:test:1160,01d0cfbb3b8a09fe9a9581fa55657bc996574c00608fc4214bdedfec6913593d,bloodmnist_demo,1729,test,4,4,1.1205703832090563,0.0,-10000000000.0,0.0,-10000000000.0,0.0,-10000000000.0,0.0,-10000000000.0,1.0,0.0,0.0,-10000000000.0
bloodmnist:test:1161,74c5b27c7d2dbb3b9298daae0edc197bc62bcae0e3317772c9f6fe5a4c659a1b,bloodmnist_demo,1729,test,2,4,1.1205703832090563,0.0,-10000000000.0,0.0,-10000000000.0,0.0,-10000000000.0,0.0,-10000000000.0,1.0,0.0,0.0,-10000000000.0
bloodmnist:test:1162,60a2e6315c72b7e574e57d6f6188f8ff3831ac1933c107951e05056035d04772,bloodmnist_demo,1729,test,4,4,1.1205703832090563,0.0,-10000000000.0,0.0,-10000000000.0,0.0,-10000000000.0,0.0,-10000000000.0,1.0,0.0,0.0,-10000000000.0
bloodmnist:test:1163,aae1aca7e890cca5e03cfb30a6e8764c45badb9fd2fdb4eb111d3b9cc8439d62,bloodmnist_demo,1729,test,1,4,1.1205703832090563,0.0,-10000000000.0,0.0,-10000000000.0,0.0,-10000000000.0,0.0,-10000000000.0,1.0,0.0,0.0,-10000000000.0
bloodmnist:test:1164,8e30f42039c9685fbcb8f22461d839f6c8420acafb76b086b44b248127b8b7de,bloodmnist_demo,1729,test,0,4,1.1205703832090563,0.0,-10000000000.0,0.0,-10000000000.0,0.0,-10000000000.0,0.0,-10000000000.0,1.0,0.0,0.0,-10000000000.0
bloodmnist:test:1166,592bac0e5561a0ffd7ce800c5355dc82bb301f68918fa23c64d3cd139f4deae9,bloodmnist_demo,1729,test,4,4,1.1205703832090563,0.0,-10000000000.0,0.0,-10000000000.0,0.0,-10000000000.0,0.0,-10000000000.0,1.0,0.0,0.0,-10000000000.0
bloodmnist:test:1167,a6854ba3904fdef7ffe940638bd2ee95a1461605cc1471fa491379adea39801e,bloodmnist_demo,1729,test,4,4,1.1205703832090563,0.0,-10000000000.0,0.0,-10000000000.0,0.0,-10000000000.0,0.0,-10000000000.0,1.0,0.0,0.0,-10000000000.0
bloodmnist:test:1168,e2be571375c42960d1aadc6b46f26085b1c864dc8421b0e63390db6a626ef8a6,bloodmnist_demo,1729,test,5,4,1.1205703832090563,0.0,-10000000000.0,0.0,-10000000000.0,0.0,-10000000000.0,0.0,-10000000000.0,1.0,0.0,0.0,-10000000000.0
bloodmnist:test:1169,2891bc5f508966470d8a8b0a1ba03f260f280a49614bc01ddf9b85116de26af1,bloodmnist_demo,1729,test,5,4,1.1205703832090563,0.0,-10000000000.0,0.0,-10000000000.0,0.0,-10000000000.0,0.0,-10000000000.0,1.0,0.0,0.0,-10000000000.0
bloodmnist:test:1170,96ea179520ee0faa410c6a2d8e5812b6257bf93f315eadae915685d71067b187,bloodmnist_demo,1729,test,5,4,1.1205703832090563,0.0,-10000000000.0,0.0,-10000000000.0,0.0,-10000000000.0,0.0,-10000000000.0,1.0,0.0,0.0,-10000000000.0
bloodmnist:test:1171,e58b6973c505eaefd22ab3056b6ca1ba9fbf344c7320816abe6a4166c3d595e9,bloodmnist_demo,1729,test,5,4,1.1205703832090563,0.0,-10000000000.0,0.0,-10000000000.0,0.0,-10000000000.0,0.0,-10000000000.0,1.0,0.0,0.0,-10000000000.0
bloodmnist:test:1172,121bf2d656195e9fdc65a087916c02ec13bdf65bdaa1a7075acfdcc7512978e9,bloodmnist_demo,1729,test,1,4,1.1205703832090563,0.0,-10000000000.0,0.0,-10000000000.0,0.0,-10000000000.0,0.0,-10000000000.0,1.0,0.0,0.0,-10000000000.0
bloodmnist:test:1173,eb6494317313ce3a94a752cfcaf8b4a15f2c87ea3b9dea4d979d008f9845fbd5,bloodmnist_demo,1729,test,1,4,1.1205703832090563,0.0,-10000000000.0,0.0,-10000000000.0,0.0,-10000000000.0,0.0,-10000000000.0,1.0,0.0,0.0,-10000000000.0
bloodmnist:test:1174,ece9f4d93216de96913e9dcd1ad543a473b807a1ece181911c539ec2a4603997,bloodmnist_demo,1729,test,1,4,1.1205703832090563,0.0,-10000000000.0,0.0,-10000000000.0,0.0,-10000000000.0,0.0,-10000000000.0,1.0,0.0,0.0,-10000000000.0
bloodmnist:test:1176,b64868c7db30898f1b0bb6efa3a721f0266ec7080e6baccdd1f911ac987f706a,bloodmnist_demo,1729,test,4,4,1.1205703832090563,0.0,-10000000000.0,0.0,-10000000000.0,0.0,-10000000000.0,0.0,-10000000000.0,1.0,0.0,0.0,-10000000000.0
bloodmnist:test:1177,d8a76e504e650199fb4b160e790d52f8b24d2a83649deaad0d6d6850baabbc39,bloodmnist_demo,1729,test,3,4,1.1205703832090563,0.0,-10000000000.0,0.0,-10000000000.0,0.0,-10000000000.0,0.0,-10000000000.0,1.0,0.0,0.0,-10000000000.0
bloodmnist:test:1178,81d60c22fd8b6d3af88145e16aaadc5a3cb307696ba0f276713c68e9d5b98113,bloodmnist_demo,1729,test,2,4,1.1205703832090563,0.0,-10000000000.0,0.0,-10000000000.0,0.0,-10000000000.0,0.0,-10000000000.0,1.0,0.0,0.0,-10000000000.0
bloodmnist:test:1179,4294f33f4193de3b9bfa66f44ac2b0549b0e7be9148c6c4d76e5011275626d8b,bloodmnist_demo,1729,test,2,4,1.1205703832090563,0.0,-10000000000.0,0.0,-10000000000.0,0.0,-10000000000.0,0.0,-10000000000.0,1.0,0.0,0.0,-10000000000.0
bloodmnist:test:1180,3fdba5e65ea22cfdb2dda5c20bf69e342c84559dfb04d04d67159a1438e1593c,bloodmnist_demo,1729,test,3,4,1.1205703832090563,0.0,-10000000000.0,0.0,-10000000000.0,0.0,-10000000000.0,0.0,-10000000000.0,1.0,0.0,0.0,-10000000000.0
bloodmnist:test:1182,9ae8ce37f9aa868c32ecfabeaa7b6f23daf6cc06dec68e04d206df0fa4ac93fb,bloodmnist_demo,1729,test,1,4,1.1205703832090563,0.0,-10000000000.0,0.0,-10000000000.0,0.0,-10000000000.0,0.0,-10000000000.0,1.0,0.0,0.0,-10000000000.0
bloodmnist:test:1183,4da5f002624ef53593bb0d9f7ad8ae82667544c3cbcdbfa8f71617b6f78677f6,bloodmnist_demo,1729,test,3,4,1.1205703832090563,0.0,-10000000000.0,0.0,-10000000000.0,0.0,-10000000000.0,0.0,-10000000000.0,1.0,0.0,0.0,-10000000000.0
bloodmnist:test:1184,49ede88031e45997c81c138f151983065fe21ec16fe9b74668d90c3ca61734dc,bloodmnist_demo,1729,test,5,4,1.1205703832090563,0.0,-10000000000.0,0.0,-10000000000.0,0.0,-10000000000.0,0.0,-10000000000.0,1.0,0.0,0.0,-10000000000.0
bloodmnist:test:1185,ad569747ce07624980110ddadcc813c5326c72c3b74a73dc5a43d0dcbd94c080,bloodmnist_demo,1729,test,2,4,1.1205703832090563,0.0,-10000000000.0,0.0,-10000000000.0,0.0,-10000000000.0,0.0,-10000000000.0,1.0,0.0,0.0,-10000000000.0
bloodmnist:test:1186,baf3fcbfedd715df822ddc0ed563d497f26afec8ed9c6bc6781d354ce1226ac1,bloodmnist_demo,1729,test,1,4,1.1205703832090563,0.0,-10000000000.0,0.0,-10000000000.0,0.0,-10000000000.0,0.0,-10000000000.0,1.0,0.0,0.0,-10000000000.0
bloodmnist:test:1187,a9d60650f7a37710c39128b84598e6017f22da2dd99e0f72529c0f6c341625d5,bloodmnist_demo,1729,test,3,4,1.1205703832090563,0.0,-10000000000.0,0.0,-10000000000.0,0.0,-10000000000.0,0.0,-10000000000.0,1.0,0.0,0.0,-10000000000.0
bloodmnist:test:1188,caf75cb72d311005fa11da7b8baa7467c1c102665f413458b3d306e9e2dd97fc,bloodmnist_demo,1729,test,0,4,1.1205703832090563,0.0,-10000000000.0,0.0,-10000000000.0,0.0,-10000000000.0,0.0,-10000000000.0,1.0,0.0,0.0,-10000000000.0
bloodmnist:test:1191,30c849ee95038b22aafad88d5f14b461702cf33d511f0c73c7e2a412c74e2905,bloodmnist_demo,1729,test,3,4,1.1205703832090563,0.0,-10000000000.0,0.0,-10000000000.0,0.0,-10000000000.0,0.0,-10000000000.0,1.0,0.0,0.0,-10000000000.0
bloodmnist:test:1192,d576b6127544b803d70bdfb5cb1a8a1b2de9bc5db30266f0c9de9fe6ae6dae1f,bloodmnist_demo,1729,test,1,4,1.1205703832090563,0.0,-10000000000.0,0.0,-10000000000.0,0.0,-10000000000.0,0.0,-10000000000.0,1.0,0.0,0.0,-10000000000.0
bloodmnist:test:1193,b1fa2efe6823dccad0c4876c7c90a006eda46102591c401f19aef39da9246524,bloodmnist_demo,1729,test,0,4,1.1205703832090563,0.0,-10000000000.0,0.0,-10000000000.0,0.0,-10000000000.0,0.0,-10000000000.0,1.0,0.0,0.0,-10000000000.0
bloodmnist:test:1196,b4389cc974819a28fc1573e3d001a743755652444bf87bf21e006f4554270a59,bloodmnist_demo,1729,test,4,4,1.1205703832090563,0.0,-10000000000.0,0.0,-10000000000.0,0.0,-10000000000.0,0.0,-10000000000.0,1.0,0.0,0.0,-10000000000.0
bloodmnist:test:1199,8a22f32a6e30c33f3ce780517752125bc801bdf852996da9066e3f116c4f75df,bloodmnist_demo,1729,test,4,4,1.1205703832090563,0.0,-10000000000.0,0.0,-10000000000.0,0.0,-10000000000.0,0.0,-10000000000.0,1.0,0.0,0.0,-10000000000.0
bloodmnist:test:1200,e973f90c8111a713ceb8632b1e17ea13afa66f9be714676d50c6ec9741ba2069,bloodmnist_demo,1729,test,3,4,1.1205703832090563,0.0,-10000000000.0,0.0,-10000000000.0,0.0,-10000000000.0,0.0,-10000000000.0,1.0,0.0,0.0,-10000000000.0
bloodmnist:test:1201,5e2ff2fd9a917551da8ceede2cde2e514834155e6e3c798c8b67cdfc39f78bab,bloodmnist_demo,1729,test,4,4,1.1205703832090563,0.0,-10000000000.0,0.0,-10000000000.0,0.0,-10000000000.0,0.0,-10000000000.0,1.0,0.0,0.0,-10000000000.0
bloodmnist:test:1203,e016cde5073d3bdcf58e30e157a3f56783a194c0585436e7d5d16eadd1038fb1,bloodmnist_demo,1729,test,1,4,1.1205703832090563,0.0,-10000000000.0,0.0,-10000000000.0,0.0,-10000000000.0,0.0,-10000000000.0,1.0,0.0,0.0,-10000000000.0
bloodmnist:test:1204,15aacbd17ef91e2a3a8c9193d2d084414e7c3351442f65b6d2d4410c676bf5ae,bloodmnist_demo,1729,test,2,4,1.1205703832090563,0.0,-10000000000.0,0.0,-10000000000.0,0.0,-10000000000.0,0.0,-10000000000.0,1.0,0.0,0.0,-10000000000.0
bloodmnist:test:1206,6b94df33bbf882877b4d2b5c78ff2a2ce6c1099d00b372ec00bbbb1b852474a5,bloodmnist_demo,1729,test,2,4,1.1205703832090563,0.0,-10000000000.0,0.0,-10000000000.0,0.0,-10000000000.0,0.0,-10000000000.0,1.0,0.0,0.0,-10000000000.0
bloodmnist:test:1209,165b440bb167accf12601508b723c7b5d510be377933d5e2cc32c867de26bc3e,bloodmnist_demo,1729,test,1,4,1.1205703832090563,0.0,-10000000000.0,0.0,-10000000000.0,0.0,-10000000000.0,0.0,-10000000000.0,1.0,0.0,0.0,-10000000000.0
bloodmnist:test:1211,847973baadfd4090979e9b11ba547c61c56cf4457ce5537eee23a509555f66c9,bloodmnist_demo,1729,test,2,4,1.1205703832090563,0.0,-10000000000.0,0.0,-10000000000.0,0.0,-10000000000.0,0.0,-10000000000.0,1.0,0.0,0.0,-10000000000.0
bloodmnist:test:1212,adb3a5233edbe879e05ebaf8f228e26bdbc6b1d2d6672f79490ce1a718782bde,bloodmnist_demo,1729,test,5,4,1.1205703832090563,0.0,-10000000000.0,0.0,-10000000000.0,0.0,-10000000000.0,0.0,-10000000000.0,1.0,0.0,0.0,-10000000000.0
bloodmnist:test:1213,0a00d72bf56778337b9e9af38b155c260c14a15169ca4e80d0e2c7e1380220ec,bloodmnist_demo,1729,test,2,4,1.1205703832090563,0.0,-10000000000.0,0.0,-10000000000.0,0.0,-10000000000.0,0.0,-10000000000.0,1.0,0.0,0.0,-10000000000.0
bloodmnist:test:1215,776ddc6de55a8188cfcf0252074aa85300817d5be8e37af0495dba4d34d438b7,bloodmnist_demo,1729,test,3,4,1.1205703832090563,0.0,-10000000000.0,0.0,-10000000000.0,0.0,-10000000000.0,0.0,-10000000000.0,1.0,0.0,0.0,-10000000000.0
bloodmnist:test:1217,ae7a37833a7a3a094d85b048f10e72ba7e48bd0723db20ca426a95742d81005f,bloodmnist_demo,1729,test,4,4,1.1205703832090563,0.0,-10000000000.0,0.0,-10000000000.0,0.0,-10000000000.0,0.0,-10000000000.0,1.0,0.0,0.0,-10000000000.0
bloodmnist:test:1218,2a50995c3bf47d3c288fbd1dbe9a76b7ec16306f5a7f4b76c006fc6664bde9f2,bloodmnist_demo,1729,test,3,4,1.1205703832090563,0.0,-10000000000.0,0.0,-10000000000.0,0.0,-10000000000.0,0.0,-10000000000.0,1.0,0.0,0.0,-10000000000.0
bloodmnist:test:1220,116a1b5eaa2b6ba1a9d187f1f12a28960816976c79f7b341747f58f2ad11136e,bloodmnist_demo,1729,test,5,4,1.1205703832090563,0.0,-10000000000.0,0.0,-10000000000.0,0.0,-10000000000.0,0.0,-10000000000.0,1.0,0.0,0.0,-10000000000.0
bloodmnist:test:1222,68f315de612ae7c47d1adfa9f168eef5a9d60ea5ae9bfab89bc891166ac697f8,bloodmnist_demo,1729,test,0,4,1.1205703832090563,0.0,-10000000000.0,0.0,-10000000000.0,0.0,-10000000000.0,0.0,-10000000000.0,1.0,0.0,0.0,-10000000000.0
bloodmnist:test:1223,8f710472b754efa85d9b370a4d52a29eb8c50f07914c921ad7887d537b2a3358,bloodmnist_demo,1729,test,5,4,1.1205703832090563,0.0,-10000000000.0,0.0,-10000000000.0,0.0,-10000000000.0,0.0,-10000000000.0,1.0,0.0,0.0,-10000000000.0
bloodmnist:test:1226,ea613fe06b13fbf15d2e0543c7ccdd6719718c7cb4fe58868e74f5c04676fd46,bloodmnist_demo,1729,test,5,4,1.1205703832090563,0.0,-10000000000.0,0.0,-10000000000.0,0.0,-10000000000.0,0.0,-10000000000.0,1.0,0.0,0.0,-10000000000.0
bloodmnist:test:1228,8d45d6f30d6cab8ffe78b200846906fbfc67c21b945db57ad1586f01e64321e3,bloodmnist_demo,1729,test,4,4,1.1205703832090563,0.0,-10000000000.0,0.0,-10000000000.0,0.0,-10000000000.0,0.0,-10000000000.0,1.0,0.0,0.0,-10000000000.0
bloodmnist:test:1229,274bfef9e7b339893adf20ae56f7d8a7da79c996918f78946b4ff68b380bfd79,bloodmnist_demo,1729,test,1,4,1.1205703832090563,0.0,-10000000000.0,0.0,-10000000000.0,0.0,-10000000000.0,0.0,-10000000000.0,1.0,0.0,0.0,-10000000000.0
bloodmnist:test:1230,0465922ae1e5df0b18f9c850c28b1c48315d19eb266e797c43cdb94c50570bb7,bloodmnist_demo,1729,test,0,4,1.1205703832090563,0.0,-10000000000.0,0.0,-10000000000.0,0.0,-10000000000.0,0.0,-10000000000.0,1.0,0.0,0.0,-10000000000.0
bloodmnist:test:1231,edba1f53616781633f13d3e8472ee91103905f172c1a65748e9eeff1bdf8bec1,bloodmnist_demo,1729,test,5,4,1.1205703832090563,0.0,-10000000000.0,0.0,-10000000000.0,0.0,-10000000000.0,0.0,-10000000000.0,1.0,0.0,0.0,-10000000000.0
bloodmnist:test:1232,a2fecdb40bb1723f4d94ca4d9d6b53e70ce15dd73b4d0ebd9f2a71b1b315fd1f,bloodmnist_demo,1729,test,5,4,1.1205703832090563,0.0,-10000000000.0,0.0,-10000000000.0,0.0,-10000000000.0,0.0,-10000000000.0,1.0,0.0,0.0,-10000000000.0
bloodmnist:test:1233,40ad0be4a8711d9e98bbf7cc0581952802967ed96459f34216fa31fa85efbda1,bloodmnist_demo,1729,test,5,4,1.1205703832090563,0.0,-10000000000.0,0.0,-10000000000.0,0.0,-10000000000.0,0.0,-10000000000.0,1.0,0.0,0.0,-10000000000.0
bloodmnist:test:1234,d1acb5589512da65939de735365aaeb93fe72bf06b9d9e5f3a055e0c7652f966,bloodmnist_demo,1729,test,5,4,1.1205703832090563,0.0,-10000000000.0,0.0,-10000000000.0,0.0,-10000000000.0,0.0,-10000000000.0,1.0,0.0,0.0,-10000000000.0
bloodmnist:test:1235,86b55aca265251a7f0ceac2baaa68dc98675ed99a4b44258239b387623374774,bloodmnist_demo,1729,test,2,4,1.1205703832090563,0.0,-10000000000.0,0.0,-10000000000.0,0.0,-10000000000.0,0.0,-10000000000.0,1.0,0.0,0.0,-10000000000.0
bloodmnist:test:1236,614cfe545252a1e244c22c4e971d7764b9f906671007120ec737dbb5a0ce97ba,bloodmnist_demo,1729,test,2,4,1.1205703832090563,0.0,-10000000000.0,0.0,-10000000000.0,0.0,-10000000000.0,0.0,-10000000000.0,1.0,0.0,0.0,-10000000000.0
bloodmnist:test:1237,00a91bbdb95321bc2fcb1d7ce35401f5f647e83a52ac54483aa3072317015384,bloodmnist_demo,1729,test,1,4,1.1205703832090563,0.0,-10000000000.0,0.0,-10000000000.0,0.0,-10000000000.0,0.0,-10000000000.0,1.0,0.0,0.0,-10000000000.0
bloodmnist:test:1238,a0a3be8816ea208ea4a3b8099261cf3a319a1291872ac263d37f00e79b4f82ea,bloodmnist_demo,1729,test,5,4,1.1205703832090563,0.0,-10000000000.0,0.0,-10000000000.0,0.0,-10000000000.0,0.0,-10000000000.0,1.0,0.0,0.0,-10000000000.0
bloodmnist:test:1240,046c977412eb8409efc6e8a86cc422ceedd3a8dcead45678647c2370f7fd586f,bloodmnist_demo,1729,test,4,4,1.1205703832090563,0.0,-10000000000.0,0.0,-10000000000.0,0.0,-10000000000.0,0.0,-10000000000.0,1.0,0.0,0.0,-10000000000.0
bloodmnist:test:1241,9e66918e2991c2206a2e589feca6ffe4a14e55d496386488f82e32baa852255a,bloodmnist_demo,1729,test,5,4,1.1205703832090563,0.0,-10000000000.0,0.0,-10000000000.0,0.0,-10000000000.0,0.0,-10000000000.0,1.0,0.0,0.0,-10000000000.0
bloodmnist:test:1242,ce12ceed74628b5b1cf2ae50f320d6db554b9b56dcc760265cc158d8f7e6f476,bloodmnist_demo,1729,test,3,4,1.1205703832090563,0.0,-10000000000.0,0.0,-10000000000.0,0.0,-10000000000.0,0.0,-10000000000.0,1.0,0.0,0.0,-10000000000.0
bloodmnist:test:1243,6f02d4cb4220b96fb226e9db4ad77122bd254b917571774a78746010a13f10cc,bloodmnist_demo,1729,test,5,4,1.1205703832090563,0.0,-10000000000.0,0.0,-10000000000.0,0.0,-10000000000.0,0.0,-10000000000.0,1.0,0.0,0.0,-10000000000.0
bloodmnist:test:1244,1d9578374660cbbd945126c0620f7daa79a6c683a8108d6fb9124f9310abe145,bloodmnist_demo,1729,test,1,4,1.1205703832090563,0.0,-10000000000.0,0.0,-10000000000.0,0.0,-10000000000.0,0.0,-10000000000.0,1.0,0.0,0.0,-10000000000.0
bloodmnist:test:1245,5e26c229e531340ccd6acec644ce2165eef484e564de6aa5038bb37d6eb16b50,bloodmnist_demo,1729,test,3,4,1.1205703832090563,0.0,-10000000000.0,0.0,-10000000000.0,0.0,-10000000000.0,0.0,-10000000000.0,1.0,0.0,0.0,-10000000000.0
bloodmnist:test:1249,dd741b1ed2ddcd843213e15744342ab1f58c1f4b28298a3c6dab2c21bcb302fe,bloodmnist_demo,1729,test,3,4,1.1205703832090563,0.0,-10000000000.0,0.0,-10000000000.0,0.0,-10000000000.0,0.0,-10000000000.0,1.0,0.0,0.0,-10000000000.0
bloodmnist:test:1250,34fa37ddf1e4d55d49d46f0e0cc67fa625ebd220a39587b36ee5dfa56a2559b4,bloodmnist_demo,1729,test,1,4,1.1205703832090563,0.0,-10000000000.0,0.0,-10000000000.0,0.0,-10000000000.0,0.0,-10000000000.0,1.0,0.0,0.0,-10000000000.0
bloodmnist:test:1252,1ea44ddb7335f2780040dc0c751a1c992dc362cabb3ebf2b35f68b34da39b01c,bloodmnist_demo,1729,test,1,4,1.1205703832090563,0.0,-10000000000.0,0.0,-10000000000.0,0.0,-10000000000.0,0.0,-10000000000.0,1.0,0.0,0.0,-10000000000.0
bloodmnist:test:1253,8fdc177bbe5bc4f16142b7fd57b956188103e7a506243c759cce775a3c8c3280,bloodmnist_demo,1729,test,4,4,1.1205703832090563,0.0,-10000000000.0,0.0,-10000000000.0,0.0,-10000000000.0,0.0,-10000000000.0,1.0,0.0,0.0,-10000000000.0
bloodmnist:test:1254,33a0cc98be7c9ea0a34f0390d4c7a1944068f39aee5488519bac3cdf233cd915,bloodmnist_demo,1729,test,4,4,1.1205703832090563,0.0,-10000000000.0,0.0,-10000000000.0,0.0,-10000000000.0,0.0,-10000000000.0,1.0,0.0,0.0,-10000000000.0
bloodmnist:test:1257,7ecd0a3b8318e19c067dfe107d5287fefb6061533ebd68d31390fd2e3fe8e906,bloodmnist_demo,1729,test,4,4,1.1205703832090563,0.0,-10000000000.0,0.0,-10000000000.0,0.0,-10000000000.0,0.0,-10000000000.0,1.0,0.0,0.0,-10000000000.0
bloodmnist:test:1259,ac241e22b03a827929392b02cfba57b374fd25855273c21cb37813918e862fc4,bloodmnist_demo,1729,test,5,4,1.1205703832090563,0.0,-10000000000.0,0.0,-10000000000.0,0.0,-10000000000.0,0.0,-10000000000.0,1.0,0.0,0.0,-10000000000.0
bloodmnist:test:1260,3a363c0e8f4cc15d8d29863db5ecf462d919bc92993bf99b9c1ea98f61c8685c,bloodmnist_demo,1729,test,4,4,1.1205703832090563,0.0,-10000000000.0,0.0,-10000000000.0,0.0,-10000000000.0,0.0,-10000000000.0,1.0,0.0,0.0,-10000000000.0
bloodmnist:test:1261,de0f573a7bd92f6e0392b80943ade5d3fc5e0d1362f4ee2845fda71ba2882f3a,bloodmnist_demo,1729,test,3,4,1.1205703832090563,0.0,-10000000000.0,0.0,-10000000000.0,0.0,-10000000000.0,0.0,-10000000000.0,1.0,0.0,0.0,-10000000000.0
bloodmnist:test:1262,8a301d68033da5a06fbbcfefe9bafb8f36dfe31e843690b8ffd0ab1f669bfdf7,bloodmnist_demo,1729,test,4,4,1.1205703832090563,0.0,-10000000000.0,0.0,-10000000000.0,0.0,-10000000000.0,0.0,-10000000000.0,1.0,0.0,0.0,-10000000000.0
bloodmnist:test:1263,7fe1d56b7736fc14000b4d213748a3f72d024d7564936ae5bc5c810171d73651,bloodmnist_demo,1729,test,3,4,1.1205703832090563,0.0,-10000000000.0,0.0,-10000000000.0,0.0,-10000000000.0,0.0,-10000000000.0,1.0,0.0,0.0,-10000000000.0
bloodmnist:test:1264,de3b891753e3fb2c4882e9951c29fd34a54d1686cb685b74defd3a6b52d1b487,bloodmnist_demo,1729,test,5,4,1.1205703832090563,0.0,-10000000000.0,0.0,-10000000000.0,0.0,-10000000000.0,0.0,-10000000000.0,1.0,0.0,0.0,-10000000000.0
bloodmnist:test:1265,e567906546d49248795c19bc3475876bc93fa92a0e660a7a9f1a25ea668361f0,bloodmnist_demo,1729,test,4,4,1.1205703832090563,0.0,-10000000000.0,0.0,-10000000000.0,0.0,-10000000000.0,0.0,-10000000000.0,1.0,0.0,0.0,-10000000000.0
bloodmnist:test:1266,5e737f124d73fa13c719a40a5c288d9c653ad294df1a1d31562d12b2b343cd3c,bloodmnist_demo,1729,test,5,4,1.1205703832090563,0.0,-10000000000.0,0.0,-10000000000.0,0.0,-10000000000.0,0.0,-10000000000.0,1.0,0.0,0.0,-10000000000.0
bloodmnist:test:1267,20aa42a7079480511cc41b904691094e1c7b536853fb3c4fc9aba0d49706dd34,bloodmnist_demo,1729,test,3,4,1.1205703832090563,0.0,-10000000000.0,0.0,-10000000000.0,0.0,-10000000000.0,0.0,-10000000000.0,1.0,0.0,0.0,-10000000000.0
bloodmnist:test:1268,a01866bb075f6352141a6767c998c0857004d1d84fe1a810913bbb43abec8292,bloodmnist_demo,1729,test,0,4,1.1205703832090563,0.0,-10000000000.0,0.0,-10000000000.0,0.0,-10000000000.0,0.0,-10000000000.0,1.0,0.0,0.0,-10000000000.0
bloodmnist:test:1269,b4105909d648c8caef85c7b78f57089606b671013335bf4ceeaeed616ad28f80,bloodmnist_demo,1729,test,5,4,1.1205703832090563,0.0,-10000000000.0,0.0,-10000000000.0,0.0,-10000000000.0,0.0,-10000000000.0,1.0,0.0,0.0,-10000000000.0
bloodmnist:test:1271,d2b58ad29ac67e029465707144f6215419d5d1eac4d9c6ea64bb9dc8aeca8428,bloodmnist_demo,1729,test,4,4,1.1205703832090563,0.0,-10000000000.0,0.0,-10000000000.0,0.0,-10000000000.0,0.0,-10000000000.0,1.0,0.0,0.0,-10000000000.0
bloodmnist:test:1272,93ddbf6a45c808c7be54fb2fbe5957e834bb367c711723155c542856de8265af,bloodmnist_demo,1729,test,3,4,1.1205703832090563,0.0,-10000000000.0,0.0,-10000000000.0,0.0,-10000000000.0,0.0,-10000000000.0,1.0,0.0,0.0,-10000000000.0
bloodmnist:test:1273,a6ce5693bf136e4ac2f0e0f388d94126b57e77975511f52f0279b47248bc46f2,bloodmnist_demo,1729,test,4,4,1.1205703832090563,0.0,-10000000000.0,0.0,-10000000000.0,0.0,-10000000000.0,0.0,-10000000000.0,1.0,0.0,0.0,-10000000000.0
bloodmnist:test:1274,34db7393513fff971207bd9ec5754e37b3411a43dffeaeab79de56d5d4a5fa49,bloodmnist_demo,1729,test,2,4,1.1205703832090563,0.0,-10000000000.0,0.0,-10000000000.0,0.0,-10000000000.0,0.0,-10000000000.0,1.0,0.0,0.0,-10000000000.0
bloodmnist:test:1276,9b63d0e7a3c8c254d6c531774a84c386624693e7bf07755ac9f800913d3d5e4b,bloodmnist_demo,1729,test,5,4,1.1205703832090563,0.0,-10000000000.0,0.0,-10000000000.0,0.0,-10000000000.0,0.0,-10000000000.0,1.0,0.0,0.0,-10000000000.0
bloodmnist:test:1277,6b8d46972f0c62e51281b84e6494ee1cc907cb9892ff4877d21804ba418a6610,bloodmnist_demo,1729,test,1,4,1.1205703832090563,0.0,-10000000000.0,0.0,-10000000000.0,0.0,-10000000000.0,0.0,-10000000000.0,1.0,0.0,0.0,-10000000000.0
bloodmnist:test:1278,c09fcba105ef5d23b97bbc45f406f243ed45077db1986a3c08255a0b72a7bbac,bloodmnist_demo,1729,test,4,4,1.1205703832090563,0.0,-10000000000.0,0.0,-10000000000.0,0.0,-10000000000.0,0.0,-10000000000.0,1.0,0.0,0.0,-10000000000.0
bloodmnist:test:1279,757a22d1e672bd51ac8178e1a406d8108b8ce9aec7ad096c0a8ecd4d67732718,bloodmnist_demo,1729,test,4,4,1.1205703832090563,0.0,-10000000000.0,0.0,-10000000000.0,0.0,-10000000000.0,0.0,-10000000000.0,1.0,0.0,0.0,-10000000000.0
bloodmnist:test:1280,70e68a2b4e10546cafc9938570961e34eb347efffc85d41745e55b280d17fb0a,bloodmnist_demo,1729,test,1,4,1.1205703832090563,0.0,-10000000000.0,0.0,-10000000000.0,0.0,-10000000000.0,0.0,-10000000000.0,1.0,0.0,0.0,-10000000000.0
bloodmnist:test:1282,e025a08c89e8137af023baee1fe74e2079aa0bb35be97574ca749cecffa1ba7b,bloodmnist_demo,1729,test,1,4,1.1205703832090563,0.0,-10000000000.0,0.0,-10000000000.0,0.0,-10000000000.0,0.0,-10000000000.0,1.0,0.0,0.0,-10000000000.0
bloodmnist:test:1284,77c9553612f4606e02207f4033b533fb597c962060f9a9072e80fd0616fb6a7e,bloodmnist_demo,1729,test,5,4,1.1205703832090563,0.0,-10000000000.0,0.0,-10000000000.0,0.0,-10000000000.0,0.0,-10000000000.0,1.0,0.0,0.0,-10000000000.0
bloodmnist:test:1286,115ef055a378c7da468d1f21b3bfe1e8583cc4a02b647d6abee7295174672381,bloodmnist_demo,1729,test,4,4,1.1205703832090563,0.0,-10000000000.0,0.0,-10000000000.0,0.0,-10000000000.0,0.0,-10000000000.0,1.0,0.0,0.0,-10000000000.0
bloodmnist:test:1287,6a7430f673fa9ad3ce8a0c42f26f55f855118330a7244f9a691032290a76e8fc,bloodmnist_demo,1729,test,4,4,1.1205703832090563,0.0,-10000000000.0,0.0,-10000000000.0,0.0,-10000000000.0,0.0,-10000000000.0,1.0,0.0,0.0,-10000000000.0
bloodmnist:test:1288,ec6f162deddb6b28968826186fdfa90e767ed9caab463b5b421494e1cc2b86c2,bloodmnist_demo,1729,test,4,4,1.1205703832090563,0.0,-10000000000.0,0.0,-10000000000.0,0.0,-10000000000.0,0.0,-10000000000.0,1.0,0.0,0.0,-10000000000.0
bloodmnist:test:1289,ac2612aa4cf4c020ed6a780acf98cc50a9a1c057d0b80d8a81f078dc35acdc03,bloodmnist_demo,1729,test,0,4,1.1205703832090563,0.0,-10000000000.0,0.0,-10000000000.0,0.0,-10000000000.0,0.0,-10000000000.0,1.0,0.0,0.0,-10000000000.0
bloodmnist:test:1290,f0c876b8321d04ec9da71c5260280ef289cb17b3269da589f9d70a19b743c11d,bloodmnist_demo,1729,test,1,4,1.1205703832090563,0.0,-10000000000.0,0.0,-10000000000.0,0.0,-10000000000.0,0.0,-10000000000.0,1.0,0.0,0.0,-10000000000.0
bloodmnist:test:1294,45c3472965b5b1df36312dd47912d1c551c6abc3269a21b1d9ab4a9ed4cf2ebb,bloodmnist_demo,1729,test,2,4,1.1205703832090563,0.0,-10000000000.0,0.0,-10000000000.0,0.0,-10000000000.0,0.0,-10000000000.0,1.0,0.0,0.0,-10000000000.0
bloodmnist:test:1295,b13b21d80f2376ef7edd418522663ee3f9e60f930e56c0e7e32b44a66dc04206,bloodmnist_demo,1729,test,4,4,1.1205703832090563,0.0,-10000000000.0,0.0,-10000000000.0,0.0,-10000000000.0,0.0,-10000000000.0,1.0,0.0,0.0,-10000000000.0
bloodmnist:test:1296,988fc2ba0ca59766a1c817a5064254fae8fad60a96f3902862a7981c4edc26c1,bloodmnist_demo,1729,test,5,4,1.1205703832090563,0.0,-10000000000.0,0.0,-10000000000.0,0.0,-10000000000.0,0.0,-10000000000.0,1.0,0.0,0.0,-10000000000.0
bloodmnist:test:1297,9beddf8c7dde823b9e4018db6cc46427a7f1ed45ac855304d3b79dee610111ed,bloodmnist_demo,1729,test,4,4,1.1205703832090563,0.0,-10000000000.0,0.0,-10000000000.0,0.0,-10000000000.0,0.0,-10000000000.0,1.0,0.0,0.0,-10000000000.0
bloodmnist:test:1298,c913f5348cefc5bece1946160dc8915d95af1e90b7ec2259e224cff0105bf7c1,bloodmnist_demo,1729,test,2,4,1.1205703832090563,0.0,-10000000000.0,0.0,-10000000000.0,0.0,-10000000000.0,0.0,-10000000000.0,1.0,0.0,0.0,-10000000000.0
bloodmnist:test:1300,162771c2fc00b814c3a7454e2093b2285d60416e4081a6ec37ed86390989fe37,bloodmnist_demo,1729,test,5,4,1.1205703832090563,0.0,-10000000000.0,0.0,-10000000000.0,0.0,-10000000000.0,0.0,-10000000000.0,1.0,0.0,0.0,-10000000000.0
bloodmnist:test:1303,80278bcaea3b8b6644e954a9be56c6a073bf75034ba5639aee42ad0930653aed,bloodmnist_demo,1729,test,4,4,1.1205703832090563,0.0,-10000000000.0,0.0,-10000000000.0,0.0,-10000000000.0,0.0,-10000000000.0,1.0,0.0,0.0,-10000000000.0
bloodmnist:test:1304,34bc8e2b1734fd516864e005842bd90824dbe9d152b2fc388108f4fbbc7eadf2,bloodmnist_demo,1729,test,4,4,1.1205703832090563,0.0,-10000000000.0,0.0,-10000000000.0,0.0,-10000000000.0,0.0,-10000000000.0,1.0,0.0,0.0,-10000000000.0
bloodmnist:test:1305,802eafdbbd74d13ceb5241969f24a5c29eb2bfea9b2c2557ef2bec2f9d83756e,bloodmnist_demo,1729,test,1,4,1.1205703832090563,0.0,-10000000000.0,0.0,-10000000000.0,0.0,-10000000000.0,0.0,-10000000000.0,1.0,0.0,0.0,-10000000000.0
bloodmnist:test:1306,095bdc0237f0dd1271d10b20692a211f6b0542b140e153124dbaf7b4d653bfce,bloodmnist_demo,1729,test,4,4,1.1205703832090563,0.0,-10000000000.0,0.0,-10000000000.0,0.0,-10000000000.0,0.0,-10000000000.0,1.0,0.0,0.0,-10000000000.0
bloodmnist:test:1308,64b5499356a02d9ba4a9cb2a9378a1c867b113e45f82ff4e8db6a1fbd2df7d75,bloodmnist_demo,1729,test,4,4,1.1205703832090563,0.0,-10000000000.0,0.0,-10000000000.0,0.0,-10000000000.0,0.0,-10000000000.0,1.0,0.0,0.0,-10000000000.0
bloodmnist:test:1309,847a4c68e970a68779efbaab506dc078a697b5fbc52ad3e1b5a6af0adf71ae4f,bloodmnist_demo,1729,test,1,4,1.1205703832090563,0.0,-10000000000.0,0.0,-10000000000.0,0.0,-10000000000.0,0.0,-10000000000.0,1.0,0.0,0.0,-10000000000.0
bloodmnist:test:1310,f6a51a7310211f513da84ca8519318a92a0f735d9ee6e783ae29a9450047c1a5,bloodmnist_demo,1729,test,1,4,1.1205703832090563,0.0,-10000000000.0,0.0,-10000000000.0,0.0,-10000000000.0,0.0,-10000000000.0,1.0,0.0,0.0,-10000000000.0
bloodmnist:test:1311,8be76729fea59aeb22cfe2708ba9538da8ebdb35b316d92530b1dc4b7f645c88,bloodmnist_demo,1729,test,5,4,1.1205703832090563,0.0,-10000000000.0,0.0,-10000000000.0,0.0,-10000000000.0,0.0,-10000000000.0,1.0,0.0,0.0,-10000000000.0
bloodmnist:test:1313,39ffcd71142778268fb9b4e157fd490aefd9f964468b6c863cd3a303bc1d298f,bloodmnist_demo,1729,test,1,4,1.1205703832090563,0.0,-10000000000.0,0.0,-10000000000.0,0.0,-10000000000.0,0.0,-10000000000.0,1.0,0.0,0.0,-10000000000.0
bloodmnist:test:1314,fd4c6a891006d5ae1c0891791cb21e3dfb7c0b1f37c6ee3d070cc91158012181,bloodmnist_demo,1729,test,1,4,1.1205703832090563,0.0,-10000000000.0,0.0,-10000000000.0,0.0,-10000000000.0,0.0,-10000000000.0,1.0,0.0,0.0,-10000000000.0
bloodmnist:test:1315,8c6f994ecbd1e9d24136dd6571a24c17362ec188300e024028f30d83b372cddd,bloodmnist_demo,1729,test,3,4,1.1205703832090563,0.0,-10000000000.0,0.0,-10000000000.0,0.0,-10000000000.0,0.0,-10000000000.0,1.0,0.0,0.0,-10000000000.0
bloodmnist:test:1316,0d78715c294df2cbce47d30885e7fb2be0b1b6ce69d06155014667e1d550108c,bloodmnist_demo,1729,test,3,4,1.1205703832090563,0.0,-10000000000.0,0.0,-10000000000.0,0.0,-10000000000.0,0.0,-10000000000.0,1.0,0.0,0.0,-10000000000.0
bloodmnist:test:1317,0a0ac2f284c8dcf6f512a6c0aae5870d7a8d345ad6f3a04b4ac032e944dbd444,bloodmnist_demo,1729,test,0,4,1.1205703832090563,0.0,-10000000000.0,0.0,-10000000000.0,0.0,-10000000000.0,0.0,-10000000000.0,1.0,0.0,0.0,-10000000000.0
bloodmnist:test:1319,e8909760ef97ca1da90d0717609735183426014bf7c7f560b2f622d6b4f3e24e,bloodmnist_demo,1729,test,4,4,1.1205703832090563,0.0,-10000000000.0,0.0,-10000000000.0,0.0,-10000000000.0,0.0,-10000000000.0,1.0,0.0,0.0,-10000000000.0
bloodmnist:test:1320,233b3e8a3d9bb0bfb1187913214e722c882e5c66f0969446b532c9779d51a479,bloodmnist_demo,1729,test,4,4,1.1205703832090563,0.0,-10000000000.0,0.0,-10000000000.0,0.0,-10000000000.0,0.0,-10000000000.0,1.0,0.0,0.0,-10000000000.0
bloodmnist:test:1321,0a4c4b827bc1278f9ceee4b753cf333d0f3126468d3c48c8f19b6972710f7fe7,bloodmnist_demo,1729,test,0,4,1.1205703832090563,0.0,-10000000000.0,0.0,-10000000000.0,0.0,-10000000000.0,0.0,-10000000000.0,1.0,0.0,0.0,-10000000000.0
bloodmnist:test:1322,7b68e97e50d9b6156435fbdfcb23b75ecc1c919d531b853e23d201ac9d835663,bloodmnist_demo,1729,test,5,4,1.1205703832090563,0.0,-10000000000.0,0.0,-10000000000.0,0.0,-10000000000.0,0.0,-10000000000.0,1.0,0.0,0.0,-10000000000.0
bloodmnist:test:1323,f5b232c4338ae625c895e107c9abfd6ffd12b32e33d9197541a8985a56e06a2f,bloodmnist_demo,1729,test,1,4,1.1205703832090563,0.0,-10000000000.0,0.0,-10000000000.0,0.0,-10000000000.0,0.0,-10000000000.0,1.0,0.0,0.0,-10000000000.0
bloodmnist:test:1325,d21e0f6abb70cdb7b7cb8863226edd7df52ec16592aa2147998ceda1ead92e05,bloodmnist_demo,1729,test,5,4,1.1205703832090563,0.0,-10000000000.0,0.0,-10000000000.0,0.0,-10000000000.0,0.0,-10000000000.0,1.0,0.0,0.0,-10000000000.0
bloodmnist:test:1326,d95960197b455573dbd6b3a9836d7c64a84329702fec5435d280f05fd71a00eb,bloodmnist_demo,1729,test,4,4,1.1205703832090563,0.0,-10000000000.0,0.0,-10000000000.0,0.0,-10000000000.0,0.0,-10000000000.0,1.0,0.0,0.0,-10000000000.0
bloodmnist:test:1327,4e3b0523aa38859aba9a6bece3dc5d37d2329676772d4b023e31de5441231595,bloodmnist_demo,1729,test,5,4,1.1205703832090563,0.0,-10000000000.0,0.0,-10000000000.0,0.0,-10000000000.0,0.0,-10000000000.0,1.0,0.0,0.0,-10000000000.0
bloodmnist:test:1328,11b54b42ece7d86027a08d85bfb07d5f2ba5c02992d61654e8f22eeac7ad8d5c,bloodmnist_demo,1729,test,1,4,1.1205703832090563,0.0,-10000000000.0,0.0,-10000000000.0,0.0,-10000000000.0,0.0,-10000000000.0,1.0,0.0,0.0,-10000000000.0
bloodmnist:test:1329,0eb4145b6b4708e1a43af6599d5ef4296fc6c1ce3be1aab612c9da9f4ad541a2,bloodmnist_demo,1729,test,2,4,1.1205703832090563,0.0,-10000000000.0,0.0,-10000000000.0,0.0,-10000000000.0,0.0,-10000000000.0,1.0,0.0,0.0,-10000000000.0
bloodmnist:test:1330,66c1d27e5f7d63e1bdd6cb5bb1254ed64a5dc64a8036ab87c8b14086b16f3225,bloodmnist_demo,1729,test,5,4,1.1205703832090563,0.0,-10000000000.0,0.0,-10000000000.0,0.0,-10000000000.0,0.0,-10000000000.0,1.0,0.0,0.0,-10000000000.0
bloodmnist:test:1331,4d175b493bf74f7cdb81e9195c485b600958e43b43550915165973d3b9f64628,bloodmnist_demo,1729,test,1,4,1.1205703832090563,0.0,-10000000000.0,0.0,-10000000000.0,0.0,-10000000000.0,0.0,-10000000000.0,1.0,0.0,0.0,-10000000000.0
bloodmnist:test:1332,f46fa11a7e82d157231097024586f03152e35de0b9cab4e5f1be30b7750d1da8,bloodmnist_demo,1729,test,3,4,1.1205703832090563,0.0,-10000000000.0,0.0,-10000000000.0,0.0,-10000000000.0,0.0,-10000000000.0,1.0,0.0,0.0,-10000000000.0
bloodmnist:test:1333,6cdf9e331cd586aa9606ff815e3231711d6b98c06847e6c46bdc7f345d01412a,bloodmnist_demo,1729,test,3,4,1.1205703832090563,0.0,-10000000000.0,0.0,-10000000000.0,0.0,-10000000000.0,0.0,-10000000000.0,1.0,0.0,0.0,-10000000000.0
bloodmnist:test:1334,07845d3e98c9c79b97cd672709b8f5ea104205b86a2c101ecfe3cabbe717d2c9,bloodmnist_demo,1729,test,5,4,1.1205703832090563,0.0,-10000000000.0,0.0,-10000000000.0,0.0,-10000000000.0,0.0,-10000000000.0,1.0,0.0,0.0,-10000000000.0
bloodmnist:test:1335,4249ad20383813ac4624fea64ee176b13498bb40a9794447b96437105f518f0d,bloodmnist_demo,1729,test,2,4,1.1205703832090563,0.0,-10000000000.0,0.0,-10000000000.0,0.0,-10000000000.0,0.0,-10000000000.0,1.0,0.0,0.0,-10000000000.0
bloodmnist:test:1336,9633368a5b3f631f7caa1e8fe25fad35974145a9b70afd293f41b191576e0749,bloodmnist_demo,1729,test,5,4,1.1205703832090563,0.0,-10000000000.0,0.0,-10000000000.0,0.0,-10000000000.0,0.0,-10000000000.0,1.0,0.0,0.0,-10000000000.0
bloodmnist:test:1337,79617d19046c06f388aaca30f5fcab9082e987da322a593d999668e4d79e5ef0,bloodmnist_demo,1729,test,2,4,1.1205703832090563,0.0,-10000000000.0,0.0,-10000000000.0,0.0,-10000000000.0,0.0,-10000000000.0,1.0,0.0,0.0,-10000000000.0
bloodmnist:test:1338,e8a2a4abb55aa53394037ceba972ea7463e80bd865d06063aca0666f18606310,bloodmnist_demo,1729,test,3,4,1.1205703832090563,0.0,-10000000000.0,0.0,-10000000000.0,0.0,-10000000000.0,0.0,-10000000000.0,1.0,0.0,0.0,-10000000000.0
bloodmnist:test:1339,81c9db776a4d4c90e1e248b965acb48a3e4201c5698a34ba24e1bc65ddab9bb3,bloodmnist_demo,1729,test,3,4,1.1205703832090563,0.0,-10000000000.0,0.0,-10000000000.0,0.0,-10000000000.0,0.0,-10000000000.0,1.0,0.0,0.0,-10000000000.0
bloodmnist:test:1340,2bfa62875c70771ddfdffda7430340859f5b9c6a8d1a1768e275dbcff535860c,bloodmnist_demo,1729,test,3,4,1.1205703832090563,0.0,-10000000000.0,0.0,-10000000000.0,0.0,-10000000000.0,0.0,-10000000000.0,1.0,0.0,0.0,-10000000000.0
bloodmnist:test:1341,6b87e40b86869036e2e8c8c6f0d96691d1205060c3b746be2f464ab86b039c2b,bloodmnist_demo,1729,test,3,4,1.1205703832090563,0.0,-10000000000.0,0.0,-10000000000.0,0.0,-10000000000.0,0.0,-10000000000.0,1.0,0.0,0.0,-10000000000.0
bloodmnist:test:1342,9e90386a6557771ed17286e989f67f53110d2d926303430b4d1550d0025aee02,bloodmnist_demo,1729,test,4,4,1.1205703832090563,0.0,-10000000000.0,0.0,-10000000000.0,0.0,-10000000000.0,0.0,-10000000000.0,1.0,0.0,0.0,-10000000000.0
bloodmnist:test:1343,90731b524e1438203dac85aeed12d1072a33a668ceeec1a0bf2081b6093ad01b,bloodmnist_demo,1729,test,4,4,1.1205703832090563,0.0,-10000000000.0,0.0,-10000000000.0,0.0,-10000000000.0,0.0,-10000000000.0,1.0,0.0,0.0,-10000000000.0
bloodmnist:test:1344,862bdd7a2d3f71537c64c0c8b8e40f811ed68c104afcf883f932b3158de3507f,bloodmnist_demo,1729,test,1,4,1.1205703832090563,0.0,-10000000000.0,0.0,-10000000000.0,0.0,-10000000000.0,0.0,-10000000000.0,1.0,0.0,0.0,-10000000000.0
bloodmnist:test:1345,3839e102737681b301e94014623716e53482c8cc203269c8de274a43f5f7f435,bloodmnist_demo,1729,test,5,4,1.1205703832090563,0.0,-10000000000.0,0.0,-10000000000.0,0.0,-10000000000.0,0.0,-10000000000.0,1.0,0.0,0.0,-10000000000.0
bloodmnist:test:1347,4cccd15cfa428fd132cf8ceccfdc7a51c0c3ddb6beb13e0eb78436962ed596c3,bloodmnist_demo,1729,test,1,4,1.1205703832090563,0.0,-10000000000.0,0.0,-10000000000.0,0.0,-10000000000.0,0.0,-10000000000.0,1.0,0.0,0.0,-10000000000.0
bloodmnist:test:1348,2aa79472badde4d612a6e7cfeb3efe1e90a27d33b8dd0e86e254997c63c9bb9d,bloodmnist_demo,1729,test,1,4,1.1205703832090563,0.0,-10000000000.0,0.0,-10000000000.0,0.0,-10000000000.0,0.0,-10000000000.0,1.0,0.0,0.0,-10000000000.0
bloodmnist:test:1349,9ea35e6675bb299d2f647de11332f347e45585f45840f1985d4b496656a128d3,bloodmnist_demo,1729,test,3,4,1.1205703832090563,0.0,-10000000000.0,0.0,-10000000000.0,0.0,-10000000000.0,0.0,-10000000000.0,1.0,0.0,0.0,-10000000000.0
bloodmnist:test:1350,ce43f780498b53bb4bb1d03f3704ad70bc408a7bda5d43ce836e18e33de99555,bloodmnist_demo,1729,test,1,4,1.1205703832090563,0.0,-10000000000.0,0.0,-10000000000.0,0.0,-10000000000.0,0.0,-10000000000.0,1.0,0.0,0.0,-10000000000.0
bloodmnist:test:1351,59eadc36920e847fd18119e7a67d85b154e1ea3279253e05d249719ca39ec2de,bloodmnist_demo,1729,test,1,4,1.1205703832090563,0.0,-10000000000.0,0.0,-10000000000.0,0.0,-10000000000.0,0.0,-10000000000.0,1.0,0.0,0.0,-10000000000.0
bloodmnist:test:1354,f0b91ef80c3a05f687d135660b05b5edddaf112b6cc561a74099e872b60e509f,bloodmnist_demo,1729,test,5,4,1.1205703832090563,0.0,-10000000000.0,0.0,-10000000000.0,0.0,-10000000000.0,0.0,-10000000000.0,1.0,0.0,0.0,-10000000000.0
bloodmnist:test:1355,7ed96444424cb2b016ec2b734cb70da507c2b868a622cbd8b5f50d350a342715,bloodmnist_demo,1729,test,4,4,1.1205703832090563,0.0,-10000000000.0,0.0,-10000000000.0,0.0,-10000000000.0,0.0,-10000000000.0,1.0,0.0,0.0,-10000000000.0
bloodmnist:test:1357,24a13abbd3ae8d685afd05dcf0ca367812144b8cebc34e7a60ed1f2a10f73215,bloodmnist_demo,1729,test,4,4,1.1205703832090563,0.0,-10000000000.0,0.0,-10000000000.0,0.0,-10000000000.0,0.0,-10000000000.0,1.0,0.0,0.0,-10000000000.0
bloodmnist:test:1358,ef59d46bdf6546f6ed8b5f999b910a0abc6d27758d438e576df2ab61837774ce,bloodmnist_demo,1729,test,1,4,1.1205703832090563,0.0,-10000000000.0,0.0,-10000000000.0,0.0,-10000000000.0,0.0,-10000000000.0,1.0,0.0,0.0,-10000000000.0
bloodmnist:test:1359,3773c86f64b420ad178201e820064468dbe0c8688c9d238aea1d4411ba21ce77,bloodmnist_demo,1729,test,3,4,1.1205703832090563,0.0,-10000000000.0,0.0,-10000000000.0,0.0,-10000000000.0,0.0,-10000000000.0,1.0,0.0,0.0,-10000000000.0
bloodmnist:test:1360,bde550cb3008c939174d29f876f97b1469f28631eef9ddea06964a14258b1e06,bloodmnist_demo,1729,test,3,4,1.1205703832090563,0.0,-10000000000.0,0.0,-10000000000.0,0.0,-10000000000.0,0.0,-10000000000.0,1.0,0.0,0.0,-10000000000.0
bloodmnist:test:1361,7fd576fb0c4c9c24777d4ddb8d8c904c5e49ee51848775072d707051c8df0e06,bloodmnist_demo,1729,test,0,4,1.1205703832090563,0.0,-10000000000.0,0.0,-10000000000.0,0.0,-10000000000.0,0.0,-10000000000.0,1.0,0.0,0.0,-10000000000.0
bloodmnist:test:1362,63ad07a64a8c33c6c9cb99620856ee5308b54f3a9b11055dd93d4fa4540bd914,bloodmnist_demo,1729,test,1,4,1.1205703832090563,0.0,-10000000000.0,0.0,-10000000000.0,0.0,-10000000000.0,0.0,-10000000000.0,1.0,0.0,0.0,-10000000000.0
bloodmnist:test:1363,1d9481a6a2f8080106c64aadc0fcb4e4c831a13227992fb0b81543ad1de911de,bloodmnist_demo,1729,test,4,4,1.1205703832090563,0.0,-10000000000.0,0.0,-10000000000.0,0.0,-10000000000.0,0.0,-10000000000.0,1.0,0.0,0.0,-10000000000.0
bloodmnist:test:1364,d18ee64fea96cfe1d474622ff8f2ee48072f05b807b2610227ce67195a842120,bloodmnist_demo,1729,test,4,4,1.1205703832090563,0.0,-10000000000.0,0.0,-10000000000.0,0.0,-10000000000.0,0.0,-10000000000.0,1.0,0.0,0.0,-10000000000.0
bloodmnist:test:1365,d3bb338685bc152c8515954877a14f99dd318763aec867ec006158e8c83d95ff,bloodmnist_demo,1729,test,4,4,1.1205703832090563,0.0,-10000000000.0,0.0,-10000000000.0,0.0,-10000000000.0,0.0,-10000000000.0,1.0,0.0,0.0,-10000000000.0
bloodmnist:test:1366,c3bfcacabbf7d19d0a9bbc423bfef5f574e5530ed210a9ea73c3e8eb3bf9c118,bloodmnist_demo,1729,test,4,4,1.1205703832090563,0.0,-10000000000.0,0.0,-10000000000.0,0.0,-10000000000.0,0.0,-10000000000.0,1.0,0.0,0.0,-10000000000.0
bloodmnist:test:1367,288c09f9a416d72bb8ee18f93cd61a2a9e869588621d3ee4e25fe91086c74435,bloodmnist_demo,1729,test,3,4,1.1205703832090563,0.0,-10000000000.0,0.0,-10000000000.0,0.0,-10000000000.0,0.0,-10000000000.0,1.0,0.0,0.0,-10000000000.0
bloodmnist:test:1368,9c575c1fd9a247984bfc1e3d39813e1a1ffa89dba05b99956b56ea734eea678e,bloodmnist_demo,1729,test,2,4,1.1205703832090563,0.0,-10000000000.0,0.0,-10000000000.0,0.0,-10000000000.0,0.0,-10000000000.0,1.0,0.0,0.0,-10000000000.0
bloodmnist:test:1369,ceb3cba696327429ca2e4561a5c5c7da701f0624e90a8febde3e8975b7494088,bloodmnist_demo,1729,test,5,4,1.1205703832090563,0.0,-10000000000.0,0.0,-10000000000.0,0.0,-10000000000.0,0.0,-10000000000.0,1.0,0.0,0.0,-10000000000.0
bloodmnist:test:1370,dc8cd39d280e9abb1eab9a687046f9c96030e6e18d8398380027192847cb3a23,bloodmnist_demo,1729,test,3,4,1.1205703832090563,0.0,-10000000000.0,0.0,-10000000000.0,0.0,-10000000000.0,0.0,-10000000000.0,1.0,0.0,0.0,-10000000000.0
bloodmnist:test:1372,f13eddb7141e5ff51f98833b2fb25559f2802f072a3da2e42300569fbd4d38a7,bloodmnist_demo,1729,test,3,4,1.1205703832090563,0.0,-10000000000.0,0.0,-10000000000.0,0.0,-10000000000.0,0.0,-10000000000.0,1.0,0.0,0.0,-10000000000.0
bloodmnist:test:1373,9e1607c648241950b5d143190a5758441e2f429e487b13a1a13b915d3dfa53ba,bloodmnist_demo,1729,test,5,4,1.1205703832090563,0.0,-10000000000.0,0.0,-10000000000.0,0.0,-10000000000.0,0.0,-10000000000.0,1.0,0.0,0.0,-10000000000.0
bloodmnist:test:1375,cdd716f8c215039d59a9725f180f0a18375820243041feeb95bd84c8395bd85e,bloodmnist_demo,1729,test,2,4,1.1205703832090563,0.0,-10000000000.0,0.0,-10000000000.0,0.0,-10000000000.0,0.0,-10000000000.0,1.0,0.0,0.0,-10000000000.0
bloodmnist:test:1377,4eefc1ffab217c8c1f55b98dd7e54698225325545e2b582da16861ec577d98e9,bloodmnist_demo,1729,test,3,4,1.1205703832090563,0.0,-10000000000.0,0.0,-10000000000.0,0.0,-10000000000.0,0.0,-10000000000.0,1.0,0.0,0.0,-10000000000.0
bloodmnist:test:1378,23c438d368299292e92fa69dc63ceb92b74ddf190f9f356b5b01793b5795a71a,bloodmnist_demo,1729,test,2,4,1.1205703832090563,0.0,-10000000000.0,0.0,-10000000000.0,0.0,-10000000000.0,0.0,-10000000000.0,1.0,0.0,0.0,-10000000000.0
bloodmnist:test:1379,bffaa52c2de01c1e2083492196453c3161839dceee14ff48e15e577b5898bc52,bloodmnist_demo,1729,test,5,4,1.1205703832090563,0.0,-10000000000.0,0.0,-10000000000.0,0.0,-10000000000.0,0.0,-10000000000.0,1.0,0.0,0.0,-10000000000.0
bloodmnist:test:1380,988fffdc096f954eea1a5c3ce53a09d768e6d33c0f143930bf79d566fffb1e45,bloodmnist_demo,1729,test,2,4,1.1205703832090563,0.0,-10000000000.0,0.0,-10000000000.0,0.0,-10000000000.0,0.0,-10000000000.0,1.0,0.0,0.0,-10000000000.0
bloodmnist:test:1382,cfc112a1267bbacc400bbb998ff762342be38ec5b09bac110d862f7acf7c7ae9,bloodmnist_demo,1729,test,0,4,1.1205703832090563,0.0,-10000000000.0,0.0,-10000000000.0,0.0,-10000000000.0,0.0,-10000000000.0,1.0,0.0,0.0,-10000000000.0
bloodmnist:test:1383,25f101318247230e9edc47ed6a1ce529238ebde754569a865ccadf03c5a2eec5,bloodmnist_demo,1729,test,0,4,1.1205703832090563,0.0,-10000000000.0,0.0,-10000000000.0,0.0,-10000000000.0,0.0,-10000000000.0,1.0,0.0,0.0,-10000000000.0
bloodmnist:test:1385,4e2ed8ccee45f0c59d2ea59a0d1e29550aef23a03c5f1473fe9b2bccd3aea16c,bloodmnist_demo,1729,test,4,4,1.1205703832090563,0.0,-10000000000.0,0.0,-10000000000.0,0.0,-10000000000.0,0.0,-10000000000.0,1.0,0.0,0.0,-10000000000.0
bloodmnist:test:1388,1aa30f7731420bd910a8bd5873e6404a69b89a8910dad3fbff872e638c258d74,bloodmnist_demo,1729,test,3,4,1.1205703832090563,0.0,-10000000000.0,0.0,-10000000000.0,0.0,-10000000000.0,0.0,-10000000000.0,1.0,0.0,0.0,-10000000000.0
bloodmnist:test:1389,14e1a815f9af3eaf5056206630b4b2c6a4f7c7a72939bc0f525464a38483a594,bloodmnist_demo,1729,test,4,4,1.1205703832090563,0.0,-10000000000.0,0.0,-10000000000.0,0.0,-10000000000.0,0.0,-10000000000.0,1.0,0.0,0.0,-10000000000.0
bloodmnist:test:1390,e436185a8187d5b98c32f0d2f0b4aaf06c24eb2c53f78bc185cbd2d83b722ed5,bloodmnist_demo,1729,test,5,4,1.1205703832090563,0.0,-10000000000.0,0.0,-10000000000.0,0.0,-10000000000.0,0.0,-10000000000.0,1.0,0.0,0.0,-10000000000.0
bloodmnist:test:1391,7ef8f0a8e5017757a87a2045ad460106422ca11fdea3abd7efce8da762577b92,bloodmnist_demo,1729,test,4,4,1.1205703832090563,0.0,-10000000000.0,0.0,-10000000000.0,0.0,-10000000000.0,0.0,-10000000000.0,1.0,0.0,0.0,-10000000000.0
bloodmnist:test:1392,e5c262e16f288b4e394a41f8cf405accdf1cd9483d598c982da7c359d9fd4918,bloodmnist_demo,1729,test,4,4,1.1205703832090563,0.0,-10000000000.0,0.0,-10000000000.0,0.0,-10000000000.0,0.0,-10000000000.0,1.0,0.0,0.0,-10000000000.0
bloodmnist:test:1393,f06b9747c0a6ed07da0d5cca4fa18673ec3e1eadfd2061435544a54854d0a7ad,bloodmnist_demo,1729,test,3,4,1.1205703832090563,0.0,-10000000000.0,0.0,-10000000000.0,0.0,-10000000000.0,0.0,-10000000000.0,1.0,0.0,0.0,-10000000000.0
bloodmnist:test:1394,5aa70d7c51311827412534544ba7a5809f1edbaacd24ccd0060e0ce43ceab699,bloodmnist_demo,1729,test,4,4,1.1205703832090563,0.0,-10000000000.0,0.0,-10000000000.0,0.0,-10000000000.0,0.0,-10000000000.0,1.0,0.0,0.0,-10000000000.0
bloodmnist:test:1395,f0323dae7e6b24f3eec34ef4dc88f8fd2825f6a2808d68cf3e8f989cbcecfb96,bloodmnist_demo,1729,test,1,4,1.1205703832090563,0.0,-10000000000.0,0.0,-10000000000.0,0.0,-10000000000.0,0.0,-10000000000.0,1.0,0.0,0.0,-10000000000.0
bloodmnist:test:1398,34b0673218e25e4db246c55607324c427eeb655f45198c5bac05e43c5bbc6ed3,bloodmnist_demo,1729,test,4,4,1.1205703832090563,0.0,-10000000000.0,0.0,-10000000000.0,0.0,-10000000000.0,0.0,-10000000000.0,1.0,0.0,0.0,-10000000000.0
bloodmnist:test:1399,7e7bad385919458c4dc277d76f82e786ae7b9e5d98ec646a2c43e0146aeb6f26,bloodmnist_demo,1729,test,1,4,1.1205703832090563,0.0,-10000000000.0,0.0,-10000000000.0,0.0,-10000000000.0,0.0,-10000000000.0,1.0,0.0,0.0,-10000000000.0
bloodmnist:test:1400,954686bc20b83b3c18cb30808606956d5d5646f6ffccba12c1d6dc633d817291,bloodmnist_demo,1729,test,1,4,1.1205703832090563,0.0,-10000000000.0,0.0,-10000000000.0,0.0,-10000000000.0,0.0,-10000000000.0,1.0,0.0,0.0,-10000000000.0
bloodmnist:test:1401,c028f16fdb260449d5eb15970df03a2b304a12ba15dcd7f064f24feb14dc0768,bloodmnist_demo,1729,test,4,4,1.1205703832090563,0.0,-10000000000.0,0.0,-10000000000.0,0.0,-10000000000.0,0.0,-10000000000.0,1.0,0.0,0.0,-10000000000.0
bloodmnist:test:1402,718be2ce04b5eeb35ef8f31fe813e69f393284cdc9cdfca79a7159dfd6ba5b8f,bloodmnist_demo,1729,test,3,4,1.1205703832090563,0.0,-10000000000.0,0.0,-10000000000.0,0.0,-10000000000.0,0.0,-10000000000.0,1.0,0.0,0.0,-10000000000.0
bloodmnist:test:1403,b82b843fbe6276fde9f15e6ffc7ead7ae7b502cbe6093347bf2093f297533bb0,bloodmnist_demo,1729,test,0,4,1.1205703832090563,0.0,-10000000000.0,0.0,-10000000000.0,0.0,-10000000000.0,0.0,-10000000000.0,1.0,0.0,0.0,-10000000000.0
bloodmnist:test:1404,e32b9c9ffce84f4ddc50305a715ab4f3ce1f56b5ee3f05b95e239139daef6906,bloodmnist_demo,1729,test,4,4,1.1205703832090563,0.0,-10000000000.0,0.0,-10000000000.0,0.0,-10000000000.0,0.0,-10000000000.0,1.0,0.0,0.0,-10000000000.0
bloodmnist:test:1405,3bd4da9b13bd73d93e49cedf9f684d669e093a285ec31758530c793e84428e31,bloodmnist_demo,1729,test,3,4,1.1205703832090563,0.0,-10000000000.0,0.0,-10000000000.0,0.0,-10000000000.0,0.0,-10000000000.0,1.0,0.0,0.0,-10000000000.0
bloodmnist:test:1406,03357d8114c786dd10be033b51f650721fb782904bf07b71ffa8878e07a9475e,bloodmnist_demo,1729,test,3,4,1.1205703832090563,0.0,-10000000000.0,0.0,-10000000000.0,0.0,-10000000000.0,0.0,-10000000000.0,1.0,0.0,0.0,-10000000000.0
bloodmnist:test:1407,8da6de6ae70f9507dd156ed2ea91d8355d3d66c80bacd66e96873c6696442507,bloodmnist_demo,1729,test,1,4,1.1205703832090563,0.0,-10000000000.0,0.0,-10000000000.0,0.0,-10000000000.0,0.0,-10000000000.0,1.0,0.0,0.0,-10000000000.0
bloodmnist:test:1408,09718e2bb98ac610e38c6e26498e8795a39f3be319bdb8b4cea47693155d8197,bloodmnist_demo,1729,test,4,4,1.1205703832090563,0.0,-10000000000.0,0.0,-10000000000.0,0.0,-10000000000.0,0.0,-10000000000.0,1.0,0.0,0.0,-10000000000.0
bloodmnist:test:1410,1ff55bc49acba2e790fe3f150c7e64c3e82c6d2e080d3a18c7b92323d5ac1687,bloodmnist_demo,1729,test,1,4,1.1205703832090563,0.0,-10000000000.0,0.0,-10000000000.0,0.0,-10000000000.0,0.0,-10000000000.0,1.0,0.0,0.0,-10000000000.0
bloodmnist:test:1411,2dfe18ef09e5ee3586e67d39782a2fe05e7c95e1aa0d1f0471c1f1f99cb0a405,bloodmnist_demo,1729,test,4,4,1.1205703832090563,0.0,-10000000000.0,0.0,-10000000000.0,0.0,-10000000000.0,0.0,-10000000000.0,1.0,0.0,0.0,-10000000000.0
bloodmnist:test:1412,aeadecd2dc96a71d5760da656672f10d0ecdfccfb05da12bb25a5f2d06725a81,bloodmnist_demo,1729,test,3,4,1.1205703832090563,0.0,-10000000000.0,0.0,-10000000000.0,0.0,-10000000000.0,0.0,-10000000000.0,1.0,0.0,0.0,-10000000000.0
bloodmnist:test:1413,e216d9a744a7d20e030dbd65dcf84f13edbc518ed36ab7f5d819bc01a73b710d,bloodmnist_demo,1729,test,0,4,1.1205703832090563,0.0,-10000000000.0,0.0,-10000000000.0,0.0,-10000000000.0,0.0,-10000000000.0,1.0,0.0,0.0,-10000000000.0
bloodmnist:test:1414,32c12906a9d9d305111990c770aaf844d55d9da9dcad935a928d22d41f7adf9c,bloodmnist_demo,1729,test,2,4,1.1205703832090563,0.0,-10000000000.0,0.0,-10000000000.0,0.0,-10000000000.0,0.0,-10000000000.0,1.0,0.0,0.0,-10000000000.0
bloodmnist:test:1415,ccfc49de45c5c612b6250cf6707ae2ee9faa9ffdbda6f7c95b0b92efb635edd2,bloodmnist_demo,1729,test,4,4,1.1205703832090563,0.0,-10000000000.0,0.0,-10000000000.0,0.0,-10000000000.0,0.0,-10000000000.0,1.0,0.0,0.0,-10000000000.0
bloodmnist:test:1416,f5f3a8528b6ee84597a525b3ac661304f4096230cc20ce64e441347310dd34ad,bloodmnist_demo,1729,test,0,4,1.1205703832090563,0.0,-10000000000.0,0.0,-10000000000.0,0.0,-10000000000.0,0.0,-10000000000.0,1.0,0.0,0.0,-10000000000.0
bloodmnist:test:1417,bf41bc826da7d3f5d8217acbfd408fe631bbc71df2e1c5b6c82999811a3920ab,bloodmnist_demo,1729,test,3,4,1.1205703832090563,0.0,-10000000000.0,0.0,-10000000000.0,0.0,-10000000000.0,0.0,-10000000000.0,1.0,0.0,0.0,-10000000000.0
bloodmnist:test:1418,34bb948fd1cc998b077f933619e04bb7a21ba5f8e645f075790a80f70a0c28b5,bloodmnist_demo,1729,test,5,4,1.1205703832090563,0.0,-10000000000.0,0.0,-10000000000.0,0.0,-10000000000.0,0.0,-10000000000.0,1.0,0.0,0.0,-10000000000.0
bloodmnist:test:1421,c02c9b198aa9fbbf37e97a33ad9114beb4466202c0aec6bac695e92343f2e11f,bloodmnist_demo,1729,test,5,4,1.1205703832090563,0.0,-10000000000.0,0.0,-10000000000.0,0.0,-10000000000.0,0.0,-10000000000.0,1.0,0.0,0.0,-10000000000.0
bloodmnist:test:1422,a7fad46b25582be7da6fb42f02272e9fe547aad3ecffab0ad96ff42f9f4003a3,bloodmnist_demo,1729,test,2,4,1.1205703832090563,0.0,-10000000000.0,0.0,-10000000000.0,0.0,-10000000000.0,0.0,-10000000000.0,1.0,0.0,0.0,-10000000000.0
bloodmnist:test:1423,17ecb1cff0425280a485037ed922004425325f10214d1287da6ef29399c6ee51,bloodmnist_demo,1729,test,1,4,1.1205703832090563,0.0,-10000000000.0,0.0,-10000000000.0,0.0,-10000000000.0,0.0,-10000000000.0,1.0,0.0,0.0,-10000000000.0
bloodmnist:test:1424,636363f8d3231cda272187bf9de1f0cf452839a39dc542d08071532a6a569a08,bloodmnist_demo,1729,test,4,4,1.1205703832090563,0.0,-10000000000.0,0.0,-10000000000.0,0.0,-10000000000.0,0.0,-10000000000.0,1.0,0.0,0.0,-10000000000.0
bloodmnist:test:1425,537c7f6b7092f0c4fb07625818cd558725d68dd6a012093ab65ce4f8d06706f3,bloodmnist_demo,1729,test,4,4,1.1205703832090563,0.0,-10000000000.0,0.0,-10000000000.0,0.0,-10000000000.0,0.0,-10000000000.0,1.0,0.0,0.0,-10000000000.0
bloodmnist:test:1426,ec77df3c77ac6605b316a1926ca56cc8e73ffca367a2aed466bc4200347760eb,bloodmnist_demo,1729,test,1,4,1.1205703832090563,0.0,-10000000000.0,0.0,-10000000000.0,0.0,-10000000000.0,0.0,-10000000000.0,1.0,0.0,0.0,-10000000000.0
bloodmnist:test:1428,650cc126e0952712b162b27330e0775f5702649803e13cdeeb451660d2b65f26,bloodmnist_demo,1729,test,0,4,1.1205703832090563,0.0,-10000000000.0,0.0,-10000000000.0,0.0,-10000000000.0,0.0,-10000000000.0,1.0,0.0,0.0,-10000000000.0
bloodmnist:test:1429,21934fa4b4268da92a384adfd1b4cdf7bb5bb74e1611e71578e2d6f8686a2001,bloodmnist_demo,1729,test,4,4,1.1205703832090563,0.0,-10000000000.0,0.0,-10000000000.0,0.0,-10000000000.0,0.0,-10000000000.0,1.0,0.0,0.0,-10000000000.0
bloodmnist:test:1430,6a4f4cf1e577fe8ee57bc316e08bd35a3655931d0a1775d8510eebe5fda92a5a,bloodmnist_demo,1729,test,5,4,1.1205703832090563,0.0,-10000000000.0,0.0,-10000000000.0,0.0,-10000000000.0,0.0,-10000000000.0,1.0,0.0,0.0,-10000000000.0
bloodmnist:test:1431,94ca8b8e5c2d1a328171072e6d23955877ac29293f3836aeeb6ae739d34d1d79,bloodmnist_demo,1729,test,2,4,1.1205703832090563,0.0,-10000000000.0,0.0,-10000000000.0,0.0,-10000000000.0,0.0,-10000000000.0,1.0,0.0,0.0,-10000000000.0
bloodmnist:test:1432,f055f4a3a5a995fbc84b03cb990f742fd190c6132159e6ff183c3444f2b99e77,bloodmnist_demo,1729,test,4,4,1.1205703832090563,0.0,-10000000000.0,0.0,-10000000000.0,0.0,-10000000000.0,0.0,-10000000000.0,1.0,0.0,0.0,-10000000000.0
bloodmnist:test:1434,18af9613b940f28a007c3d9477d307469b34263ac8f84d7f4de53ea77bfff2ef,bloodmnist_demo,1729,test,1,4,1.1205703832090563,0.0,-10000000000.0,0.0,-10000000000.0,0.0,-10000000000.0,0.0,-10000000000.0,1.0,0.0,0.0,-10000000000.0
bloodmnist:test:1435,7883f8055c2f4c5efcc22d756f90babba012c371aeaa37f69cded8eb483bf502,bloodmnist_demo,1729,test,1,4,1.1205703832090563,0.0,-10000000000.0,0.0,-10000000000.0,0.0,-10000000000.0,0.0,-10000000000.0,1.0,0.0,0.0,-10000000000.0
bloodmnist:test:1436,4ced29321748b749f1e0b0128d6a7431820b9f2dcdb23458828590a5616ea23d,bloodmnist_demo,1729,test,3,4,1.1205703832090563,0.0,-10000000000.0,0.0,-10000000000.0,0.0,-10000000000.0,0.0,-10000000000.0,1.0,0.0,0.0,-10000000000.0
bloodmnist:test:1439,ba77f14beb0a938f55b4ee08576dcf46475f09feabd4a49f7cd56a27041706bd,bloodmnist_demo,1729,test,3,4,1.1205703832090563,0.0,-10000000000.0,0.0,-10000000000.0,0.0,-10000000000.0,0.0,-10000000000.0,1.0,0.0,0.0,-10000000000.0
bloodmnist:test:1440,9fc2a972a6534cdae81cd505fc4304dd47e2281089ac19e650637b90b13ea5c9,bloodmnist_demo,1729,test,4,4,1.1205703832090563,0.0,-10000000000.0,0.0,-10000000000.0,0.0,-10000000000.0,0.0,-10000000000.0,1.0,0.0,0.0,-10000000000.0
bloodmnist:test:1441,daf0eae9e7ded416654151b330e50bd896d461d39cba67b5bfe08f2a44ebb0b3,bloodmnist_demo,1729,test,1,4,1.1205703832090563,0.0,-10000000000.0,0.0,-10000000000.0,0.0,-10000000000.0,0.0,-10000000000.0,1.0,0.0,0.0,-10000000000.0
bloodmnist:test:1442,74db5f01925ec35a5826c89ae4730f3edba49909ac705188916bed2fbe47b8ad,bloodmnist_demo,1729,test,1,4,1.1205703832090563,0.0,-10000000000.0,0.0,-10000000000.0,0.0,-10000000000.0,0.0,-10000000000.0,1.0,0.0,0.0,-10000000000.0
bloodmnist:test:1443,d8a4ec12faac11f098b202cd608e90bd7084acc44709b96542b70518353fa860,bloodmnist_demo,1729,test,4,4,1.1205703832090563,0.0,-10000000000.0,0.0,-10000000000.0,0.0,-10000000000.0,0.0,-10000000000.0,1.0,0.0,0.0,-10000000000.0
bloodmnist:test:1444,705357caafeea366e6f7d08185258ae78eaaaaeb8ffcb955f5358359f43a93ff,bloodmnist_demo,1729,test,4,4,1.1205703832090563,0.0,-10000000000.0,0.0,-10000000000.0,0.0,-10000000000.0,0.0,-10000000000.0,1.0,0.0,0.0,-10000000000.0
bloodmnist:test:1446,e8e3db2415012fb2d9ae778206276d11dc86e6014181ffd4ad8243651a33a2f0,bloodmnist_demo,1729,test,5,4,1.1205703832090563,0.0,-10000000000.0,0.0,-10000000000.0,0.0,-10000000000.0,0.0,-10000000000.0,1.0,0.0,0.0,-10000000000.0
bloodmnist:test:1448,621564204002df986a2f0fc92586a95110a1b97f47df06aa7a6f45266c2e60ba,bloodmnist_demo,1729,test,5,4,1.1205703832090563,0.0,-10000000000.0,0.0,-10000000000.0,0.0,-10000000000.0,0.0,-10000000000.0,1.0,0.0,0.0,-10000000000.0
bloodmnist:test:1449,2740aca79c9fe51424a2549f2eeebf805b9c0ea680becb3f114c46a3238f6510,bloodmnist_demo,1729,test,2,4,1.1205703832090563,0.0,-10000000000.0,0.0,-10000000000.0,0.0,-10000000000.0,0.0,-10000000000.0,1.0,0.0,0.0,-10000000000.0
bloodmnist:test:1450,098b578a58115b7dc767bf56764d6f2a68934aad789929b84eb1f47e5b4720b1,bloodmnist_demo,1729,test,1,4,1.1205703832090563,0.0,-10000000000.0,0.0,-10000000000.0,0.0,-10000000000.0,0.0,-10000000000.0,1.0,0.0,0.0,-10000000000.0
bloodmnist:test:1451,43f506f316ac9c0a8c5c56b8a0c3b99255234e36337b72034b74c4cbb1e19ad6,bloodmnist_demo,1729,test,2,4,1.1205703832090563,0.0,-10000000000.0,0.0,-10000000000.0,0.0,-10000000000.0,0.0,-10000000000.0,1.0,0.0,0.0,-10000000000.0
bloodmnist:test:1452,1c87376267178417088f747abefb91061556034dcd807f1525caaa5e88c66698,bloodmnist_demo,1729,test,1,4,1.1205703832090563,0.0,-10000000000.0,0.0,-10000000000.0,0.0,-10000000000.0,0.0,-10000000000.0,1.0,0.0,0.0,-10000000000.0
bloodmnist:test:1453,557c8adfc2ff784f6dc5bb3e8e202fd92ee8de0bcfbe2ddd83826f34c272b2bb,bloodmnist_demo,1729,test,1,4,1.1205703832090563,0.0,-10000000000.0,0.0,-10000000000.0,0.0,-10000000000.0,0.0,-10000000000.0,1.0,0.0,0.0,-10000000000.0
bloodmnist:test:1455,5b1c6a471828010ee4ac8a79ed1f25b843cdeeedc5c1d6242f687961bd36b9ef,bloodmnist_demo,1729,test,5,4,1.1205703832090563,0.0,-10000000000.0,0.0,-10000000000.0,0.0,-10000000000.0,0.0,-10000000000.0,1.0,0.0,0.0,-10000000000.0
bloodmnist:test:1456,29932b3b0577c1bafdf1ed13c6ad1b896a7342cf3940025ae9ca15cf6fc1129a,bloodmnist_demo,1729,test,5,4,1.1205703832090563,0.0,-10000000000.0,0.0,-10000000000.0,0.0,-10000000000.0,0.0,-10000000000.0,1.0,0.0,0.0,-10000000000.0
bloodmnist:test:1457,11b70e96be965c0df00da0800a6bcd8874393f89e4ca571f7cca107cb9162c23,bloodmnist_demo,1729,test,1,4,1.1205703832090563,0.0,-10000000000.0,0.0,-10000000000.0,0.0,-10000000000.0,0.0,-10000000000.0,1.0,0.0,0.0,-10000000000.0
bloodmnist:test:1458,49335cd07282d21272f63c335a6e4cedd5f68f2ac48fa4a9637aae467c2777f6,bloodmnist_demo,1729,test,0,4,1.1205703832090563,0.0,-10000000000.0,0.0,-10000000000.0,0.0,-10000000000.0,0.0,-10000000000.0,1.0,0.0,0.0,-10000000000.0
bloodmnist:test:1459,28fc6a361fdadee07e40eb5b99c0ddaf522fe34067116e8e71c6ffd3849df9e0,bloodmnist_demo,1729,test,3,4,1.1205703832090563,0.0,-10000000000.0,0.0,-10000000000.0,0.0,-10000000000.0,0.0,-10000000000.0,1.0,0.0,0.0,-10000000000.0
bloodmnist:test:1460,6bd296c8525878a94bda972e57ffd602e3e457654f5fbeaf6f0db00b18170f97,bloodmnist_demo,1729,test,5,4,1.1205703832090563,0.0,-10000000000.0,0.0,-10000000000.0,0.0,-10000000000.0,0.0,-10000000000.0,1.0,0.0,0.0,-10000000000.0
bloodmnist:test:1461,83effdfc32c26d295b018aca35c5bb7803d40bdb56a75b24dd0ba66dc88395ae,bloodmnist_demo,1729,test,4,4,1.1205703832090563,0.0,-10000000000.0,0.0,-10000000000.0,0.0,-10000000000.0,0.0,-10000000000.0,1.0,0.0,0.0,-10000000000.0
bloodmnist:test:1462,5a08cf56e51df0471921f8a4c8f5c7bb4330818c60fa61be548ba03873e5fef8,bloodmnist_demo,1729,test,3,4,1.1205703832090563,0.0,-10000000000.0,0.0,-10000000000.0,0.0,-10000000000.0,0.0,-10000000000.0,1.0,0.0,0.0,-10000000000.0
bloodmnist:test:1463,a38e0754fef4b00f2feef86da67206c0207e3252ba3bf31e35184daff7eec012,bloodmnist_demo,1729,test,3,4,1.1205703832090563,0.0,-10000000000.0,0.0,-10000000000.0,0.0,-10000000000.0,0.0,-10000000000.0,1.0,0.0,0.0,-10000000000.0
bloodmnist:test:1464,c2d24a825015e17a6bb6754bba0313ed408b6629e74d7c61978c415467b6abd8,bloodmnist_demo,1729,test,1,4,1.1205703832090563,0.0,-10000000000.0,0.0,-10000000000.0,0.0,-10000000000.0,0.0,-10000000000.0,1.0,0.0,0.0,-10000000000.0
bloodmnist:test:1465,b112a53ebdaa0e6e2037ffec075f2e0e6be130bfc9f3da8c7a92d815d5c9c4cb,bloodmnist_demo,1729,test,4,4,1.1205703832090563,0.0,-10000000000.0,0.0,-10000000000.0,0.0,-10000000000.0,0.0,-10000000000.0,1.0,0.0,0.0,-10000000000.0
bloodmnist:test:1466,287d46462da61ab138203735e3cd7da7090ba4edb24738a789683d11e600452e,bloodmnist_demo,1729,test,5,4,1.1205703832090563,0.0,-10000000000.0,0.0,-10000000000.0,0.0,-10000000000.0,0.0,-10000000000.0,1.0,0.0,0.0,-10000000000.0
bloodmnist:test:1469,47b00c2aea6e73d4dabf31b8242eb8604da941eb7a1797684b8e7abba255e26c,bloodmnist_demo,1729,test,1,4,1.1205703832090563,0.0,-10000000000.0,0.0,-10000000000.0,0.0,-10000000000.0,0.0,-10000000000.0,1.0,0.0,0.0,-10000000000.0
bloodmnist:test:1470,8a7c1616e7be313659755032bf84a748767ec1767c917e8f1e86b4fad76f40f9,bloodmnist_demo,1729,test,4,4,1.1205703832090563,0.0,-10000000000.0,0.0,-10000000000.0,0.0,-10000000000.0,0.0,-10000000000.0,1.0,0.0,0.0,-10000000000.0
bloodmnist:test:1471,889af01d95c094bc9e00955b59b0d255f7806a84165a57443a2b135fe9bb041d,bloodmnist_demo,1729,test,5,4,1.1205703832090563,0.0,-10000000000.0,0.0,-10000000000.0,0.0,-10000000000.0,0.0,-10000000000.0,1.0,0.0,0.0,-10000000000.0
bloodmnist:test:1472,04022b2ee87d476077240f7fddff311be31917b2831791c5aede4e390ff2fd46,bloodmnist_demo,1729,test,4,4,1.1205703832090563,0.0,-10000000000.0,0.0,-10000000000.0,0.0,-10000000000.0,0.0,-10000000000.0,1.0,0.0,0.0,-10000000000.0
bloodmnist:test:1475,bac6cddbd70c4528c919d10c479209667ff74119c4d6da38b2f762129efab331,bloodmnist_demo,1729,test,4,4,1.1205703832090563,0.0,-10000000000.0,0.0,-10000000000.0,0.0,-10000000000.0,0.0,-10000000000.0,1.0,0.0,0.0,-10000000000.0
bloodmnist:test:1476,93a9a917d0e962aa82f4ea8a73170d16131a9498c9ad1d745e42963e7b92ad5d,bloodmnist_demo,1729,test,5,4,1.1205703832090563,0.0,-10000000000.0,0.0,-10000000000.0,0.0,-10000000000.0,0.0,-10000000000.0,1.0,0.0,0.0,-10000000000.0
bloodmnist:test:1478,9505a800ecf51304d3d5e313025481bf65f8db331ad4ea58f58d7f6c0291a90e,bloodmnist_demo,1729,test,5,4,1.1205703832090563,0.0,-10000000000.0,0.0,-10000000000.0,0.0,-10000000000.0,0.0,-10000000000.0,1.0,0.0,0.0,-10000000000.0
bloodmnist:test:1479,37b777431adb73dbe1e8f27830345f9ee77c49203257227d594274958701d711,bloodmnist_demo,1729,test,1,4,1.1205703832090563,0.0,-10000000000.0,0.0,-10000000000.0,0.0,-10000000000.0,0.0,-10000000000.0,1.0,0.0,0.0,-10000000000.0
bloodmnist:test:1480,58ffebf7e0ba07a92ac6c855164a452addd8362c7c006f224c968a0eea285cf0,bloodmnist_demo,1729,test,5,4,1.1205703832090563,0.0,-10000000000.0,0.0,-10000000000.0,0.0,-10000000000.0,0.0,-10000000000.0,1.0,0.0,0.0,-10000000000.0
bloodmnist:test:1482,bf581498b937507c29984e2b7bf82a6f5712548524ecb77def787e72beb48ec4,bloodmnist_demo,1729,test,0,4,1.1205703832090563,0.0,-10000000000.0,0.0,-10000000000.0,0.0,-10000000000.0,0.0,-10000000000.0,1.0,0.0,0.0,-10000000000.0
bloodmnist:test:1483,9e5b702b84ea32006e6fa79d92681e226b90990aabd6b6abebfd6f2dcbbe5df2,bloodmnist_demo,1729,test,4,4,1.1205703832090563,0.0,-10000000000.0,0.0,-10000000000.0,0.0,-10000000000.0,0.0,-10000000000.0,1.0,0.0,0.0,-10000000000.0
bloodmnist:test:1484,db4421e6c0ae6a959650d56a780c29c0ec48b4c539c47935a2673e756e03aef5,bloodmnist_demo,1729,test,1,4,1.1205703832090563,0.0,-10000000000.0,0.0,-10000000000.0,0.0,-10000000000.0,0.0,-10000000000.0,1.0,0.0,0.0,-10000000000.0
bloodmnist:test:1486,65879733d5283ab511b49519f3a1e319ee39b4b82f03bd1af67cb134315b2cb7,bloodmnist_demo,1729,test,5,4,1.1205703832090563,0.0,-10000000000.0,0.0,-10000000000.0,0.0,-10000000000.0,0.0,-10000000000.0,1.0,0.0,0.0,-10000000000.0
bloodmnist:test:1487,2fdc76451c77af01efd9c2afa5c73299f7354cae4946aafc6de9dad391624d7c,bloodmnist_demo,1729,test,4,4,1.1205703832090563,0.0,-10000000000.0,0.0,-10000000000.0,0.0,-10000000000.0,0.0,-10000000000.0,1.0,0.0,0.0,-10000000000.0
bloodmnist:test:1492,255bed634c960b139ec4af4bc281006fb6a92f5b9db30ca03a1179df7c6d1cb2,bloodmnist_demo,1729,test,1,4,1.1205703832090563,0.0,-10000000000.0,0.0,-10000000000.0,0.0,-10000000000.0,0.0,-10000000000.0,1.0,0.0,0.0,-10000000000.0
bloodmnist:test:1493,1e1eb69bec4bd71fb30c6ecfdc2ba33174accc2912c819a72cde1f3ab38f0c5c,bloodmnist_demo,1729,test,4,4,1.1205703832090563,0.0,-10000000000.0,0.0,-10000000000.0,0.0,-10000000000.0,0.0,-10000000000.0,1.0,0.0,0.0,-10000000000.0
bloodmnist:test:1494,88ca777072ff77098869011fb80935fb4f11237d48f87447654026f1b745e254,bloodmnist_demo,1729,test,5,4,1.1205703832090563,0.0,-10000000000.0,0.0,-10000000000.0,0.0,-10000000000.0,0.0,-10000000000.0,1.0,0.0,0.0,-10000000000.0
bloodmnist:test:1495,a878f8e087b584e6f211ca5dac5311cc74bbf91533ab63b2ba7f0fe51f58b275,bloodmnist_demo,1729,test,1,4,1.1205703832090563,0.0,-10000000000.0,0.0,-10000000000.0,0.0,-10000000000.0,0.0,-10000000000.0,1.0,0.0,0.0,-10000000000.0
bloodmnist:test:1496,ffac991cc9a3ab79af1e33f8dcc7f39e9341077c8b9eaaa26e6b8b82cbdca7e8,bloodmnist_demo,1729,test,0,4,1.1205703832090563,0.0,-10000000000.0,0.0,-10000000000.0,0.0,-10000000000.0,0.0,-10000000000.0,1.0,0.0,0.0,-10000000000.0
bloodmnist:test:1497,7ed7f2e4e454508bc7c896b75c4d66e480fca368fb3c60491faf349d8b6f3900,bloodmnist_demo,1729,test,4,4,1.1205703832090563,0.0,-10000000000.0,0.0,-10000000000.0,0.0,-10000000000.0,0.0,-10000000000.0,1.0,0.0,0.0,-10000000000.0
bloodmnist:test:1498,4ceb8cfc6b9974e4a9f09e10906b6165e64ab074a6e3aadd640a8c23451357ae,bloodmnist_demo,1729,test,2,4,1.1205703832090563,0.0,-10000000000.0,0.0,-10000000000.0,0.0,-10000000000.0,0.0,-10000000000.0,1.0,0.0,0.0,-10000000000.0
bloodmnist:test:1499,61036d90410596c61a00fd4b7412a41e6f0c57068acfa3eb805edec8f7c66430,bloodmnist_demo,1729,test,4,4,1.1205703832090563,0.0,-10000000000.0,0.0,-10000000000.0,0.0,-10000000000.0,0.0,-10000000000.0,1.0,0.0,0.0,-10000000000.0
bloodmnist:test:1500,cf5deac143561b384fdd5ffed4ea76d84754da28b686cfa343535924a1836396,bloodmnist_demo,1729,test,2,4,1.1205703832090563,0.0,-10000000000.0,0.0,-10000000000.0,0.0,-10000000000.0,0.0,-10000000000.0,1.0,0.0,0.0,-10000000000.0
bloodmnist:test:1503,61edbb6d0fcceb8d75f90003264ec04df118264ca38e498ed04748de5967c9fc,bloodmnist_demo,1729,test,5,4,1.1205703832090563,0.0,-10000000000.0,0.0,-10000000000.0,0.0,-10000000000.0,0.0,-10000000000.0,1.0,0.0,0.0,-10000000000.0
bloodmnist:test:1504,303905b8ac0a9ad4578dfb2895c3eb2a04e74674d91ce023b6aa35e0ab280c45,bloodmnist_demo,1729,test,3,4,1.1205703832090563,0.0,-10000000000.0,0.0,-10000000000.0,0.0,-10000000000.0,0.0,-10000000000.0,1.0,0.0,0.0,-10000000000.0
bloodmnist:test:1505,bfec83615c1fd89efc28b0faa69458c7d19990f5d649b69788ce22b2b42bfb9d,bloodmnist_demo,1729,test,1,4,1.1205703832090563,0.0,-10000000000.0,0.0,-10000000000.0,0.0,-10000000000.0,0.0,-10000000000.0,1.0,0.0,0.0,-10000000000.0
bloodmnist:test:1506,7cfcac072eb13bc4878126bdffc83e8eca1025a8e671330f9ce6fb7a93bcf8db,bloodmnist_demo,1729,test,1,4,1.1205703832090563,0.0,-10000000000.0,0.0,-10000000000.0,0.0,-10000000000.0,0.0,-10000000000.0,1.0,0.0,0.0,-10000000000.0
bloodmnist:test:1507,e784fb0a191b2d04801f1e81e16c01ff0b84615f6452c690d1119f746aafced6,bloodmnist_demo,1729,test,1,4,1.1205703832090563,0.0,-10000000000.0,0.0,-10000000000.0,0.0,-10000000000.0,0.0,-10000000000.0,1.0,0.0,0.0,-10000000000.0
bloodmnist:test:1509,f0ac0fe788920071ea6792318ca823ffcbf17a71579246702dd257b6d4e2f749,bloodmnist_demo,1729,test,2,4,1.1205703832090563,0.0,-10000000000.0,0.0,-10000000000.0,0.0,-10000000000.0,0.0,-10000000000.0,1.0,0.0,0.0,-10000000000.0
bloodmnist:test:1510,c6f8d92954fb54fed9b2891258bab213555e3ca296a65f9ba9d5ccfa69b9112a,bloodmnist_demo,1729,test,2,4,1.1205703832090563,0.0,-10000000000.0,0.0,-10000000000.0,0.0,-10000000000.0,0.0,-10000000000.0,1.0,0.0,0.0,-10000000000.0
bloodmnist:test:1512,b06f98eb78869edbccb5e009b7700996866e92463b67adca6b40fc6a279dcd27,bloodmnist_demo,1729,test,4,4,1.1205703832090563,0.0,-10000000000.0,0.0,-10000000000.0,0.0,-10000000000.0,0.0,-10000000000.0,1.0,0.0,0.0,-10000000000.0
bloodmnist:test:1514,ab935e55557f26a0fc2de0c0a37da9fcc71fe4e348a27ad8c0d8205ca1957581,bloodmnist_demo,1729,test,5,4,1.1205703832090563,0.0,-10000000000.0,0.0,-10000000000.0,0.0,-10000000000.0,0.0,-10000000000.0,1.0,0.0,0.0,-10000000000.0
bloodmnist:test:1516,edeec778043cdb9ec58daf0c8edc494d6073037dce6c409f35def58c34028f0d,bloodmnist_demo,1729,test,1,4,1.1205703832090563,0.0,-10000000000.0,0.0,-10000000000.0,0.0,-10000000000.0,0.0,-10000000000.0,1.0,0.0,0.0,-10000000000.0
bloodmnist:test:1517,4c381ebccb6aff524444dab4b1a28e26e7b4a632964950df904a3a376cfd0753,bloodmnist_demo,1729,test,1,4,1.1205703832090563,0.0,-10000000000.0,0.0,-10000000000.0,0.0,-10000000000.0,0.0,-10000000000.0,1.0,0.0,0.0,-10000000000.0
bloodmnist:test:1519,275366f1461297037b2ff6edf868fb7139530eb65b4124d470c1b75d62b6d7b1,bloodmnist_demo,1729,test,5,4,1.1205703832090563,0.0,-10000000000.0,0.0,-10000000000.0,0.0,-10000000000.0,0.0,-10000000000.0,1.0,0.0,0.0,-10000000000.0
bloodmnist:test:1520,0ca33c5c6c8233dd5c070eec03dc83cbdedf9c3fd70b8d64ee15db2c4c748e55,bloodmnist_demo,1729,test,2,4,1.1205703832090563,0.0,-10000000000.0,0.0,-10000000000.0,0.0,-10000000000.0,0.0,-10000000000.0,1.0,0.0,0.0,-10000000000.0
bloodmnist:test:1521,f5577291bb589b20630536e78db5ced2c489086d2bcf7100863ada9cb77fb1f0,bloodmnist_demo,1729,test,0,4,1.1205703832090563,0.0,-10000000000.0,0.0,-10000000000.0,0.0,-10000000000.0,0.0,-10000000000.0,1.0,0.0,0.0,-10000000000.0
bloodmnist:test:1522,c713c089d1b37e06d4899966f8d01c0862ce71bf75c73eccb7baac74b6b37b59,bloodmnist_demo,1729,test,4,4,1.1205703832090563,0.0,-10000000000.0,0.0,-10000000000.0,0.0,-10000000000.0,0.0,-10000000000.0,1.0,0.0,0.0,-10000000000.0
bloodmnist:test:1523,6991b40149f1e3a00213c2620db831352521aa03747efb4bd2ce4d474c373b85,bloodmnist_demo,1729,test,4,4,1.1205703832090563,0.0,-10000000000.0,0.0,-10000000000.0,0.0,-10000000000.0,0.0,-10000000000.0,1.0,0.0,0.0,-10000000000.0
bloodmnist:test:1524,13775756549feeddb89879b5a49b2be421cc2858fe1352a95114261f9b5083e7,bloodmnist_demo,1729,test,1,4,1.1205703832090563,0.0,-10000000000.0,0.0,-10000000000.0,0.0,-10000000000.0,0.0,-10000000000.0,1.0,0.0,0.0,-10000000000.0
bloodmnist:test:1527,c78ccc792bca80bb458871b949bf09265372c655ed1c8492c5cdead242f0b52c,bloodmnist_demo,1729,test,1,4,1.1205703832090563,0.0,-10000000000.0,0.0,-10000000000.0,0.0,-10000000000.0,0.0,-10000000000.0,1.0,0.0,0.0,-10000000000.0
bloodmnist:test:1528,44ca646746d7d2afcc923ca528681b4b7b3fe513eab24d92db43cc69e62fbab0,bloodmnist_demo,1729,test,2,4,1.1205703832090563,0.0,-10000000000.0,0.0,-10000000000.0,0.0,-10000000000.0,0.0,-10000000000.0,1.0,0.0,0.0,-10000000000.0
bloodmnist:test:1529,50eda84934e86b2a3192f38e113942205a4bc0a35dc137f5ba4623de35eb3bb0,bloodmnist_demo,1729,test,5,4,1.1205703832090563,0.0,-10000000000.0,0.0,-10000000000.0,0.0,-10000000000.0,0.0,-10000000000.0,1.0,0.0,0.0,-10000000000.0
bloodmnist:test:1530,cb91c79283475ea8f3c5e49cb1bdc131dd8cb92dfa92f630cb1b276cb95d8d08,bloodmnist_demo,1729,test,0,4,1.1205703832090563,0.0,-10000000000.0,0.0,-10000000000.0,0.0,-10000000000.0,0.0,-10000000000.0,1.0,0.0,0.0,-10000000000.0
bloodmnist:test:1531,a83be348825407b274f90aca7ac7321813e6220fd5bfbf3fd59a2d366a5469cb,bloodmnist_demo,1729,test,1,4,1.1205703832090563,0.0,-10000000000.0,0.0,-10000000000.0,0.0,-10000000000.0,0.0,-10000000000.0,1.0,0.0,0.0,-10000000000.0
bloodmnist:test:1532,a1e73171a5ce42d67e917fc9335f232b23e2716ca4ba6bd91902a06abb15fc32,bloodmnist_demo,1729,test,3,4,1.1205703832090563,0.0,-10000000000.0,0.0,-10000000000.0,0.0,-10000000000.0,0.0,-10000000000.0,1.0,0.0,0.0,-10000000000.0
bloodmnist:test:1535,609cde8f93300df156508460957cf6e4919275e5a4374d94816eb3e4e38a940c,bloodmnist_demo,1729,test,1,4,1.1205703832090563,0.0,-10000000000.0,0.0,-10000000000.0,0.0,-10000000000.0,0.0,-10000000000.0,1.0,0.0,0.0,-10000000000.0
bloodmnist:test:1536,7b49799ede8446fdcc7787ad6a7102276a5b9cc0817fbf4ce6194ec99ad40806,bloodmnist_demo,1729,test,1,4,1.1205703832090563,0.0,-10000000000.0,0.0,-10000000000.0,0.0,-10000000000.0,0.0,-10000000000.0,1.0,0.0,0.0,-10000000000.0
bloodmnist:test:1537,9c5e40de37f1b2873798214c775ed11c1da77c0bc9130769dd9f7f5e3860c103,bloodmnist_demo,1729,test,0,4,1.1205703832090563,0.0,-10000000000.0,0.0,-10000000000.0,0.0,-10000000000.0,0.0,-10000000000.0,1.0,0.0,0.0,-10000000000.0
bloodmnist:test:1538,2d30e6897644aa15599b11c3286db9db71f03fc7113539c2079643b6be04c08c,bloodmnist_demo,1729,test,3,4,1.1205703832090563,0.0,-10000000000.0,0.0,-10000000000.0,0.0,-10000000000.0,0.0,-10000000000.0,1.0,0.0,0.0,-10000000000.0
bloodmnist:test:1539,8744564f6a98fa88a50317b97db2f3e7767142b6a3e6279ed9c19daf1a7fbd06,bloodmnist_demo,1729,test,1,4,1.1205703832090563,0.0,-10000000000.0,0.0,-10000000000.0,0.0,-10000000000.0,0.0,-10000000000.0,1.0,0.0,0.0,-10000000000.0
bloodmnist:test:1540,40e0745df05cf8b1a636a9fa447751bb749fcf5279603134e88ae8feb05b90da,bloodmnist_demo,1729,test,5,4,1.1205703832090563,0.0,-10000000000.0,0.0,-10000000000.0,0.0,-10000000000.0,0.0,-10000000000.0,1.0,0.0,0.0,-10000000000.0
bloodmnist:test:1541,ee3e6be14ffb53fa7feb6196de9cc74eac92aaedfc88ab03547a7ea8f903d0be,bloodmnist_demo,1729,test,3,4,1.1205703832090563,0.0,-10000000000.0,0.0,-10000000000.0,0.0,-10000000000.0,0.0,-10000000000.0,1.0,0.0,0.0,-10000000000.0
bloodmnist:test:1542,fdb4f8e4baec3bd4c8bbf7daa753842b43c709e42ea7bad668c95d7e435190a8,bloodmnist_demo,1729,test,5,4,1.1205703832090563,0.0,-10000000000.0,0.0,-10000000000.0,0.0,-10000000000.0,0.0,-10000000000.0,1.0,0.0,0.0,-10000000000.0
bloodmnist:test:1543,f3de7ccdca9d03dd680c6b148f90f7f20116913136e93023874012bf48de72c3,bloodmnist_demo,1729,test,5,4,1.1205703832090563,0.0,-10000000000.0,0.0,-10000000000.0,0.0,-10000000000.0,0.0,-10000000000.0,1.0,0.0,0.0,-10000000000.0
bloodmnist:test:1545,2c9a2680b54e266677c4ef17bed5753c8fc15653d1c597edef81fe2aa3d3518c,bloodmnist_demo,1729,test,4,4,1.1205703832090563,0.0,-10000000000.0,0.0,-10000000000.0,0.0,-10000000000.0,0.0,-10000000000.0,1.0,0.0,0.0,-10000000000.0
bloodmnist:test:1546,72f47145035e336cc9e78db815593fe4005a1a43ab0ccbdc07d13b9ae9805394,bloodmnist_demo,1729,test,0,4,1.1205703832090563,0.0,-10000000000.0,0.0,-10000000000.0,0.0,-10000000000.0,0.0,-10000000000.0,1.0,0.0,0.0,-10000000000.0
bloodmnist:test:1547,2805e423371b8fe5e9268181e5adddebbbbe7176b9bcb3d8f5ba7b0731d83141,bloodmnist_demo,1729,test,3,4,1.1205703832090563,0.0,-10000000000.0,0.0,-10000000000.0,0.0,-10000000000.0,0.0,-10000000000.0,1.0,0.0,0.0,-10000000000.0
bloodmnist:test:1548,7553413ec8fed58717d05669260940b66e0910ae8d3d686f5400d6e6817bd577,bloodmnist_demo,1729,test,3,4,1.1205703832090563,0.0,-10000000000.0,0.0,-10000000000.0,0.0,-10000000000.0,0.0,-10000000000.0,1.0,0.0,0.0,-10000000000.0
bloodmnist:test:1549,4fca614e1e0057f06424b650fb119d6fd5bfea554f45aabd597d1f2d0ae297d5,bloodmnist_demo,1729,test,1,4,1.1205703832090563,0.0,-10000000000.0,0.0,-10000000000.0,0.0,-10000000000.0,0.0,-10000000000.0,1.0,0.0,0.0,-10000000000.0
bloodmnist:test:1551,4e4f76aa3a501834435e74b0c2e1051710be39891a7e64955654180bc8c82d03,bloodmnist_demo,1729,test,4,4,1.1205703832090563,0.0,-10000000000.0,0.0,-10000000000.0,0.0,-10000000000.0,0.0,-10000000000.0,1.0,0.0,0.0,-10000000000.0
bloodmnist:test:1552,c66c37230f166e947cf5b3a89d725871aa96cded4763634f49f085ba2baa3083,bloodmnist_demo,1729,test,2,4,1.1205703832090563,0.0,-10000000000.0,0.0,-10000000000.0,0.0,-10000000000.0,0.0,-10000000000.0,1.0,0.0,0.0,-10000000000.0
bloodmnist:test:1553,101725c5509bda25c78a600f95f6f89bb24181e34380e30634fb56a57e2f9063,bloodmnist_demo,1729,test,4,4,1.1205703832090563,0.0,-10000000000.0,0.0,-10000000000.0,0.0,-10000000000.0,0.0,-10000000000.0,1.0,0.0,0.0,-10000000000.0
bloodmnist:test:1554,7270e734efccc50d7c32704ba03203a8b4dd9196da06cef47eddaf0e11e9e361,bloodmnist_demo,1729,test,2,4,1.1205703832090563,0.0,-10000000000.0,0.0,-10000000000.0,0.0,-10000000000.0,0.0,-10000000000.0,1.0,0.0,0.0,-10000000000.0
bloodmnist:test:1555,19d95587d6981ca5fd63654656d1224eca401b6e6884529366dc6326cb06cf7c,bloodmnist_demo,1729,test,5,4,1.1205703832090563,0.0,-10000000000.0,0.0,-10000000000.0,0.0,-10000000000.0,0.0,-10000000000.0,1.0,0.0,0.0,-10000000000.0
bloodmnist:test:1556,35aed80c8e96eed10c43e561d9fee32e9660bea1a22d1d2c76940b43f98fb6d5,bloodmnist_demo,1729,test,1,4,1.1205703832090563,0.0,-10000000000.0,0.0,-10000000000.0,0.0,-10000000000.0,0.0,-10000000000.0,1.0,0.0,0.0,-10000000000.0
bloodmnist:test:1559,f57dcda98b7f4d462b9c07e7c75ee61d42763b3300b9de60b66cc7238a404530,bloodmnist_demo,1729,test,4,4,1.1205703832090563,0.0,-10000000000.0,0.0,-10000000000.0,0.0,-10000000000.0,0.0,-10000000000.0,1.0,0.0,0.0,-10000000000.0
bloodmnist:test:1560,12a9904777b5f44312b965aa0fd3a8b00c33e73d043efbe8f72b9ca5b1ab2566,bloodmnist_demo,1729,test,5,4,1.1205703832090563,0.0,-10000000000.0,0.0,-10000000000.0,0.0,-10000000000.0,0.0,-10000000000.0,1.0,0.0,0.0,-10000000000.0
bloodmnist:test:1561,c6c493d1c80162bc92a83aa2ab880b01b5a83c493e179b87ae59e5bb5769ee57,bloodmnist_demo,1729,test,0,4,1.1205703832090563,0.0,-10000000000.0,0.0,-10000000000.0,0.0,-10000000000.0,0.0,-10000000000.0,1.0,0.0,0.0,-10000000000.0
bloodmnist:test:1564,f8f387cd9a1ee51374923f151d9b78e1749f99b6b50fc5dfc91f04c331deddbc,bloodmnist_demo,1729,test,1,4,1.1205703832090563,0.0,-10000000000.0,0.0,-10000000000.0,0.0,-10000000000.0,0.0,-10000000000.0,1.0,0.0,0.0,-10000000000.0
bloodmnist:test:1565,4ffe83940c02faa82110c304164659f0e16cb4e9bef35aa696c45c46e9a98129,bloodmnist_demo,1729,test,0,4,1.1205703832090563,0.0,-10000000000.0,0.0,-10000000000.0,0.0,-10000000000.0,0.0,-10000000000.0,1.0,0.0,0.0,-10000000000.0
bloodmnist:test:1566,1c3ab73b0cb557cb6813549f5e01a26bb71b5cec4e4101ac618cc6c0c596ae9e,bloodmnist_demo,1729,test,3,4,1.1205703832090563,0.0,-10000000000.0,0.0,-10000000000.0,0.0,-10000000000.0,0.0,-10000000000.0,1.0,0.0,0.0,-10000000000.0
bloodmnist:test:1567,d91ddefc148e7b0cac83935cb6b7efe7922e2a7f77581c45692e28088d7a56af,bloodmnist_demo,1729,test,3,4,1.1205703832090563,0.0,-10000000000.0,0.0,-10000000000.0,0.0,-10000000000.0,0.0,-10000000000.0,1.0,0.0,0.0,-10000000000.0
bloodmnist:test:1569,c55ff7b558987d6ae2cb9727c6b82f6240ba8e32b0c70d1c639d3e1089c30948,bloodmnist_demo,1729,test,3,4,1.1205703832090563,0.0,-10000000000.0,0.0,-10000000000.0,0.0,-10000000000.0,0.0,-10000000000.0,1.0,0.0,0.0,-10000000000.0
bloodmnist:test:1570,755a6ec21518f298e947cb155df79d5ff98c493b127bde249e5847b489b2b680,bloodmnist_demo,1729,test,1,4,1.1205703832090563,0.0,-10000000000.0,0.0,-10000000000.0,0.0,-10000000000.0,0.0,-10000000000.0,1.0,0.0,0.0,-10000000000.0
bloodmnist:test:1572,ecbe08c2cc97eb9cc01e480632310020188458d3d68fad517b1a59825508dbbb,bloodmnist_demo,1729,test,5,4,1.1205703832090563,0.0,-10000000000.0,0.0,-10000000000.0,0.0,-10000000000.0,0.0,-10000000000.0,1.0,0.0,0.0,-10000000000.0
bloodmnist:test:1573,81c14a3e58a63e5deb15aa710dec5b54eadd4d7f412eeb7ccb1a0c99eb08898e,bloodmnist_demo,1729,test,0,4,1.1205703832090563,0.0,-10000000000.0,0.0,-10000000000.0,0.0,-10000000000.0,0.0,-10000000000.0,1.0,0.0,0.0,-10000000000.0
bloodmnist:test:1575,d5730499cb0d632ca7239c142aded3ee800fbab06ffca73d74e1983bef6cb610,bloodmnist_demo,1729,test,5,4,1.1205703832090563,0.0,-10000000000.0,0.0,-10000000000.0,0.0,-10000000000.0,0.0,-10000000000.0,1.0,0.0,0.0,-10000000000.0
bloodmnist:test:1578,73e0ebff82ee11e08f3d67a6af7f709903f3b043edabf77159e10697910cf07a,bloodmnist_demo,1729,test,1,4,1.1205703832090563,0.0,-10000000000.0,0.0,-10000000000.0,0.0,-10000000000.0,0.0,-10000000000.0,1.0,0.0,0.0,-10000000000.0
bloodmnist:test:1580,8af43c9cdfd7f70009fee7756ee6c6794eeab8a0e7b3d7abc2bfd08e85e75011,bloodmnist_demo,1729,test,0,4,1.1205703832090563,0.0,-10000000000.0,0.0,-10000000000.0,0.0,-10000000000.0,0.0,-10000000000.0,1.0,0.0,0.0,-10000000000.0
bloodmnist:test:1581,7bb4435d26846f5a7959fd8a5080bc05c11e5cfe6cddc55eac57142b4e0e6de1,bloodmnist_demo,1729,test,1,4,1.1205703832090563,0.0,-10000000000.0,0.0,-10000000000.0,0.0,-10000000000.0,0.0,-10000000000.0,1.0,0.0,0.0,-10000000000.0
bloodmnist:test:1582,fd809788501f32126b89320b443d7c09de31c4c2225d15396df39e68426fd562,bloodmnist_demo,1729,test,5,4,1.1205703832090563,0.0,-10000000000.0,0.0,-10000000000.0,0.0,-10000000000.0,0.0,-10000000000.0,1.0,0.0,0.0,-10000000000.0
bloodmnist:test:1583,24904a3a3bba336b5eb1a644c1dc94f256f55115a02c1b4691478648d382d991,bloodmnist_demo,1729,test,4,4,1.1205703832090563,0.0,-10000000000.0,0.0,-10000000000.0,0.0,-10000000000.0,0.0,-10000000000.0,1.0,0.0,0.0,-10000000000.0
bloodmnist:test:1584,c19c40b6f08449fd3cad4b1f80433b6f153349bf3e0e54e9fc149a2ddefefe28,bloodmnist_demo,1729,test,4,4,1.1205703832090563,0.0,-10000000000.0,0.0,-10000000000.0,0.0,-10000000000.0,0.0,-10000000000.0,1.0,0.0,0.0,-10000000000.0
bloodmnist:test:1586,1459498a2bdec284db6a9de8039341de0fa480376de6473ca2da8f4c67b43fe2,bloodmnist_demo,1729,test,5,4,1.1205703832090563,0.0,-10000000000.0,0.0,-10000000000.0,0.0,-10000000000.0,0.0,-10000000000.0,1.0,0.0,0.0,-10000000000.0
bloodmnist:test:1587,2415696454e3a99a3fa8672c5af1a0d8e6ca673d8e159d02c9667bae94adac76,bloodmnist_demo,1729,test,3,4,1.1205703832090563,0.0,-10000000000.0,0.0,-10000000000.0,0.0,-10000000000.0,0.0,-10000000000.0,1.0,0.0,0.0,-10000000000.0
bloodmnist:test:1588,9b57fec72bcb9379dc44b9efab2a9b55bd3aa432b596a2f32a599b73a82534a1,bloodmnist_demo,1729,test,5,4,1.1205703832090563,0.0,-10000000000.0,0.0,-10000000000.0,0.0,-10000000000.0,0.0,-10000000000.0,1.0,0.0,0.0,-10000000000.0
bloodmnist:test:1589,39cc189394feea2dcfcc25a18fbc51415ce93c07746cc363591f18e4087bef99,bloodmnist_demo,1729,test,4,4,1.1205703832090563,0.0,-10000000000.0,0.0,-10000000000.0,0.0,-10000000000.0,0.0,-10000000000.0,1.0,0.0,0.0,-10000000000.0
bloodmnist:test:1591,10a7ea2b32264e337fb13524a4edb6fd96d236eeb0fcfa3625b0e267a15657b7,bloodmnist_demo,1729,test,0,4,1.1205703832090563,0.0,-10000000000.0,0.0,-10000000000.0,0.0,-10000000000.0,0.0,-10000000000.0,1.0,0.0,0.0,-10000000000.0
bloodmnist:test:1593,db73e0e56a86fb41bd020827ca9278a9118592b891850c5796bbad56de597ed3,bloodmnist_demo,1729,test,4,4,1.1205703832090563,0.0,-10000000000.0,0.0,-10000000000.0,0.0,-10000000000.0,0.0,-10000000000.0,1.0,0.0,0.0,-10000000000.0
bloodmnist:test:1594,c3b8d5a8df41e134d7a53d0d264b4a60712f8be1ce92aeb53d0962817d9b3514,bloodmnist_demo,1729,test,5,4,1.1205703832090563,0.0,-10000000000.0,0.0,-10000000000.0,0.0,-10000000000.0,0.0,-10000000000.0,1.0,0.0,0.0,-10000000000.0
bloodmnist:test:1595,b0b9b5242b80c40b4475c05333a56e4b3f4d492696a92bf9883f34ff39ea8379,bloodmnist_demo,1729,test,4,4,1.1205703832090563,0.0,-10000000000.0,0.0,-10000000000.0,0.0,-10000000000.0,0.0,-10000000000.0,1.0,0.0,0.0,-10000000000.0
bloodmnist:test:1596,dcf17982f9738945cd49cd7c2b3115f1591577f4498943e23159f268eab89462,bloodmnist_demo,1729,test,5,4,1.1205703832090563,0.0,-10000000000.0,0.0,-10000000000.0,0.0,-10000000000.0,0.0,-10000000000.0,1.0,0.0,0.0,-10000000000.0
bloodmnist:test:1598,bff01848f0ce6caad5c9b7df37f890b0e0219d96a07dd16c547508137f7ae479,bloodmnist_demo,1729,test,4,4,1.1205703832090563,0.0,-10000000000.0,0.0,-10000000000.0,0.0,-10000000000.0,0.0,-10000000000.0,1.0,0.0,0.0,-10000000000.0
bloodmnist:test:1599,0a88b19f0829b270be77696e1257cc619cf0407173ac5f007d89dafb62c8198c,bloodmnist_demo,1729,test,3,4,1.1205703832090563,0.0,-10000000000.0,0.0,-10000000000.0,0.0,-10000000000.0,0.0,-10000000000.0,1.0,0.0,0.0,-10000000000.0
bloodmnist:test:1600,be5c0d1dce4a66af03c422749ef0ee800285d15560ea20cc227a2997772e2502,bloodmnist_demo,1729,test,4,4,1.1205703832090563,0.0,-10000000000.0,0.0,-10000000000.0,0.0,-10000000000.0,0.0,-10000000000.0,1.0,0.0,0.0,-10000000000.0
bloodmnist:test:1602,9e2d99c33b5d4462b7bb38d4c8ade877605c5c4f2dd2455f69de50ae819d9a7c,bloodmnist_demo,1729,test,2,4,1.1205703832090563,0.0,-10000000000.0,0.0,-10000000000.0,0.0,-10000000000.0,0.0,-10000000000.0,1.0,0.0,0.0,-10000000000.0
bloodmnist:test:1603,1f65e7f6c54b92892e9ccc3b4d6fe4e297a98c07a1f99f3c5fbe27cbb1bdde72,bloodmnist_demo,1729,test,5,4,1.1205703832090563,0.0,-10000000000.0,0.0,-10000000000.0,0.0,-10000000000.0,0.0,-10000000000.0,1.0,0.0,0.0,-10000000000.0
bloodmnist:test:1604,a99c13bdc0252171a1d08f19ada416f02db7699ca81aca6e9abe15dd36202a79,bloodmnist_demo,1729,test,1,4,1.1205703832090563,0.0,-10000000000.0,0.0,-10000000000.0,0.0,-10000000000.0,0.0,-10000000000.0,1.0,0.0,0.0,-10000000000.0
bloodmnist:test:1605,2666a6ee208f84110dff92f64dedc8611a2078e7a5d8ad30b99070ce8fd028bb,bloodmnist_demo,1729,test,5,4,1.1205703832090563,0.0,-10000000000.0,0.0,-10000000000.0,0.0,-10000000000.0,0.0,-10000000000.0,1.0,0.0,0.0,-10000000000.0
bloodmnist:test:1606,6805157009c065801e2b76175c17491c60781212c11eb9a0a76c3b2e3a3c1388,bloodmnist_demo,1729,test,4,4,1.1205703832090563,0.0,-10000000000.0,0.0,-10000000000.0,0.0,-10000000000.0,0.0,-10000000000.0,1.0,0.0,0.0,-10000000000.0
bloodmnist:test:1607,0bd4b3327b7f7ca443a1aa07e17b24043b62296cf925913760d5262c493949b7,bloodmnist_demo,1729,test,0,4,1.1205703832090563,0.0,-10000000000.0,0.0,-10000000000.0,0.0,-10000000000.0,0.0,-10000000000.0,1.0,0.0,0.0,-10000000000.0
bloodmnist:test:1608,29a2136875dd97c59da240e00d731c16c4cc4a4db3264b4b886eb037015a6915,bloodmnist_demo,1729,test,3,4,1.1205703832090563,0.0,-10000000000.0,0.0,-10000000000.0,0.0,-10000000000.0,0.0,-10000000000.0,1.0,0.0,0.0,-10000000000.0
bloodmnist:test:1609,41ab27050d137dbc64d983ad20975583d89785fe1be8f749be889e07c8f98a1a,bloodmnist_demo,1729,test,1,4,1.1205703832090563,0.0,-10000000000.0,0.0,-10000000000.0,0.0,-10000000000.0,0.0,-10000000000.0,1.0,0.0,0.0,-10000000000.0
bloodmnist:test:1612,29a093f332cd64735c70ef9f8c595e13c4369cd214d027c55bee11c834ca43e7,bloodmnist_demo,1729,test,1,4,1.1205703832090563,0.0,-10000000000.0,0.0,-10000000000.0,0.0,-10000000000.0,0.0,-10000000000.0,1.0,0.0,0.0,-10000000000.0
bloodmnist:test:1613,91466f0778d5e9e1cd0b8bf14d0b570f757ea6cd0e391d3aa00c595ab753e88e,bloodmnist_demo,1729,test,5,4,1.1205703832090563,0.0,-10000000000.0,0.0,-10000000000.0,0.0,-10000000000.0,0.0,-10000000000.0,1.0,0.0,0.0,-10000000000.0
bloodmnist:test:1614,7b811263849f828d05a09dd1765638507c55f0d29c6bbbd949eed41953fce53d,bloodmnist_demo,1729,test,5,4,1.1205703832090563,0.0,-10000000000.0,0.0,-10000000000.0,0.0,-10000000000.0,0.0,-10000000000.0,1.0,0.0,0.0,-10000000000.0
bloodmnist:test:1616,0af39ce2dc55399bbd7d42e862360adc4de31e2efa9b8953d28df397f6f12c67,bloodmnist_demo,1729,test,2,4,1.1205703832090563,0.0,-10000000000.0,0.0,-10000000000.0,0.0,-10000000000.0,0.0,-10000000000.0,1.0,0.0,0.0,-10000000000.0
bloodmnist:test:1617,b12007659d9311b721a4b2997ebde62d90c304a90ab0a170cbc0aac85c6ef0a3,bloodmnist_demo,1729,test,0,4,1.1205703832090563,0.0,-10000000000.0,0.0,-10000000000.0,0.0,-10000000000.0,0.0,-10000000000.0,1.0,0.0,0.0,-10000000000.0
bloodmnist:test:1618,3cac17247b7a0f0d6beeee5fedfa2ffcc43ec65e0abc84352a6cf30429edc17e,bloodmnist_demo,1729,test,5,4,1.1205703832090563,0.0,-10000000000.0,0.0,-10000000000.0,0.0,-10000000000.0,0.0,-10000000000.0,1.0,0.0,0.0,-10000000000.0
bloodmnist:test:1619,675cf98037993d279f0e8cb631a0c5d0eb9736dd1e4dffc684255f2ff7fd7bc0,bloodmnist_demo,1729,test,0,4,1.1205703832090563,0.0,-10000000000.0,0.0,-10000000000.0,0.0,-10000000000.0,0.0,-10000000000.0,1.0,0.0,0.0,-10000000000.0
bloodmnist:test:1620,17df14305b88366bb47fd1abe01549e3a7c57cb113b1895280646404e34942e9,bloodmnist_demo,1729,test,2,4,1.1205703832090563,0.0,-10000000000.0,0.0,-10000000000.0,0.0,-10000000000.0,0.0,-10000000000.0,1.0,0.0,0.0,-10000000000.0
bloodmnist:test:1621,e087d360606649c445be896e840b944e32f06267e106beea5e78389c7b5fd3d8,bloodmnist_demo,1729,test,1,4,1.1205703832090563,0.0,-10000000000.0,0.0,-10000000000.0,0.0,-10000000000.0,0.0,-10000000000.0,1.0,0.0,0.0,-10000000000.0
bloodmnist:test:1622,e50e4c4970eb7124e6a0a77cf9193116033c04441e58e1118eb1d2a32c8522b8,bloodmnist_demo,1729,test,1,4,1.1205703832090563,0.0,-10000000000.0,0.0,-10000000000.0,0.0,-10000000000.0,0.0,-10000000000.0,1.0,0.0,0.0,-10000000000.0
bloodmnist:test:1624,b001f63b83276ec6d7b7bab4f39fa87d279b70b42119d92efa65437411abfe06,bloodmnist_demo,1729,test,5,4,1.1205703832090563,0.0,-10000000000.0,0.0,-10000000000.0,0.0,-10000000000.0,0.0,-10000000000.0,1.0,0.0,0.0,-10000000000.0
bloodmnist:test:1625,ae6d054f27a1c7fc7496f8e11d25a13276bd7ebb5d44d51e22dd3b3eb471e319,bloodmnist_demo,1729,test,1,4,1.1205703832090563,0.0,-10000000000.0,0.0,-10000000000.0,0.0,-10000000000.0,0.0,-10000000000.0,1.0,0.0,0.0,-10000000000.0
bloodmnist:test:1626,5ae7f6aeab0f1cb3586b5dbbed951ba3958219003f50a24e6d4664dd7e566091,bloodmnist_demo,1729,test,1,4,1.1205703832090563,0.0,-10000000000.0,0.0,-10000000000.0,0.0,-10000000000.0,0.0,-10000000000.0,1.0,0.0,0.0,-10000000000.0
bloodmnist:test:1627,dba1f146e7360a2f5804c3e203367a84eac4e4736462a80a30c6fb0507292084,bloodmnist_demo,1729,test,4,4,1.1205703832090563,0.0,-10000000000.0,0.0,-10000000000.0,0.0,-10000000000.0,0.0,-10000000000.0,1.0,0.0,0.0,-10000000000.0
bloodmnist:test:1628,9d59ba209bbaf91e1b20e2463bec4208ceb976fe9bf837f289b406fa841f5937,bloodmnist_demo,1729,test,5,4,1.1205703832090563,0.0,-10000000000.0,0.0,-10000000000.0,0.0,-10000000000.0,0.0,-10000000000.0,1.0,0.0,0.0,-10000000000.0
bloodmnist:test:1629,5bf97fb9f0a1c512d68fbf2592538caeea8dadd80cec31ec4ac6f1d6c508459f,bloodmnist_demo,1729,test,5,4,1.1205703832090563,0.0,-10000000000.0,0.0,-10000000000.0,0.0,-10000000000.0,0.0,-10000000000.0,1.0,0.0,0.0,-10000000000.0
bloodmnist:test:1630,6049f011a07d763b451980e1a24e7a2dc27ff2f462353996662cd13fe9dc573a,bloodmnist_demo,1729,test,0,4,1.1205703832090563,0.0,-10000000000.0,0.0,-10000000000.0,0.0,-10000000000.0,0.0,-10000000000.0,1.0,0.0,0.0,-10000000000.0
bloodmnist:test:1631,851fb02df37f49185b8f9d4566867a4de48e9f508237bd624990ba11fa8e0818,bloodmnist_demo,1729,test,4,4,1.1205703832090563,0.0,-10000000000.0,0.0,-10000000000.0,0.0,-10000000000.0,0.0,-10000000000.0,1.0,0.0,0.0,-10000000000.0
bloodmnist:test:1632,b35e24ef0d36bf9aa9f5f48250e955bbc216385aa1907dbf8dd74729ca4ba824,bloodmnist_demo,1729,test,1,4,1.1205703832090563,0.0,-10000000000.0,0.0,-10000000000.0,0.0,-10000000000.0,0.0,-10000000000.0,1.0,0.0,0.0,-10000000000.0
bloodmnist:test:1633,312c80f39e604a9272dafb8fa785b601aba513c0165fd6d242399f464b08c0ee,bloodmnist_demo,1729,test,3,4,1.1205703832090563,0.0,-10000000000.0,0.0,-10000000000.0,0.0,-10000000000.0,0.0,-10000000000.0,1.0,0.0,0.0,-10000000000.0
bloodmnist:test:1634,8e308b9f1b7fcb51d376f8c414e31c4ed01bd478e99562cf8e6c5af4cbc984e5,bloodmnist_demo,1729,test,1,4,1.1205703832090563,0.0,-10000000000.0,0.0,-10000000000.0,0.0,-10000000000.0,0.0,-10000000000.0,1.0,0.0,0.0,-10000000000.0
bloodmnist:test:1637,72853a94ff02b17d0dc15dfa39ef463a4f8a60182c18c5306a08b0652032d6e8,bloodmnist_demo,1729,test,3,4,1.1205703832090563,0.0,-10000000000.0,0.0,-10000000000.0,0.0,-10000000000.0,0.0,-10000000000.0,1.0,0.0,0.0,-10000000000.0
bloodmnist:test:1639,93a6272471d5f85c75fddc6cd3f9becece081bb99a2e97084f17d1aeeecb10d2,bloodmnist_demo,1729,test,4,4,1.1205703832090563,0.0,-10000000000.0,0.0,-10000000000.0,0.0,-10000000000.0,0.0,-10000000000.0,1.0,0.0,0.0,-10000000000.0
bloodmnist:test:1640,9c49c5924f5a625fee35aba43ac56d6013d4f71d08c1e70be756bbc8e488309f,bloodmnist_demo,1729,test,3,4,1.1205703832090563,0.0,-10000000000.0,0.0,-10000000000.0,0.0,-10000000000.0,0.0,-10000000000.0,1.0,0.0,0.0,-10000000000.0
bloodmnist:test:1641,01a13e7e005e8970e6f55d79745a498384c4d8033e58c367a814c3607223df1a,bloodmnist_demo,1729,test,5,4,1.1205703832090563,0.0,-10000000000.0,0.0,-10000000000.0,0.0,-10000000000.0,0.0,-10000000000.0,1.0,0.0,0.0,-10000000000.0
bloodmnist:test:1643,d7ff8320e57b51379a4ad4579db4d9f448b1f96f220a70a8d3ea52da1b1b66f1,bloodmnist_demo,1729,test,4,4,1.1205703832090563,0.0,-10000000000.0,0.0,-10000000000.0,0.0,-10000000000.0,0.0,-10000000000.0,1.0,0.0,0.0,-10000000000.0
bloodmnist:test:1644,18af5487f1947a7cf8661d241b9589a54d29a9c75d329a1e266b2fdc808aa8d8,bloodmnist_demo,1729,test,2,4,1.1205703832090563,0.0,-10000000000.0,0.0,-10000000000.0,0.0,-10000000000.0,0.0,-10000000000.0,1.0,0.0,0.0,-10000000000.0
bloodmnist:test:1645,04ea1136a811c0ceeffb10491b1bd45da73ff95300b41d144d0b8dbda0318df9,bloodmnist_demo,1729,test,4,4,1.1205703832090563,0.0,-10000000000.0,0.0,-10000000000.0,0.0,-10000000000.0,0.0,-10000000000.0,1.0,0.0,0.0,-10000000000.0
bloodmnist:test:1646,108b413bdfcb61d220221d1b680fd1fad24bd39411c8087f943fd5f2bafd9a40,bloodmnist_demo,1729,test,5,4,1.1205703832090563,0.0,-10000000000.0,0.0,-10000000000.0,0.0,-10000000000.0,0.0,-10000000000.0,1.0,0.0,0.0,-10000000000.0
bloodmnist:test:1648,6bded09906fe0f11576dffb0cb5b08518898d966ee71fa2d133323871c0de2c5,bloodmnist_demo,1729,test,1,4,1.1205703832090563,0.0,-10000000000.0,0.0,-10000000000.0,0.0,-10000000000.0,0.0,-10000000000.0,1.0,0.0,0.0,-10000000000.0
bloodmnist:test:1649,3fbd387954eaddae0c6c67becb925df1582411e422cdb6e96a5b7132c140df0b,bloodmnist_demo,1729,test,1,4,1.1205703832090563,0.0,-10000000000.0,0.0,-10000000000.0,0.0,-10000000000.0,0.0,-10000000000.0,1.0,0.0,0.0,-10000000000.0
bloodmnist:test:1650,d9a7733af5176b5ca484e299cb65de4d3d90e5901a50db90e4e8b40bd7850e6e,bloodmnist_demo,1729,test,4,4,1.1205703832090563,0.0,-10000000000.0,0.0,-10000000000.0,0.0,-10000000000.0,0.0,-10000000000.0,1.0,0.0,0.0,-10000000000.0
bloodmnist:test:1651,133bb6e0532224e9cfd0c4f8191696c8c50ccf2553c3029272dcf167eccb01ba,bloodmnist_demo,1729,test,4,4,1.1205703832090563,0.0,-10000000000.0,0.0,-10000000000.0,0.0,-10000000000.0,0.0,-10000000000.0,1.0,0.0,0.0,-10000000000.0
bloodmnist:test:1652,1f0b0b7d599daae92b44eec52ad5d35135694056ec77ed690148598fb7d7b42e,bloodmnist_demo,1729,test,1,4,1.1205703832090563,0.0,-10000000000.0,0.0,-10000000000.0,0.0,-10000000000.0,0.0,-10000000000.0,1.0,0.0,0.0,-10000000000.0
bloodmnist:test:1653,a8950af04e36a5ab12884948d79508c4af834735d67cc5047705e6e37540425d,bloodmnist_demo,1729,test,2,4,1.1205703832090563,0.0,-10000000000.0,0.0,-10000000000.0,0.0,-10000000000.0,0.0,-10000000000.0,1.0,0.0,0.0,-10000000000.0
bloodmnist:test:1654,83b4cc89bfca714f076918a2fbe4c97e0cc5515609f270ad398e21b8f1a52c80,bloodmnist_demo,1729,test,0,4,1.1205703832090563,0.0,-10000000000.0,0.0,-10000000000.0,0.0,-10000000000.0,0.0,-10000000000.0,1.0,0.0,0.0,-10000000000.0
bloodmnist:test:1655,e9028becd763d7b9752f225fd1cb238063bbf3a8edd5c13d54dc8a729d3deaed,bloodmnist_demo,1729,test,2,4,1.1205703832090563,0.0,-10000000000.0,0.0,-10000000000.0,0.0,-10000000000.0,0.0,-10000000000.0,1.0,0.0,0.0,-10000000000.0
bloodmnist:test:1656,89bd2edabc270c4490d343ff5c756c67d3df136b19d9cca460b68dcd63b5feed,bloodmnist_demo,1729,test,1,4,1.1205703832090563,0.0,-10000000000.0,0.0,-10000000000.0,0.0,-10000000000.0,0.0,-10000000000.0,1.0,0.0,0.0,-10000000000.0
bloodmnist:test:1657,39f952cad5db28e20603215b2b9fe2457a89c7c61f20dedd3b1ad225aedd0481,bloodmnist_demo,1729,test,4,4,1.1205703832090563,0.0,-10000000000.0,0.0,-10000000000.0,0.0,-10000000000.0,0.0,-10000000000.0,1.0,0.0,0.0,-10000000000.0
bloodmnist:test:1658,8e39902246c604b5cda06eb770fc647bb8ece33cb6e4882bbd38a0fce51d74f0,bloodmnist_demo,1729,test,4,4,1.1205703832090563,0.0,-10000000000.0,0.0,-10000000000.0,0.0,-10000000000.0,0.0,-10000000000.0,1.0,0.0,0.0,-10000000000.0
bloodmnist:test:1659,70b91f6339e3735c2f9c8f46bc8d0647420484df1a422b508e8197f28fe3eae3,bloodmnist_demo,1729,test,0,4,1.1205703832090563,0.0,-10000000000.0,0.0,-10000000000.0,0.0,-10000000000.0,0.0,-10000000000.0,1.0,0.0,0.0,-10000000000.0
bloodmnist:test:1660,53ff3b363ee29804e42bae340f174477255a8dc4ab634bd5b3381a186b0b1907,bloodmnist_demo,1729,test,3,4,1.1205703832090563,0.0,-10000000000.0,0.0,-10000000000.0,0.0,-10000000000.0,0.0,-10000000000.0,1.0,0.0,0.0,-10000000000.0
bloodmnist:test:1661,1a3bf040a706eba82990aeeb3bc0ddccb046fccfbadf51c34e2f2fe1a79bb048,bloodmnist_demo,1729,test,4,4,1.1205703832090563,0.0,-10000000000.0,0.0,-10000000000.0,0.0,-10000000000.0,0.0,-10000000000.0,1.0,0.0,0.0,-10000000000.0
bloodmnist:test:1662,2c4044f6de364a877168201ee0bd1bb13ec2d46c35ecc1738257ca9b5df19919,bloodmnist_demo,1729,test,0,4,1.1205703832090563,0.0,-10000000000.0,0.0,-10000000000.0,0.0,-10000000000.0,0.0,-10000000000.0,1.0,0.0,0.0,-10000000000.0
bloodmnist:test:1663,af754f35bf13cdd188fd986c8fddb5c060df38efdd7691e581425ac42ead5420,bloodmnist_demo,1729,test,5,4,1.1205703832090563,0.0,-10000000000.0,0.0,-10000000000.0,0.0,-10000000000.0,0.0,-10000000000.0,1.0,0.0,0.0,-10000000000.0
bloodmnist:test:1664,1dba085a565e8ef3008a9a372ef924ff7fb4af6e8011ded0a44d78bb71302667,bloodmnist_demo,1729,test,3,4,1.1205703832090563,0.0,-10000000000.0,0.0,-10000000000.0,0.0,-10000000000.0,0.0,-10000000000.0,1.0,0.0,0.0,-10000000000.0
bloodmnist:test:1666,5be12d5887647432d7004ac296a6590a8fbd61d8c370edc2ac1b2d0720d43bd2,bloodmnist_demo,1729,test,1,4,1.1205703832090563,0.0,-10000000000.0,0.0,-10000000000.0,0.0,-10000000000.0,0.0,-10000000000.0,1.0,0.0,0.0,-10000000000.0
bloodmnist:test:1667,b38248561b5876431623bab8c611fba45442a363d3ff5448f0b4f26976c01c21,bloodmnist_demo,1729,test,2,4,1.1205703832090563,0.0,-10000000000.0,0.0,-10000000000.0,0.0,-10000000000.0,0.0,-10000000000.0,1.0,0.0,0.0,-10000000000.0
bloodmnist:test:1670,32ba488553a314866789c3bf4fd3a4b4952f0a596b964b37e8523d7e65a267fa,bloodmnist_demo,1729,test,5,4,1.1205703832090563,0.0,-10000000000.0,0.0,-10000000000.0,0.0,-10000000000.0,0.0,-10000000000.0,1.0,0.0,0.0,-10000000000.0
bloodmnist:test:1671,2c8cef1b5e1b4975900b0714e00bacdf87f5b7186865d0b07aa71da8492be8cd,bloodmnist_demo,1729,test,1,4,1.1205703832090563,0.0,-10000000000.0,0.0,-10000000000.0,0.0,-10000000000.0,0.0,-10000000000.0,1.0,0.0,0.0,-10000000000.0
bloodmnist:test:1672,188c1eafe009fb9de4cb17d6b2169e0a396d37ab0298a43c896ac4062717e6b3,bloodmnist_demo,1729,test,1,4,1.1205703832090563,0.0,-10000000000.0,0.0,-10000000000.0,0.0,-10000000000.0,0.0,-10000000000.0,1.0,0.0,0.0,-10000000000.0
bloodmnist:test:1675,a2b0b594661e428f718599e5be2273fa6e3e417ebd80fef59dd28cf0a9708660,bloodmnist_demo,1729,test,4,4,1.1205703832090563,0.0,-10000000000.0,0.0,-10000000000.0,0.0,-10000000000.0,0.0,-10000000000.0,1.0,0.0,0.0,-10000000000.0
bloodmnist:test:1677,9f919e55fa753550abbf741204bcbd46b82a638e714522dde9fd6779da526a33,bloodmnist_demo,1729,test,1,4,1.1205703832090563,0.0,-10000000000.0,0.0,-10000000000.0,0.0,-10000000000.0,0.0,-10000000000.0,1.0,0.0,0.0,-10000000000.0
bloodmnist:test:1678,42f72e6de39e5109830833a2ce1b60d64db94e6ccf3696613f59f1d9ac0e8c03,bloodmnist_demo,1729,test,5,4,1.1205703832090563,0.0,-10000000000.0,0.0,-10000000000.0,0.0,-10000000000.0,0.0,-10000000000.0,1.0,0.0,0.0,-10000000000.0
bloodmnist:test:1679,ed8d524913f344a43ddf14ce35f1ca66b8ef5b243bcf9df219bfd9a37dd22d7f,bloodmnist_demo,1729,test,1,4,1.1205703832090563,0.0,-10000000000.0,0.0,-10000000000.0,0.0,-10000000000.0,0.0,-10000000000.0,1.0,0.0,0.0,-10000000000.0
bloodmnist:test:1680,f93ca155f3feb1a46190b77c42406b64f0a0cb4b91fcda0a7a3fc6930fbe0cfa,bloodmnist_demo,1729,test,1,4,1.1205703832090563,0.0,-10000000000.0,0.0,-10000000000.0,0.0,-10000000000.0,0.0,-10000000000.0,1.0,0.0,0.0,-10000000000.0
bloodmnist:test:1681,1458e84f58820881c83c62168f839b6af2729af43350067602d534b364e4415b,bloodmnist_demo,1729,test,4,4,1.1205703832090563,0.0,-10000000000.0,0.0,-10000000000.0,0.0,-10000000000.0,0.0,-10000000000.0,1.0,0.0,0.0,-10000000000.0
bloodmnist:test:1683,9ab74a5fcc3f274f4997427b2a0130f668a88ef5a92a52fad13071294a6408fb,bloodmnist_demo,1729,test,1,4,1.1205703832090563,0.0,-10000000000.0,0.0,-10000000000.0,0.0,-10000000000.0,0.0,-10000000000.0,1.0,0.0,0.0,-10000000000.0
bloodmnist:test:1684,bb8fab1af01ace1fabd2e406e5fef9e38dc93499e6c69edaa75cd2f4817b0155,bloodmnist_demo,1729,test,4,4,1.1205703832090563,0.0,-10000000000.0,0.0,-10000000000.0,0.0,-10000000000.0,0.0,-10000000000.0,1.0,0.0,0.0,-10000000000.0
bloodmnist:test:1686,597e4dd3bb6889064f8980b4aa40ec3b179cdbf8e233f7558ba57de273237b6d,bloodmnist_demo,1729,test,4,4,1.1205703832090563,0.0,-10000000000.0,0.0,-10000000000.0,0.0,-10000000000.0,0.0,-10000000000.0,1.0,0.0,0.0,-10000000000.0
bloodmnist:test:1687,501b6960e7d9f58aa2d0d139775c1ef4c3326b6c3d4a01841f53366a15eac271,bloodmnist_demo,1729,test,0,4,1.1205703832090563,0.0,-10000000000.0,0.0,-10000000000.0,0.0,-10000000000.0,0.0,-10000000000.0,1.0,0.0,0.0,-10000000000.0
bloodmnist:test:1688,023baecd0f60d66bf08362207b84e816dab63e2c47c8acf958f06581df4ca76c,bloodmnist_demo,1729,test,2,4,1.1205703832090563,0.0,-10000000000.0,0.0,-10000000000.0,0.0,-10000000000.0,0.0,-10000000000.0,1.0,0.0,0.0,-10000000000.0
bloodmnist:test:1689,c5b4c4b77aa40c3863a4278947dc2a052d588c9f641856013972363ea79aa581,bloodmnist_demo,1729,test,3,4,1.1205703832090563,0.0,-10000000000.0,0.0,-10000000000.0,0.0,-10000000000.0,0.0,-10000000000.0,1.0,0.0,0.0,-10000000000.0
bloodmnist:test:1691,dbbc4a24b57abb12215990ee75f2a887c31e5006a80febc13e96a8a4bf28ee8a,bloodmnist_demo,1729,test,4,4,1.1205703832090563,0.0,-10000000000.0,0.0,-10000000000.0,0.0,-10000000000.0,0.0,-10000000000.0,1.0,0.0,0.0,-10000000000.0
bloodmnist:test:1692,8517672ad505077c632142ebe2ef1f86ffa878a8a4bd9821d4a5c94348b1264e,bloodmnist_demo,1729,test,3,4,1.1205703832090563,0.0,-10000000000.0,0.0,-10000000000.0,0.0,-10000000000.0,0.0,-10000000000.0,1.0,0.0,0.0,-10000000000.0
bloodmnist:test:1694,a67941172bee371520fdb3533f62f21c642aaf017c97861fa7198608561032ff,bloodmnist_demo,1729,test,0,4,1.1205703832090563,0.0,-10000000000.0,0.0,-10000000000.0,0.0,-10000000000.0,0.0,-10000000000.0,1.0,0.0,0.0,-10000000000.0
bloodmnist:test:1696,bf95d4a58dd188cae1a2960074338e265773f6df16d9c34e7e9c93fac23ab174,bloodmnist_demo,1729,test,4,4,1.1205703832090563,0.0,-10000000000.0,0.0,-10000000000.0,0.0,-10000000000.0,0.0,-10000000000.0,1.0,0.0,0.0,-10000000000.0
bloodmnist:test:1698,fc39981098be7234ee50d40e58d869b03a32719077504b22f053e59f8afb08f4,bloodmnist_demo,1729,test,2,4,1.1205703832090563,0.0,-10000000000.0,0.0,-10000000000.0,0.0,-10000000000.0,0.0,-10000000000.0,1.0,0.0,0.0,-10000000000.0
bloodmnist:test:1701,b2e53a80952251b63455e237d0373f15546a89f46492a8af0c81fc71b55128d4,bloodmnist_demo,1729,test,1,4,1.1205703832090563,0.0,-10000000000.0,0.0,-10000000000.0,0.0,-10000000000.0,0.0,-10000000000.0,1.0,0.0,0.0,-10000000000.0
bloodmnist:test:1702,1cb2c1c81db5ac5af25063c8872e7e12e5e990e67c234695b4fa89e669ce15f4,bloodmnist_demo,1729,test,1,4,1.1205703832090563,0.0,-10000000000.0,0.0,-10000000000.0,0.0,-10000000000.0,0.0,-10000000000.0,1.0,0.0,0.0,-10000000000.0
bloodmnist:test:1704,6ae35165064a9efa378b06c8c077fba6d1996d3c5de8b1ad2fd2228203c76722,bloodmnist_demo,1729,test,4,4,1.1205703832090563,0.0,-10000000000.0,0.0,-10000000000.0,0.0,-10000000000.0,0.0,-10000000000.0,1.0,0.0,0.0,-10000000000.0
bloodmnist:test:1705,6dda893e81be30d7c4be014a4d9992fd3125f1408d21cafb3335e4f42b8fd8e2,bloodmnist_demo,1729,test,5,4,1.1205703832090563,0.0,-10000000000.0,0.0,-10000000000.0,0.0,-10000000000.0,0.0,-10000000000.0,1.0,0.0,0.0,-10000000000.0
bloodmnist:test:1706,2c25de1657dde2f449a8166eff539df2be54b918e191f7450b25f8d050b662da,bloodmnist_demo,1729,test,1,4,1.1205703832090563,0.0,-10000000000.0,0.0,-10000000000.0,0.0,-10000000000.0,0.0,-10000000000.0,1.0,0.0,0.0,-10000000000.0
bloodmnist:test:1708,b6aaa7bea4635f7706ee114cc2ba9001531095108241579daee4712f4a51e35b,bloodmnist_demo,1729,test,5,4,1.1205703832090563,0.0,-10000000000.0,0.0,-10000000000.0,0.0,-10000000000.0,0.0,-10000000000.0,1.0,0.0,0.0,-10000000000.0
bloodmnist:test:1709,deb3b7065edda33b176a1132fe241b9f1023df60d814f0fea98d9cbfcf96f26f,bloodmnist_demo,1729,test,5,4,1.1205703832090563,0.0,-10000000000.0,0.0,-10000000000.0,0.0,-10000000000.0,0.0,-10000000000.0,1.0,0.0,0.0,-10000000000.0
bloodmnist:test:1710,d33493206012488385c13ac0c50ed6375d9fb92c1d60c9962a1c1e8238d35177,bloodmnist_demo,1729,test,3,4,1.1205703832090563,0.0,-10000000000.0,0.0,-10000000000.0,0.0,-10000000000.0,0.0,-10000000000.0,1.0,0.0,0.0,-10000000000.0
bloodmnist:test:1711,f7d7dae901e16bb64e095c390bdbd0321cbdcec4414a6b5c9ce99d1b6a60db8b,bloodmnist_demo,1729,test,2,4,1.1205703832090563,0.0,-10000000000.0,0.0,-10000000000.0,0.0,-10000000000.0,0.0,-10000000000.0,1.0,0.0,0.0,-10000000000.0
bloodmnist:test:1712,1b0739fc1054bfcc20d5c213df282b28321f01bb276bf150f059b48598256c47,bloodmnist_demo,1729,test,2,4,1.1205703832090563,0.0,-10000000000.0,0.0,-10000000000.0,0.0,-10000000000.0,0.0,-10000000000.0,1.0,0.0,0.0,-10000000000.0
bloodmnist:test:1713,deb16d910e6188954c506fe4189b1ee78d83b41fadea257673c77b53e78de127,bloodmnist_demo,1729,test,4,4,1.1205703832090563,0.0,-10000000000.0,0.0,-10000000000.0,0.0,-10000000000.0,0.0,-10000000000.0,1.0,0.0,0.0,-10000000000.0
bloodmnist:test:1714,4a3f7d2f7730468fa09844272a9d70289a37f692e4ca55f94cf51c93768789f6,bloodmnist_demo,1729,test,1,4,1.1205703832090563,0.0,-10000000000.0,0.0,-10000000000.0,0.0,-10000000000.0,0.0,-10000000000.0,1.0,0.0,0.0,-10000000000.0
bloodmnist:test:1716,64a9665c688d3990bdf1d9e6d1b801ad875a505b0aa8555a897169ce9e19c6be,bloodmnist_demo,1729,test,1,4,1.1205703832090563,0.0,-10000000000.0,0.0,-10000000000.0,0.0,-10000000000.0,0.0,-10000000000.0,1.0,0.0,0.0,-10000000000.0
bloodmnist:test:1717,d4254d9b68b9a4cabea293e3557c0abfde6d63eb3df956ed086ae2eedaa581d8,bloodmnist_demo,1729,test,1,4,1.1205703832090563,0.0,-10000000000.0,0.0,-10000000000.0,0.0,-10000000000.0,0.0,-10000000000.0,1.0,0.0,0.0,-10000000000.0
bloodmnist:test:1719,bdc80e2c925026f4a8bbc186fe1dd5fb8c0d27c5eb793afe1b0001d677ccf2b5,bloodmnist_demo,1729,test,0,4,1.1205703832090563,0.0,-10000000000.0,0.0,-10000000000.0,0.0,-10000000000.0,0.0,-10000000000.0,1.0,0.0,0.0,-10000000000.0
bloodmnist:test:1721,fa58dbcf2b278ef676a12ad2809b5b929d84fee0adf180adcb6e59e5ced9fd9f,bloodmnist_demo,1729,test,4,4,1.1205703832090563,0.0,-10000000000.0,0.0,-10000000000.0,0.0,-10000000000.0,0.0,-10000000000.0,1.0,0.0,0.0,-10000000000.0
bloodmnist:test:1722,50a9ad7e37e0c24a06c65115d8654e0bf6fac98d4e000926c400859f0b42408d,bloodmnist_demo,1729,test,5,4,1.1205703832090563,0.0,-10000000000.0,0.0,-10000000000.0,0.0,-10000000000.0,0.0,-10000000000.0,1.0,0.0,0.0,-10000000000.0
bloodmnist:test:1723,87153ad5c57a5fb6fb8e75e0b3aef06aeb1a739a5f95a47142443a7f7b56eb9f,bloodmnist_demo,1729,test,4,4,1.1205703832090563,0.0,-10000000000.0,0.0,-10000000000.0,0.0,-10000000000.0,0.0,-10000000000.0,1.0,0.0,0.0,-10000000000.0
bloodmnist:test:1726,7ad75d4ef9b9286c0c98c3fbe17590caaa3d540fac1c01aab886f0ef204a4fe6,bloodmnist_demo,1729,test,4,4,1.1205703832090563,0.0,-10000000000.0,0.0,-10000000000.0,0.0,-10000000000.0,0.0,-10000000000.0,1.0,0.0,0.0,-10000000000.0
bloodmnist:test:1728,62624c88105947e8525124f87d055acf621b20c10e0adb6f0b22d346957a1e20,bloodmnist_demo,1729,test,2,4,1.1205703832090563,0.0,-10000000000.0,0.0,-10000000000.0,0.0,-10000000000.0,0.0,-10000000000.0,1.0,0.0,0.0,-10000000000.0
bloodmnist:test:1729,67876246ddffb6e913b042b02af20051f1bfd3e562581813ab4ff73cfe554f32,bloodmnist_demo,1729,test,1,4,1.1205703832090563,0.0,-10000000000.0,0.0,-10000000000.0,0.0,-10000000000.0,0.0,-10000000000.0,1.0,0.0,0.0,-10000000000.0
bloodmnist:test:1730,07c2ee625b1b2f52862c7c072caa5f14060350536543d62c5ff0ca31b8c8409d,bloodmnist_demo,1729,test,5,4,1.1205703832090563,0.0,-10000000000.0,0.0,-10000000000.0,0.0,-10000000000.0,0.0,-10000000000.0,1.0,0.0,0.0,-10000000000.0
bloodmnist:test:1732,42cf985644c6bae10a7a9489d826880fa5b70eea7c33aa3ab09e43031ca8835e,bloodmnist_demo,1729,test,1,4,1.1205703832090563,0.0,-10000000000.0,0.0,-10000000000.0,0.0,-10000000000.0,0.0,-10000000000.0,1.0,0.0,0.0,-10000000000.0
bloodmnist:test:1734,fd400f3a0dd04356c0ccdab35223d848fbf57f8200fbdf6cb3adf8f73c89a12b,bloodmnist_demo,1729,test,5,4,1.1205703832090563,0.0,-10000000000.0,0.0,-10000000000.0,0.0,-10000000000.0,0.0,-10000000000.0,1.0,0.0,0.0,-10000000000.0
bloodmnist:test:1735,4ba37d78746f8352a4bc75ec447839624f0f056c9ae6f13d9404e070df4c5b59,bloodmnist_demo,1729,test,4,4,1.1205703832090563,0.0,-10000000000.0,0.0,-10000000000.0,0.0,-10000000000.0,0.0,-10000000000.0,1.0,0.0,0.0,-10000000000.0
bloodmnist:test:1736,7e3be97ecf5d972a18ba10e640ef6dc57e90181268e7c5bb9e9e68bbda3c55c4,bloodmnist_demo,1729,test,5,4,1.1205703832090563,0.0,-10000000000.0,0.0,-10000000000.0,0.0,-10000000000.0,0.0,-10000000000.0,1.0,0.0,0.0,-10000000000.0
bloodmnist:test:1739,0d1151200ee0cd70e76aa84571c6cd856a7f4158fa3af711bd6e176526ab4737,bloodmnist_demo,1729,test,5,4,1.1205703832090563,0.0,-10000000000.0,0.0,-10000000000.0,0.0,-10000000000.0,0.0,-10000000000.0,1.0,0.0,0.0,-10000000000.0
bloodmnist:test:1740,bb6fa051b8696403b1cdadee2e5a0518f83339116801453e146ce287824b4e0a,bloodmnist_demo,1729,test,4,4,1.1205703832090563,0.0,-10000000000.0,0.0,-10000000000.0,0.0,-10000000000.0,0.0,-10000000000.0,1.0,0.0,0.0,-10000000000.0
bloodmnist:test:1741,b46c8c80501486cd44db0c32b8243e1e42c13f3a9e4231e83328770c5701777f,bloodmnist_demo,1729,test,5,4,1.1205703832090563,0.0,-10000000000.0,0.0,-10000000000.0,0.0,-10000000000.0,0.0,-10000000000.0,1.0,0.0,0.0,-10000000000.0
bloodmnist:test:1742,39dd33d0f88d65b3f4c05df0b8eb27269f6e1861c28aed4ac6cf6a7857706e4b,bloodmnist_demo,1729,test,4,4,1.1205703832090563,0.0,-10000000000.0,0.0,-10000000000.0,0.0,-10000000000.0,0.0,-10000000000.0,1.0,0.0,0.0,-10000000000.0
bloodmnist:test:1743,2d9919df7fb87540a3faee423971ce572d71a3fe156790b5e7e238db025b5cb8,bloodmnist_demo,1729,test,0,4,1.1205703832090563,0.0,-10000000000.0,0.0,-10000000000.0,0.0,-10000000000.0,0.0,-10000000000.0,1.0,0.0,0.0,-10000000000.0
bloodmnist:test:1744,a9c1bdc2c49b4153c31913e3e9d0bdd0d2c71e558d18cb1d8947eff1efdc2d6a,bloodmnist_demo,1729,test,3,4,1.1205703832090563,0.0,-10000000000.0,0.0,-10000000000.0,0.0,-10000000000.0,0.0,-10000000000.0,1.0,0.0,0.0,-10000000000.0
bloodmnist:test:1745,67ca30cd558642c5f43d0c24697062652f4b7d74cd35e387154bfe6e3bff690d,bloodmnist_demo,1729,test,5,4,1.1205703832090563,0.0,-10000000000.0,0.0,-10000000000.0,0.0,-10000000000.0,0.0,-10000000000.0,1.0,0.0,0.0,-10000000000.0
bloodmnist:test:1746,097c83d3ab87cb191393c2628c98f5f258b3b9307d6a95e25b5337b1505f5489,bloodmnist_demo,1729,test,1,4,1.1205703832090563,0.0,-10000000000.0,0.0,-10000000000.0,0.0,-10000000000.0,0.0,-10000000000.0,1.0,0.0,0.0,-10000000000.0
bloodmnist:test:1747,f215993c42f4fab9cd8a97fd1a2a8d6b569439560c7d813be11894bdc7f6da71,bloodmnist_demo,1729,test,4,4,1.1205703832090563,0.0,-10000000000.0,0.0,-10000000000.0,0.0,-10000000000.0,0.0,-10000000000.0,1.0,0.0,0.0,-10000000000.0
bloodmnist:test:1748,381f87e681c07337c0018d04d54941502483c061ca92b2e9054a45e15b1c771b,bloodmnist_demo,1729,test,0,4,1.1205703832090563,0.0,-10000000000.0,0.0,-10000000000.0,0.0,-10000000000.0,0.0,-10000000000.0,1.0,0.0,0.0,-10000000000.0
bloodmnist:test:1749,1655a1cfc0e596b0ffba3e4e617297f089dde4d337f6f8334ece5969e0284188,bloodmnist_demo,1729,test,1,4,1.1205703832090563,0.0,-10000000000.0,0.0,-10000000000.0,0.0,-10000000000.0,0.0,-10000000000.0,1.0,0.0,0.0,-10000000000.0
bloodmnist:test:1750,c70fe7e77772da167a90aa47768a6df16df0fff2f3ec742bcde28611b1dfd2c8,bloodmnist_demo,1729,test,3,4,1.1205703832090563,0.0,-10000000000.0,0.0,-10000000000.0,0.0,-10000000000.0,0.0,-10000000000.0,1.0,0.0,0.0,-10000000000.0
bloodmnist:test:1751,83fe82de82fe99584b5f3039d1bd0ee7ccc117d72749ea34780997d4297f6bce,bloodmnist_demo,1729,test,0,4,1.1205703832090563,0.0,-10000000000.0,0.0,-10000000000.0,0.0,-10000000000.0,0.0,-10000000000.0,1.0,0.0,0.0,-10000000000.0
bloodmnist:test:1752,dbc850b1fdd7533532ff1cfbbf5a07b09b55641c2bd17356875866c91cb63f0a,bloodmnist_demo,1729,test,5,4,1.1205703832090563,0.0,-10000000000.0,0.0,-10000000000.0,0.0,-10000000000.0,0.0,-10000000000.0,1.0,0.0,0.0,-10000000000.0
bloodmnist:test:1753,105bd4c46a45a293dc246035b20994152be8f860df5fc25391394c8ca7a5842a,bloodmnist_demo,1729,test,5,4,1.1205703832090563,0.0,-10000000000.0,0.0,-10000000000.0,0.0,-10000000000.0,0.0,-10000000000.0,1.0,0.0,0.0,-10000000000.0
bloodmnist:test:1756,2113c2a97e2971fd49619d04cf61ce40b4a1f9038ae28790660a8c671cd871ef,bloodmnist_demo,1729,test,4,4,1.1205703832090563,0.0,-10000000000.0,0.0,-10000000000.0,0.0,-10000000000.0,0.0,-10000000000.0,1.0,0.0,0.0,-10000000000.0
bloodmnist:test:1757,cb1707f221d6c43ee5918f9ff716004f496cd261b1bc081456e6b59fc79c7968,bloodmnist_demo,1729,test,1,4,1.1205703832090563,0.0,-10000000000.0,0.0,-10000000000.0,0.0,-10000000000.0,0.0,-10000000000.0,1.0,0.0,0.0,-10000000000.0
bloodmnist:test:1759,4ebd8cc8170cf15351bb2e31db19af52b85f0d8f2f6092153ded2768773a4bc0,bloodmnist_demo,1729,test,4,4,1.1205703832090563,0.0,-10000000000.0,0.0,-10000000000.0,0.0,-10000000000.0,0.0,-10000000000.0,1.0,0.0,0.0,-10000000000.0
bloodmnist:test:1760,6e61652dd310bfe999a7a281eb0da157a58899bcf6b0fe898ddd23cd6398c907,bloodmnist_demo,1729,test,2,4,1.1205703832090563,0.0,-10000000000.0,0.0,-10000000000.0,0.0,-10000000000.0,0.0,-10000000000.0,1.0,0.0,0.0,-10000000000.0
bloodmnist:test:1761,20a1da17945db9c62fde4ae9e6f4084c6fbeebbadb1e076b8b800bd5c76339c3,bloodmnist_demo,1729,test,1,4,1.1205703832090563,0.0,-10000000000.0,0.0,-10000000000.0,0.0,-10000000000.0,0.0,-10000000000.0,1.0,0.0,0.0,-10000000000.0
bloodmnist:test:1762,9e76fc880db2cbdde2f9a176a126d6daad63bc4de2378d92f5d6b48847fc13c1,bloodmnist_demo,1729,test,4,4,1.1205703832090563,0.0,-10000000000.0,0.0,-10000000000.0,0.0,-10000000000.0,0.0,-10000000000.0,1.0,0.0,0.0,-10000000000.0
bloodmnist:test:1763,5f895fcc7f2150e9666fc9eeb8d30898b73b730f0abdff7518c6e9680d64cce3,bloodmnist_demo,1729,test,4,4,1.1205703832090563,0.0,-10000000000.0,0.0,-10000000000.0,0.0,-10000000000.0,0.0,-10000000000.0,1.0,0.0,0.0,-10000000000.0
bloodmnist:test:1764,850195f7c22450a4b9dacf389d0f27793f01d448ff484ba6ec2686f4cf0d29bc,bloodmnist_demo,1729,test,0,4,1.1205703832090563,0.0,-10000000000.0,0.0,-10000000000.0,0.0,-10000000000.0,0.0,-10000000000.0,1.0,0.0,0.0,-10000000000.0
bloodmnist:test:1765,da689fbc306897107329c0634e997055081124a1cf8ed0be47660ca950e8a662,bloodmnist_demo,1729,test,1,4,1.1205703832090563,0.0,-10000000000.0,0.0,-10000000000.0,0.0,-10000000000.0,0.0,-10000000000.0,1.0,0.0,0.0,-10000000000.0
bloodmnist:test:1766,e1a4ede3182177b6bc96fe478eafcc6dbb811a68bf152167c9b3b4bb2dadb744,bloodmnist_demo,1729,test,1,4,1.1205703832090563,0.0,-10000000000.0,0.0,-10000000000.0,0.0,-10000000000.0,0.0,-10000000000.0,1.0,0.0,0.0,-10000000000.0
bloodmnist:test:1767,780248ad54a158755b7e9940c41ca89e7060154bbe9ade94ab3f3d0b2e58b0b0,bloodmnist_demo,1729,test,1,4,1.1205703832090563,0.0,-10000000000.0,0.0,-10000000000.0,0.0,-10000000000.0,0.0,-10000000000.0,1.0,0.0,0.0,-10000000000.0
bloodmnist:test:1768,435a6060d7bb9cbf36f10c0b85ba096dc760ab51c59c62f60c93964a292d4bd5,bloodmnist_demo,1729,test,5,4,1.1205703832090563,0.0,-10000000000.0,0.0,-10000000000.0,0.0,-10000000000.0,0.0,-10000000000.0,1.0,0.0,0.0,-10000000000.0
bloodmnist:test:1770,c14ff994b0573cdd8e58b2c7f3cee21af7845e1c42fb946885569a3f0c2b297a,bloodmnist_demo,1729,test,1,4,1.1205703832090563,0.0,-10000000000.0,0.0,-10000000000.0,0.0,-10000000000.0,0.0,-10000000000.0,1.0,0.0,0.0,-10000000000.0
bloodmnist:test:1771,4c6aab57ab596ab1202d6da99b04ca7967874bfd547735ab7c4596189e9d5472,bloodmnist_demo,1729,test,4,4,1.1205703832090563,0.0,-10000000000.0,0.0,-10000000000.0,0.0,-10000000000.0,0.0,-10000000000.0,1.0,0.0,0.0,-10000000000.0
bloodmnist:test:1773,7de31d58f8e1f861a502a69f7ee1057fee4967e4a15b1b45f78357076ac56e83,bloodmnist_demo,1729,test,0,4,1.1205703832090563,0.0,-10000000000.0,0.0,-10000000000.0,0.0,-10000000000.0,0.0,-10000000000.0,1.0,0.0,0.0,-10000000000.0
bloodmnist:test:1774,3f8af9cc76bc93209f78c5d3184b5f83a2cb6fc0872862329f0baea239b453fe,bloodmnist_demo,1729,test,5,4,1.1205703832090563,0.0,-10000000000.0,0.0,-10000000000.0,0.0,-10000000000.0,0.0,-10000000000.0,1.0,0.0,0.0,-10000000000.0
bloodmnist:test:1775,641e5ce2ec19f21a90d227f5b900c6c07f104bc5b7e6ac766330d4cb7182decc,bloodmnist_demo,1729,test,1,4,1.1205703832090563,0.0,-10000000000.0,0.0,-10000000000.0,0.0,-10000000000.0,0.0,-10000000000.0,1.0,0.0,0.0,-10000000000.0
bloodmnist:test:1776,9c4b49ba49176d23ca5112b12aa7884f0745b4a799942ef5ddd84c7b46a84fbf,bloodmnist_demo,1729,test,4,4,1.1205703832090563,0.0,-10000000000.0,0.0,-10000000000.0,0.0,-10000000000.0,0.0,-10000000000.0,1.0,0.0,0.0,-10000000000.0
bloodmnist:test:1777,6262f3bf85dfd1ef5630d3aaa31be7bfb398db880a92f10a0540fc9e2806c3fc,bloodmnist_demo,1729,test,0,4,1.1205703832090563,0.0,-10000000000.0,0.0,-10000000000.0,0.0,-10000000000.0,0.0,-10000000000.0,1.0,0.0,0.0,-10000000000.0
bloodmnist:test:1778,39c65e12276e03dfcdc25484ecee3e10223d9cdd0f92c58a832d980e77bf4cdc,bloodmnist_demo,1729,test,1,4,1.1205703832090563,0.0,-10000000000.0,0.0,-10000000000.0,0.0,-10000000000.0,0.0,-10000000000.0,1.0,0.0,0.0,-10000000000.0
bloodmnist:test:1779,afe06b3fffbb8089ea8a2e1af7908abfe762e8be1557f88a5abba987535637dd,bloodmnist_demo,1729,test,1,4,1.1205703832090563,0.0,-10000000000.0,0.0,-10000000000.0,0.0,-10000000000.0,0.0,-10000000000.0,1.0,0.0,0.0,-10000000000.0
bloodmnist:test:1781,418b90a68b0b667367f558f8a4e6e57155a90fe44c1700cb7c2b1c6a9b47c39f,bloodmnist_demo,1729,test,4,4,1.1205703832090563,0.0,-10000000000.0,0.0,-10000000000.0,0.0,-10000000000.0,0.0,-10000000000.0,1.0,0.0,0.0,-10000000000.0
bloodmnist:test:1782,383017029f2fb76393b4997024d2fd53efbeae1d81df23d5684be6576e58426f,bloodmnist_demo,1729,test,4,4,1.1205703832090563,0.0,-10000000000.0,0.0,-10000000000.0,0.0,-10000000000.0,0.0,-10000000000.0,1.0,0.0,0.0,-10000000000.0
bloodmnist:test:1783,43913003f27ae5832d49d4563455d58e0eae1fce22a62fae50c046051b3b12eb,bloodmnist_demo,1729,test,5,4,1.1205703832090563,0.0,-10000000000.0,0.0,-10000000000.0,0.0,-10000000000.0,0.0,-10000000000.0,1.0,0.0,0.0,-10000000000.0
bloodmnist:test:1784,eb4892906a0a17a84db23fc0518ae9f5196c776045dbc4b069b2ee61a5aeccf9,bloodmnist_demo,1729,test,2,4,1.1205703832090563,0.0,-10000000000.0,0.0,-10000000000.0,0.0,-10000000000.0,0.0,-10000000000.0,1.0,0.0,0.0,-10000000000.0
bloodmnist:test:1785,309313f421e9d9f9db0fc62baafe3c9284def8a3401cebc2b7948ecdd5473c26,bloodmnist_demo,1729,test,4,4,1.1205703832090563,0.0,-10000000000.0,0.0,-10000000000.0,0.0,-10000000000.0,0.0,-10000000000.0,1.0,0.0,0.0,-10000000000.0
bloodmnist:test:1786,4d7dfd06fb9d25338cbc9ef30b2e1e30070ead537849ccbfbcf3b4b769ccee35,bloodmnist_demo,1729,test,2,4,1.1205703832090563,0.0,-10000000000.0,0.0,-10000000000.0,0.0,-10000000000.0,0.0,-10000000000.0,1.0,0.0,0.0,-10000000000.0
bloodmnist:test:1788,6969ce2362ec2bed4090cb5c06b2e8bfeb32ce7db430a906aaeb217c7a737b04,bloodmnist_demo,1729,test,5,4,1.1205703832090563,0.0,-10000000000.0,0.0,-10000000000.0,0.0,-10000000000.0,0.0,-10000000000.0,1.0,0.0,0.0,-10000000000.0
bloodmnist:test:1789,c985d4b70260e673514198632df4b96d223c65dd29caa9438fcc5285c5e8b687,bloodmnist_demo,1729,test,3,4,1.1205703832090563,0.0,-10000000000.0,0.0,-10000000000.0,0.0,-10000000000.0,0.0,-10000000000.0,1.0,0.0,0.0,-10000000000.0
bloodmnist:test:1790,f0a51f71b39cbe6f76acbbac536d8916faba854c11ba7ea13aea3dd4cba2e2ee,bloodmnist_demo,1729,test,0,4,1.1205703832090563,0.0,-10000000000.0,0.0,-10000000000.0,0.0,-10000000000.0,0.0,-10000000000.0,1.0,0.0,0.0,-10000000000.0
bloodmnist:test:1791,795dbbcc95c302ec098c2359d25193d5754bcaf4ded0376f4e38daf9137b7383,bloodmnist_demo,1729,test,0,4,1.1205703832090563,0.0,-10000000000.0,0.0,-10000000000.0,0.0,-10000000000.0,0.0,-10000000000.0,1.0,0.0,0.0,-10000000000.0
bloodmnist:test:1792,8db2d7aec6c6504503175c8a806622195362809feeea36bb4d9d7d855cf97d09,bloodmnist_demo,1729,test,0,4,1.1205703832090563,0.0,-10000000000.0,0.0,-10000000000.0,0.0,-10000000000.0,0.0,-10000000000.0,1.0,0.0,0.0,-10000000000.0
bloodmnist:test:1793,96dcc9a981d2ffdb6ff2351d2e61ef67a59af3e930d69f845686745c328f9bde,bloodmnist_demo,1729,test,1,4,1.1205703832090563,0.0,-10000000000.0,0.0,-10000000000.0,0.0,-10000000000.0,0.0,-10000000000.0,1.0,0.0,0.0,-10000000000.0
bloodmnist:test:1794,652d07620289d1b10aaf2224a0e662c9dfa9002e175de1b5bf0f032b138e3223,bloodmnist_demo,1729,test,4,4,1.1205703832090563,0.0,-10000000000.0,0.0,-10000000000.0,0.0,-10000000000.0,0.0,-10000000000.0,1.0,0.0,0.0,-10000000000.0
bloodmnist:test:1795,021663666cf9d550e9d079e6b68c9e55fefbd6397edf3e9d68333b5de30e3ab0,bloodmnist_demo,1729,test,5,4,1.1205703832090563,0.0,-10000000000.0,0.0,-10000000000.0,0.0,-10000000000.0,0.0,-10000000000.0,1.0,0.0,0.0,-10000000000.0
bloodmnist:test:1796,5290c8d626f14da075852afb3efcbab51d924b6b7f54567ac2dfee2d6f36889b,bloodmnist_demo,1729,test,5,4,1.1205703832090563,0.0,-10000000000.0,0.0,-10000000000.0,0.0,-10000000000.0,0.0,-10000000000.0,1.0,0.0,0.0,-10000000000.0
bloodmnist:test:1798,95a798f8ea3178320bfacbfa76d45f7fdd9ba2e0e51e873db4581434571bb30f,bloodmnist_demo,1729,test,5,4,1.1205703832090563,0.0,-10000000000.0,0.0,-10000000000.0,0.0,-10000000000.0,0.0,-10000000000.0,1.0,0.0,0.0,-10000000000.0
bloodmnist:test:1799,a4f141051d6e4741287b9b1b5caec2fbb7182f52ced7ec375d69f7356ce0ce23,bloodmnist_demo,1729,test,3,4,1.1205703832090563,0.0,-10000000000.0,0.0,-10000000000.0,0.0,-10000000000.0,0.0,-10000000000.0,1.0,0.0,0.0,-10000000000.0
bloodmnist:test:1800,c91a79b8ca37d0466c11121effe8e5eb05bfb0cb94c1fd96e1f676d7cf3ba365,bloodmnist_demo,1729,test,1,4,1.1205703832090563,0.0,-10000000000.0,0.0,-10000000000.0,0.0,-10000000000.0,0.0,-10000000000.0,1.0,0.0,0.0,-10000000000.0
bloodmnist:test:1801,b3f1d2d833684cd6c56c5f7d318c57dda95492edd4dc54962a2750c4f48fb725,bloodmnist_demo,1729,test,5,4,1.1205703832090563,0.0,-10000000000.0,0.0,-10000000000.0,0.0,-10000000000.0,0.0,-10000000000.0,1.0,0.0,0.0,-10000000000.0
bloodmnist:test:1803,45769bd07f06a0e8ebbb3789bc9fa2c02816b029bc026de304c642d11f25ae83,bloodmnist_demo,1729,test,4,4,1.1205703832090563,0.0,-10000000000.0,0.0,-10000000000.0,0.0,-10000000000.0,0.0,-10000000000.0,1.0,0.0,0.0,-10000000000.0
bloodmnist:test:1804,8cf4bdf33fcf0ec2034f4c2d6f0559a159a8ca50a9eba345814914ef0ace8b8e,bloodmnist_demo,1729,test,1,4,1.1205703832090563,0.0,-10000000000.0,0.0,-10000000000.0,0.0,-10000000000.0,0.0,-10000000000.0,1.0,0.0,0.0,-10000000000.0
bloodmnist:test:1805,e792abaa51e2224004f2803d359a7dc56cd7653cd00d903c1f2f53051f150641,bloodmnist_demo,1729,test,5,4,1.1205703832090563,0.0,-10000000000.0,0.0,-10000000000.0,0.0,-10000000000.0,0.0,-10000000000.0,1.0,0.0,0.0,-10000000000.0
bloodmnist:test:1806,c316b35b3865dba76f834d0f75396798dfee4f01478b844368373d61bac377fa,bloodmnist_demo,1729,test,1,4,1.1205703832090563,0.0,-10000000000.0,0.0,-10000000000.0,0.0,-10000000000.0,0.0,-10000000000.0,1.0,0.0,0.0,-10000000000.0
bloodmnist:test:1807,2d11e4baf3be43f0dc16ee27c3ae995ed94f70048e672ab18a718e87a43a795d,bloodmnist_demo,1729,test,4,4,1.1205703832090563,0.0,-10000000000.0,0.0,-10000000000.0,0.0,-10000000000.0,0.0,-10000000000.0,1.0,0.0,0.0,-10000000000.0
bloodmnist:test:1808,fc1194b31f6cf2ec8142fcc8289cecf34690fea6d8d9d8dcb0c51a53a5e6e0ab,bloodmnist_demo,1729,test,4,4,1.1205703832090563,0.0,-10000000000.0,0.0,-10000000000.0,0.0,-10000000000.0,0.0,-10000000000.0,1.0,0.0,0.0,-10000000000.0
bloodmnist:test:1809,5d826edd35381f47a3ae92214b629469f8a06099030be90d6c664ead18a9384f,bloodmnist_demo,1729,test,4,4,1.1205703832090563,0.0,-10000000000.0,0.0,-10000000000.0,0.0,-10000000000.0,0.0,-10000000000.0,1.0,0.0,0.0,-10000000000.0
bloodmnist:test:1811,60123de76cd0b295c335b54cad1714368aa81f5f1a60c70b9d88e3a227accc9e,bloodmnist_demo,1729,test,0,4,1.1205703832090563,0.0,-10000000000.0,0.0,-10000000000.0,0.0,-10000000000.0,0.0,-10000000000.0,1.0,0.0,0.0,-10000000000.0
bloodmnist:test:1812,5749ca8b1fa21048db5d33e098ce7011a06c7b541240db07400bf7b2e7428dd7,bloodmnist_demo,1729,test,4,4,1.1205703832090563,0.0,-10000000000.0,0.0,-10000000000.0,0.0,-10000000000.0,0.0,-10000000000.0,1.0,0.0,0.0,-10000000000.0
bloodmnist:test:1815,04b58fd339f684f8f06f52a47b1249450fb80cae335089b8d4522b3bafe5c5cb,bloodmnist_demo,1729,test,4,4,1.1205703832090563,0.0,-10000000000.0,0.0,-10000000000.0,0.0,-10000000000.0,0.0,-10000000000.0,1.0,0.0,0.0,-10000000000.0
bloodmnist:test:1816,7770267a4eb00c5182be100d9343b5324ac5d6249acf2ba711e5e93cc41a1af0,bloodmnist_demo,1729,test,5,4,1.1205703832090563,0.0,-10000000000.0,0.0,-10000000000.0,0.0,-10000000000.0,0.0,-10000000000.0,1.0,0.0,0.0,-10000000000.0
bloodmnist:test:1818,78a4d9d7c200d373cfdd622166fd78d2e3f49bca4cd4df63a54d8d292e829f7f,bloodmnist_demo,1729,test,0,4,1.1205703832090563,0.0,-10000000000.0,0.0,-10000000000.0,0.0,-10000000000.0,0.0,-10000000000.0,1.0,0.0,0.0,-10000000000.0
bloodmnist:test:1819,e8c50768293cf8f9b4840e52fcfa35c1bb0c443342d66c2c15908f2220ca270e,bloodmnist_demo,1729,test,0,4,1.1205703832090563,0.0,-10000000000.0,0.0,-10000000000.0,0.0,-10000000000.0,0.0,-10000000000.0,1.0,0.0,0.0,-10000000000.0
bloodmnist:test:1820,e2c346b1e6a886652abd9c9f0ccd7ddf2ec7779571054f8600378e2beb513212,bloodmnist_demo,1729,test,1,4,1.1205703832090563,0.0,-10000000000.0,0.0,-10000000000.0,0.0,-10000000000.0,0.0,-10000000000.0,1.0,0.0,0.0,-10000000000.0
bloodmnist:test:1821,efe1f5dbeb3cbc64f9885640b474ee93953d6cfc5d65917060f6877018f1b97c,bloodmnist_demo,1729,test,2,4,1.1205703832090563,0.0,-10000000000.0,0.0,-10000000000.0,0.0,-10000000000.0,0.0,-10000000000.0,1.0,0.0,0.0,-10000000000.0
bloodmnist:test:1822,a050e23381b3afaf6fd72e82871d51dc8f4f01e84403b139687d5e49828bc4fc,bloodmnist_demo,1729,test,4,4,1.1205703832090563,0.0,-10000000000.0,0.0,-10000000000.0,0.0,-10000000000.0,0.0,-10000000000.0,1.0,0.0,0.0,-10000000000.0
bloodmnist:test:1824,d406dbd19e6335a10330d75a54b6da07fa78b51a1437ce210025178c87dc5a20,bloodmnist_demo,1729,test,5,4,1.1205703832090563,0.0,-10000000000.0,0.0,-10000000000.0,0.0,-10000000000.0,0.0,-10000000000.0,1.0,0.0,0.0,-10000000000.0
bloodmnist:test:1825,75771ca1dd9fc31018b2e853bac22f5215cbf85e0584f5f950fc1955a5b589a6,bloodmnist_demo,1729,test,5,4,1.1205703832090563,0.0,-10000000000.0,0.0,-10000000000.0,0.0,-10000000000.0,0.0,-10000000000.0,1.0,0.0,0.0,-10000000000.0
bloodmnist:test:1826,adb6a4f690f00a926d0aa516472324fd760521614de85f3addbd8ce15044ad9a,bloodmnist_demo,1729,test,4,4,1.1205703832090563,0.0,-10000000000.0,0.0,-10000000000.0,0.0,-10000000000.0,0.0,-10000000000.0,1.0,0.0,0.0,-10000000000.0
bloodmnist:test:1827,6cbf136580b8a5c4df52ad0df6f902b1d3b416396358cdecfbe7fefc3b715cf9,bloodmnist_demo,1729,test,4,4,1.1205703832090563,0.0,-10000000000.0,0.0,-10000000000.0,0.0,-10000000000.0,0.0,-10000000000.0,1.0,0.0,0.0,-10000000000.0
bloodmnist:test:1828,66c5a32a486b3d25c6126d113ab3bdfd9cab9e42d9bdd5ae2857768a407cc9f5,bloodmnist_demo,1729,test,4,4,1.1205703832090563,0.0,-10000000000.0,0.0,-10000000000.0,0.0,-10000000000.0,0.0,-10000000000.0,1.0,0.0,0.0,-10000000000.0
bloodmnist:test:1830,cbfe73f4787fe3af0c2fa256c2abcded01ab265fce2db85f1e0662757db53275,bloodmnist_demo,1729,test,0,4,1.1205703832090563,0.0,-10000000000.0,0.0,-10000000000.0,0.0,-10000000000.0,0.0,-10000000000.0,1.0,0.0,0.0,-10000000000.0
bloodmnist:test:1831,c7d7478bda423da8a5eb2bd43645d0f2928045173c6ac4f6d5b98200e995d511,bloodmnist_demo,1729,test,2,4,1.1205703832090563,0.0,-10000000000.0,0.0,-10000000000.0,0.0,-10000000000.0,0.0,-10000000000.0,1.0,0.0,0.0,-10000000000.0
bloodmnist:test:1833,9a7800838a9bf698b791e4b7799a22581b37503c43be2014612ce6dc632b4877,bloodmnist_demo,1729,test,4,4,1.1205703832090563,0.0,-10000000000.0,0.0,-10000000000.0,0.0,-10000000000.0,0.0,-10000000000.0,1.0,0.0,0.0,-10000000000.0
bloodmnist:test:1834,1b744153dd9296a0387d4ab3a602d22bf48c4060b8c31eb03e5c2ca519642d79,bloodmnist_demo,1729,test,1,4,1.1205703832090563,0.0,-10000000000.0,0.0,-10000000000.0,0.0,-10000000000.0,0.0,-10000000000.0,1.0,0.0,0.0,-10000000000.0
bloodmnist:test:1835,75f78e92e375e2539b01c201403ecce592a6f97a8f6c0d3754380d9405a18445,bloodmnist_demo,1729,test,0,4,1.1205703832090563,0.0,-10000000000.0,0.0,-10000000000.0,0.0,-10000000000.0,0.0,-10000000000.0,1.0,0.0,0.0,-10000000000.0
bloodmnist:test:1836,0acef2964bf36c615a49c4c309247f79f5d87bd532d57dde149e3366c9224c78,bloodmnist_demo,1729,test,5,4,1.1205703832090563,0.0,-10000000000.0,0.0,-10000000000.0,0.0,-10000000000.0,0.0,-10000000000.0,1.0,0.0,0.0,-10000000000.0
bloodmnist:test:1837,557f82819a63581bd97ee806c833c48d1d83b326ecb7674ad0f7d0cc9519834a,bloodmnist_demo,1729,test,5,4,1.1205703832090563,0.0,-10000000000.0,0.0,-10000000000.0,0.0,-10000000000.0,0.0,-10000000000.0,1.0,0.0,0.0,-10000000000.0
bloodmnist:test:1838,d58eee5e8c0bfec29ce5bcf1c7a9658e2938f5bd8248523871af7d0be3887769,bloodmnist_demo,1729,test,4,4,1.1205703832090563,0.0,-10000000000.0,0.0,-10000000000.0,0.0,-10000000000.0,0.0,-10000000000.0,1.0,0.0,0.0,-10000000000.0
bloodmnist:test:1839,a469634f4ebb8a6f05c5922b28c0d2471ebfb0c31cb2a565601cd427982d45e9,bloodmnist_demo,1729,test,0,4,1.1205703832090563,0.0,-10000000000.0,0.0,-10000000000.0,0.0,-10000000000.0,0.0,-10000000000.0,1.0,0.0,0.0,-10000000000.0
bloodmnist:test:1840,41f3b376241d85241e6789bb8c8d71584be5bb9a03b122106e2ed6a2ff10c8b1,bloodmnist_demo,1729,test,4,4,1.1205703832090563,0.0,-10000000000.0,0.0,-10000000000.0,0.0,-10000000000.0,0.0,-10000000000.0,1.0,0.0,0.0,-10000000000.0
bloodmnist:test:1841,125c10cd6c97ed1d896e66de9a6cbdb5f0b0d54e118ffeb7813b556435fdfb3a,bloodmnist_demo,1729,test,5,4,1.1205703832090563,0.0,-10000000000.0,0.0,-10000000000.0,0.0,-10000000000.0,0.0,-10000000000.0,1.0,0.0,0.0,-10000000000.0
bloodmnist:test:1842,26fedf396a1c7681b4360837e1ae3503d08ef65ce4a6931619272ae3d8df4c3d,bloodmnist_demo,1729,test,0,4,1.1205703832090563,0.0,-10000000000.0,0.0,-10000000000.0,0.0,-10000000000.0,0.0,-10000000000.0,1.0,0.0,0.0,-10000000000.0
bloodmnist:test:1843,19f319e1e60f9eecb05eea358bba109f5641dbeeebfbbd6c135fdb00d71de8f9,bloodmnist_demo,1729,test,3,4,1.1205703832090563,0.0,-10000000000.0,0.0,-10000000000.0,0.0,-10000000000.0,0.0,-10000000000.0,1.0,0.0,0.0,-10000000000.0
bloodmnist:test:1844,904854e68da864fc0daadf38a41357fffb050a08cb6b42838fdb020173517dfa,bloodmnist_demo,1729,test,2,4,1.1205703832090563,0.0,-10000000000.0,0.0,-10000000000.0,0.0,-10000000000.0,0.0,-10000000000.0,1.0,0.0,0.0,-10000000000.0
bloodmnist:test:1845,b81bda14b65a54aacf5b543fb0de7f4146f5a0300d34f825f2bdabeeb57df020,bloodmnist_demo,1729,test,5,4,1.1205703832090563,0.0,-10000000000.0,0.0,-10000000000.0,0.0,-10000000000.0,0.0,-10000000000.0,1.0,0.0,0.0,-10000000000.0
bloodmnist:test:1846,2811016628657e9cdd69f9def522622610da1ebe8ac2223e4ce3f2802ffbb9da,bloodmnist_demo,1729,test,5,4,1.1205703832090563,0.0,-10000000000.0,0.0,-10000000000.0,0.0,-10000000000.0,0.0,-10000000000.0,1.0,0.0,0.0,-10000000000.0
bloodmnist:test:1847,2beb021c0b63e6a84e33e682bcb6162152fd5474a07a0d617af13bd35be97f21,bloodmnist_demo,1729,test,2,4,1.1205703832090563,0.0,-10000000000.0,0.0,-10000000000.0,0.0,-10000000000.0,0.0,-10000000000.0,1.0,0.0,0.0,-10000000000.0
bloodmnist:test:1849,b2038cbba7fd4d11193615e9eec0304aeb8f00fbf2735ac72d28220cd25b42ae,bloodmnist_demo,1729,test,0,4,1.1205703832090563,0.0,-10000000000.0,0.0,-10000000000.0,0.0,-10000000000.0,0.0,-10000000000.0,1.0,0.0,0.0,-10000000000.0
bloodmnist:test:1850,e0413aa548732faa0bfad71265460aa1827d1c628688a0348735183efe2c4b65,bloodmnist_demo,1729,test,5,4,1.1205703832090563,0.0,-10000000000.0,0.0,-10000000000.0,0.0,-10000000000.0,0.0,-10000000000.0,1.0,0.0,0.0,-10000000000.0
bloodmnist:test:1851,afdf6b849562e012f68743d44d59fd819a5c9b9f0876d3c9e27561b3d68bc3f2,bloodmnist_demo,1729,test,3,4,1.1205703832090563,0.0,-10000000000.0,0.0,-10000000000.0,0.0,-10000000000.0,0.0,-10000000000.0,1.0,0.0,0.0,-10000000000.0
bloodmnist:test:1852,184db6a65bdb0ef5337cf777f6c736ed43af1d3bf0ee6befa71a29a9aa79871b,bloodmnist_demo,1729,test,5,4,1.1205703832090563,0.0,-10000000000.0,0.0,-10000000000.0,0.0,-10000000000.0,0.0,-10000000000.0,1.0,0.0,0.0,-10000000000.0
bloodmnist:test:1853,f14b1e3a187270e34a02dd9dfa6d00f9be0ffcbc9b97c37ed2697a341b5ea386,bloodmnist_demo,1729,test,5,4,1.1205703832090563,0.0,-10000000000.0,0.0,-10000000000.0,0.0,-10000000000.0,0.0,-10000000000.0,1.0,0.0,0.0,-10000000000.0
bloodmnist:test:1854,55ce8bc63e0cfeacca897dcbd6a1fe8eb4b5b04a7ef22b3faaf69be7a7b699a2,bloodmnist_demo,1729,test,3,4,1.1205703832090563,0.0,-10000000000.0,0.0,-10000000000.0,0.0,-10000000000.0,0.0,-10000000000.0,1.0,0.0,0.0,-10000000000.0
bloodmnist:test:1855,e30813ba39c792355600a59bf300ee2bc695a71f909b293e99fbb89fc541ae02,bloodmnist_demo,1729,test,5,4,1.1205703832090563,0.0,-10000000000.0,0.0,-10000000000.0,0.0,-10000000000.0,0.0,-10000000000.0,1.0,0.0,0.0,-10000000000.0
bloodmnist:test:1858,c6649e398ca9c5e8dfbb98e97f6f1e27a22e13d550f631f4a4455a83e0c6755c,bloodmnist_demo,1729,test,2,4,1.1205703832090563,0.0,-10000000000.0,0.0,-10000000000.0,0.0,-10000000000.0,0.0,-10000000000.0,1.0,0.0,0.0,-10000000000.0
bloodmnist:test:1859,ad7a90aada675a9722503e4c04de92397313a60f83c57372aef06acb995052b3,bloodmnist_demo,1729,test,4,4,1.1205703832090563,0.0,-10000000000.0,0.0,-10000000000.0,0.0,-10000000000.0,0.0,-10000000000.0,1.0,0.0,0.0,-10000000000.0
bloodmnist:test:1860,579ebb7f45c73d0d85ee9a8322eb3e219b6c311d93a09c4177eeb5659afecb05,bloodmnist_demo,1729,test,1,4,1.1205703832090563,0.0,-10000000000.0,0.0,-10000000000.0,0.0,-10000000000.0,0.0,-10000000000.0,1.0,0.0,0.0,-10000000000.0
bloodmnist:test:1861,2a3e4a224694d6145e15a3b00cd1033433a3c35b80c717ffa32b76c205265619,bloodmnist_demo,1729,test,5,4,1.1205703832090563,0.0,-10000000000.0,0.0,-10000000000.0,0.0,-10000000000.0,0.0,-10000000000.0,1.0,0.0,0.0,-10000000000.0
bloodmnist:test:1862,9b20a8ef30fef01f987ad59db33d26eb7d331bd219c73e2755b57bc244eb62a9,bloodmnist_demo,1729,test,0,4,1.1205703832090563,0.0,-10000000000.0,0.0,-10000000000.0,0.0,-10000000000.0,0.0,-10000000000.0,1.0,0.0,0.0,-10000000000.0
bloodmnist:test:1863,df570d3f926cd273a3e5ee17a9182645703fdf746af61278932c6f359ce6b3ee,bloodmnist_demo,1729,test,0,4,1.1205703832090563,0.0,-10000000000.0,0.0,-10000000000.0,0.0,-10000000000.0,0.0,-10000000000.0,1.0,0.0,0.0,-10000000000.0
bloodmnist:test:1864,818e13ed935276e17f5ad2d2d8b606be19c11c2036a682c25e45882af979af30,bloodmnist_demo,1729,test,1,4,1.1205703832090563,0.0,-10000000000.0,0.0,-10000000000.0,0.0,-10000000000.0,0.0,-10000000000.0,1.0,0.0,0.0,-10000000000.0
bloodmnist:test:1865,1fd4e3f4ec3ae1e4b9f0a21f37b80cf4d53978792fe40dec2b95d6f343705731,bloodmnist_demo,1729,test,4,4,1.1205703832090563,0.0,-10000000000.0,0.0,-10000000000.0,0.0,-10000000000.0,0.0,-10000000000.0,1.0,0.0,0.0,-10000000000.0
bloodmnist:test:1866,c2d9e2dad2db7f01903600a0ab3e12166a5e30d6abc66ec4545df9534fedbd69,bloodmnist_demo,1729,test,1,4,1.1205703832090563,0.0,-10000000000.0,0.0,-10000000000.0,0.0,-10000000000.0,0.0,-10000000000.0,1.0,0.0,0.0,-10000000000.0
bloodmnist:test:1867,2684cb4f4e56f39689ea320b1b9871cd097a445d496e17661a830c5a693fa6d4,bloodmnist_demo,1729,test,2,4,1.1205703832090563,0.0,-10000000000.0,0.0,-10000000000.0,0.0,-10000000000.0,0.0,-10000000000.0,1.0,0.0,0.0,-10000000000.0
bloodmnist:test:1868,cfeb956699b9c349c88c9a384cda811dd7ecfb8d955a82e2ad05f6224b275ece,bloodmnist_demo,1729,test,5,4,1.1205703832090563,0.0,-10000000000.0,0.0,-10000000000.0,0.0,-10000000000.0,0.0,-10000000000.0,1.0,0.0,0.0,-10000000000.0
bloodmnist:test:1869,1ef70b815e5c10530b0571e48ed2e8f1017ce164a567fb7b95eb3b61583cc53b,bloodmnist_demo,1729,test,4,4,1.1205703832090563,0.0,-10000000000.0,0.0,-10000000000.0,0.0,-10000000000.0,0.0,-10000000000.0,1.0,0.0,0.0,-10000000000.0
bloodmnist:test:1870,f1a8524d7084fec408587d6693b430b7f03329e4889ca858e13ab7a09da0e633,bloodmnist_demo,1729,test,1,4,1.1205703832090563,0.0,-10000000000.0,0.0,-10000000000.0,0.0,-10000000000.0,0.0,-10000000000.0,1.0,0.0,0.0,-10000000000.0
bloodmnist:test:1873,4348df48343ded9bf358d047238ad5ea1a840150963e950389bb5cbe068cca8f,bloodmnist_demo,1729,test,3,4,1.1205703832090563,0.0,-10000000000.0,0.0,-10000000000.0,0.0,-10000000000.0,0.0,-10000000000.0,1.0,0.0,0.0,-10000000000.0
bloodmnist:test:1874,d364cc3cfd3a8c7f1a436fb6dcb05b08732dc6389365ddeb8fcdf17692213219,bloodmnist_demo,1729,test,4,4,1.1205703832090563,0.0,-10000000000.0,0.0,-10000000000.0,0.0,-10000000000.0,0.0,-10000000000.0,1.0,0.0,0.0,-10000000000.0
bloodmnist:test:1875,70e5571c4eea53c0feb82d0a97de2d10b5798ae4c8c479af492ab81aa06b9fbc,bloodmnist_demo,1729,test,4,4,1.1205703832090563,0.0,-10000000000.0,0.0,-10000000000.0,0.0,-10000000000.0,0.0,-10000000000.0,1.0,0.0,0.0,-10000000000.0
bloodmnist:test:1879,01c82af7bb369afd6fae6364fb02170d84969277201988127502b4b4f54eaaa6,bloodmnist_demo,1729,test,3,4,1.1205703832090563,0.0,-10000000000.0,0.0,-10000000000.0,0.0,-10000000000.0,0.0,-10000000000.0,1.0,0.0,0.0,-10000000000.0
bloodmnist:test:1880,810dec1fc5b2c3bfea3c71403e0c055e59749867fc009db6225b03f6c4a6803a,bloodmnist_demo,1729,test,1,4,1.1205703832090563,0.0,-10000000000.0,0.0,-10000000000.0,0.0,-10000000000.0,0.0,-10000000000.0,1.0,0.0,0.0,-10000000000.0
bloodmnist:test:1881,3d2bd195f38c37710d20581ce5384ec8a706a5606a28b6e11542af97f811ec74,bloodmnist_demo,1729,test,5,4,1.1205703832090563,0.0,-10000000000.0,0.0,-10000000000.0,0.0,-10000000000.0,0.0,-10000000000.0,1.0,0.0,0.0,-10000000000.0
bloodmnist:test:1882,306302112d4ca444c7f5feec73fb4e89b28a5b995b59e52fc1e905755915fdd5,bloodmnist_demo,1729,test,5,4,1.1205703832090563,0.0,-10000000000.0,0.0,-10000000000.0,0.0,-10000000000.0,0.0,-10000000000.0,1.0,0.0,0.0,-10000000000.0
bloodmnist:test:1885,63db9aeaef8cd7141bb4def0b68b1852c6a16a0fac1b6ca8c4666589b1911b62,bloodmnist_demo,1729,test,5,4,1.1205703832090563,0.0,-10000000000.0,0.0,-10000000000.0,0.0,-10000000000.0,0.0,-10000000000.0,1.0,0.0,0.0,-10000000000.0
bloodmnist:test:1886,4370b1c49e4510ce45bc9f4879d669220b6ec4a6f111c4bb5744ba32ee1b699f,bloodmnist_demo,1729,test,4,4,1.1205703832090563,0.0,-10000000000.0,0.0,-10000000000.0,0.0,-10000000000.0,0.0,-10000000000.0,1.0,0.0,0.0,-10000000000.0
bloodmnist:test:1887,a2579f38d8468c9384c37d2ee7f538ff5bf06958d716ea6ab1151d6848b85e56,bloodmnist_demo,1729,test,5,4,1.1205703832090563,0.0,-10000000000.0,0.0,-10000000000.0,0.0,-10000000000.0,0.0,-10000000000.0,1.0,0.0,0.0,-10000000000.0
bloodmnist:test:1888,ee727646624b6a2826f9663696ee4b5320e08b58223abdd6cd31efbe8b30b80b,bloodmnist_demo,1729,test,4,4,1.1205703832090563,0.0,-10000000000.0,0.0,-10000000000.0,0.0,-10000000000.0,0.0,-10000000000.0,1.0,0.0,0.0,-10000000000.0
bloodmnist:test:1889,57ecbe1b5b52fb35aa7efe2c3f74515c382f56580b500b6467a6dbf774143906,bloodmnist_demo,1729,test,5,4,1.1205703832090563,0.0,-10000000000.0,0.0,-10000000000.0,0.0,-10000000000.0,0.0,-10000000000.0,1.0,0.0,0.0,-10000000000.0
bloodmnist:test:1892,f4d596de7830b6ddf20c2edb67a2ea33785b9c2366c2e0d86d49fa79bbac3ad6,bloodmnist_demo,1729,test,2,4,1.1205703832090563,0.0,-10000000000.0,0.0,-10000000000.0,0.0,-10000000000.0,0.0,-10000000000.0,1.0,0.0,0.0,-10000000000.0
bloodmnist:test:1893,1b65e5dd95beb6e5c66fec7dbfefa21383c69421f3f38c238a4f8b3e86abf645,bloodmnist_demo,1729,test,2,4,1.1205703832090563,0.0,-10000000000.0,0.0,-10000000000.0,0.0,-10000000000.0,0.0,-10000000000.0,1.0,0.0,0.0,-10000000000.0
bloodmnist:test:1894,7e1acaa6f26b1fcbeb5b00a75784ac64fff8f754ecf26aed52b1b7e2bd8f8eaa,bloodmnist_demo,1729,test,5,4,1.1205703832090563,0.0,-10000000000.0,0.0,-10000000000.0,0.0,-10000000000.0,0.0,-10000000000.0,1.0,0.0,0.0,-10000000000.0
bloodmnist:test:1895,3c450d1e3db895dc82b7a128250db071487b056d826fc140bbf96c581b4f83e9,bloodmnist_demo,1729,test,2,4,1.1205703832090563,0.0,-10000000000.0,0.0,-10000000000.0,0.0,-10000000000.0,0.0,-10000000000.0,1.0,0.0,0.0,-10000000000.0
bloodmnist:test:1897,9e04de8ffe24c3e7efc7489cf6d536d2d4371e221fbad6fb7a052311fa1a360e,bloodmnist_demo,1729,test,0,4,1.1205703832090563,0.0,-10000000000.0,0.0,-10000000000.0,0.0,-10000000000.0,0.0,-10000000000.0,1.0,0.0,0.0,-10000000000.0
bloodmnist:test:1898,46e4d816e2fed8b71b09150014726458b7ef9584cd372336319331c04c618bcc,bloodmnist_demo,1729,test,4,4,1.1205703832090563,0.0,-10000000000.0,0.0,-10000000000.0,0.0,-10000000000.0,0.0,-10000000000.0,1.0,0.0,0.0,-10000000000.0
bloodmnist:test:1899,46924bafd3b1ff585e6583853d662d4a7685e2404e7616bdc9cd786a707c1c25,bloodmnist_demo,1729,test,5,4,1.1205703832090563,0.0,-10000000000.0,0.0,-10000000000.0,0.0,-10000000000.0,0.0,-10000000000.0,1.0,0.0,0.0,-10000000000.0
bloodmnist:test:1900,54da2d7de2a11e3f188191b251c34993b49b2775a9e09ffc32a083522604a185,bloodmnist_demo,1729,test,5,4,1.1205703832090563,0.0,-10000000000.0,0.0,-10000000000.0,0.0,-10000000000.0,0.0,-10000000000.0,1.0,0.0,0.0,-10000000000.0
bloodmnist:test:1902,be3329c43f7aa77d26896a539bbf077d8bc840b90d5b89cbbc3c50dcfbcc521f,bloodmnist_demo,1729,test,5,4,1.1205703832090563,0.0,-10000000000.0,0.0,-10000000000.0,0.0,-10000000000.0,0.0,-10000000000.0,1.0,0.0,0.0,-10000000000.0
bloodmnist:test:1903,d98f90a9d53ef83bb23d2b59843c72aff1dee50eb421b4653546652e4249edfd,bloodmnist_demo,1729,test,1,4,1.1205703832090563,0.0,-10000000000.0,0.0,-10000000000.0,0.0,-10000000000.0,0.0,-10000000000.0,1.0,0.0,0.0,-10000000000.0
bloodmnist:test:1904,ff968d21af5e17207f55762b1644ab6e4dc006a932daa025bfcf3dd56a658165,bloodmnist_demo,1729,test,1,4,1.1205703832090563,0.0,-10000000000.0,0.0,-10000000000.0,0.0,-10000000000.0,0.0,-10000000000.0,1.0,0.0,0.0,-10000000000.0
bloodmnist:test:1905,dc761ba479276becb2caa6e4fda6b66b3c83afdfe7033ec98ec549831dfe2ec3,bloodmnist_demo,1729,test,4,4,1.1205703832090563,0.0,-10000000000.0,0.0,-10000000000.0,0.0,-10000000000.0,0.0,-10000000000.0,1.0,0.0,0.0,-10000000000.0
bloodmnist:test:1906,0eeeb08f26ad2e8f9b2d3ddd52dcf9f827f2f7610a7434fb27110717c7980617,bloodmnist_demo,1729,test,2,4,1.1205703832090563,0.0,-10000000000.0,0.0,-10000000000.0,0.0,-10000000000.0,0.0,-10000000000.0,1.0,0.0,0.0,-10000000000.0
bloodmnist:test:1907,f02f6ad96f49355df56cb40dc5a2dbe6fa19993f07ed29be1a0aa8c86ec3c19b,bloodmnist_demo,1729,test,4,4,1.1205703832090563,0.0,-10000000000.0,0.0,-10000000000.0,0.0,-10000000000.0,0.0,-10000000000.0,1.0,0.0,0.0,-10000000000.0
bloodmnist:test:1908,c8592cb11a99564b3b432fc92184792b8505953171ec56057502b992fd8407cb,bloodmnist_demo,1729,test,3,4,1.1205703832090563,0.0,-10000000000.0,0.0,-10000000000.0,0.0,-10000000000.0,0.0,-10000000000.0,1.0,0.0,0.0,-10000000000.0
bloodmnist:test:1909,e80cc005203e737f8e31c01f07ce612c7a5cf790fd6d2757f915da0f41a361f0,bloodmnist_demo,1729,test,3,4,1.1205703832090563,0.0,-10000000000.0,0.0,-10000000000.0,0.0,-10000000000.0,0.0,-10000000000.0,1.0,0.0,0.0,-10000000000.0
bloodmnist:test:1911,cae418f6f15c3c98a4dbf92c4e3e1e335f768dc4478127cea3e0f72050fb7792,bloodmnist_demo,1729,test,1,4,1.1205703832090563,0.0,-10000000000.0,0.0,-10000000000.0,0.0,-10000000000.0,0.0,-10000000000.0,1.0,0.0,0.0,-10000000000.0
bloodmnist:test:1912,61ac6c274eb35bf1145554d789e8a255de3f8791f32e725914c4a43321828e21,bloodmnist_demo,1729,test,5,4,1.1205703832090563,0.0,-10000000000.0,0.0,-10000000000.0,0.0,-10000000000.0,0.0,-10000000000.0,1.0,0.0,0.0,-10000000000.0
bloodmnist:test:1913,3baaaad2a0c48be01c4c0c0fc1750a1fa438d9978ee68aa0a7fdae00078e999f,bloodmnist_demo,1729,test,3,4,1.1205703832090563,0.0,-10000000000.0,0.0,-10000000000.0,0.0,-10000000000.0,0.0,-10000000000.0,1.0,0.0,0.0,-10000000000.0
bloodmnist:test:1914,4f6cd969122d3d856af2405d53302a22a84e6b08db3f6f1163c7ad6374d6a353,bloodmnist_demo,1729,test,0,4,1.1205703832090563,0.0,-10000000000.0,0.0,-10000000000.0,0.0,-10000000000.0,0.0,-10000000000.0,1.0,0.0,0.0,-10000000000.0
bloodmnist:test:1915,021bee44f4b0ab8e45ae2804818700e0b37c2eb0a69fa6f80162a3451d3f7695,bloodmnist_demo,1729,test,0,4,1.1205703832090563,0.0,-10000000000.0,0.0,-10000000000.0,0.0,-10000000000.0,0.0,-10000000000.0,1.0,0.0,0.0,-10000000000.0
bloodmnist:test:1916,adfc45244166039a67960466a69e10cd1e4fb6634df49a10089ac3f46e2c7dc8,bloodmnist_demo,1729,test,1,4,1.1205703832090563,0.0,-10000000000.0,0.0,-10000000000.0,0.0,-10000000000.0,0.0,-10000000000.0,1.0,0.0,0.0,-10000000000.0
bloodmnist:test:1918,f110d0012b3b9f7ea544253ada2f4533a767694b3a88b0c7f42e0aefd660fb7d,bloodmnist_demo,1729,test,5,4,1.1205703832090563,0.0,-10000000000.0,0.0,-10000000000.0,0.0,-10000000000.0,0.0,-10000000000.0,1.0,0.0,0.0,-10000000000.0
bloodmnist:test:1920,61077b7c021d61f207559c938f4815e38e7d1c604f4827b522d469d7e8d6d73d,bloodmnist_demo,1729,test,1,4,1.1205703832090563,0.0,-10000000000.0,0.0,-10000000000.0,0.0,-10000000000.0,0.0,-10000000000.0,1.0,0.0,0.0,-10000000000.0
bloodmnist:test:1921,64640c1278ca382fd82335935d7b39b1ee91e8608f3a299e6d6194705ef3db62,bloodmnist_demo,1729,test,1,4,1.1205703832090563,0.0,-10000000000.0,0.0,-10000000000.0,0.0,-10000000000.0,0.0,-10000000000.0,1.0,0.0,0.0,-10000000000.0
bloodmnist:test:1922,d3aa779a9cf74c031a12839707b47c23eeeb5960e15a93862295aafcf1bb8da2,bloodmnist_demo,1729,test,4,4,1.1205703832090563,0.0,-10000000000.0,0.0,-10000000000.0,0.0,-10000000000.0,0.0,-10000000000.0,1.0,0.0,0.0,-10000000000.0
bloodmnist:test:1923,e7c756a96da7386ef92772b07b928529d127fd7caef5b62b82146fb258f4d9eb,bloodmnist_demo,1729,test,1,4,1.1205703832090563,0.0,-10000000000.0,0.0,-10000000000.0,0.0,-10000000000.0,0.0,-10000000000.0,1.0,0.0,0.0,-10000000000.0
bloodmnist:test:1924,d2add929fd831a7d1e29d331cf6db88811fc2754e9388610363c5f9f2cf95cc7,bloodmnist_demo,1729,test,3,4,1.1205703832090563,0.0,-10000000000.0,0.0,-10000000000.0,0.0,-10000000000.0,0.0,-10000000000.0,1.0,0.0,0.0,-10000000000.0
bloodmnist:test:1925,d121aabcdfdd15ab3316b46cb9bb33b48db882ec889aff8191d1ee119cb9afe1,bloodmnist_demo,1729,test,1,4,1.1205703832090563,0.0,-10000000000.0,0.0,-10000000000.0,0.0,-10000000000.0,0.0,-10000000000.0,1.0,0.0,0.0,-10000000000.0
bloodmnist:test:1927,db69d00ad238b8dc462a79f41baa50708cdde13e241844b397f53775d451b076,bloodmnist_demo,1729,test,3,4,1.1205703832090563,0.0,-10000000000.0,0.0,-10000000000.0,0.0,-10000000000.0,0.0,-10000000000.0,1.0,0.0,0.0,-10000000000.0
bloodmnist:test:1928,0353e9261ca1c686fda417683cba76e5804230af595f9bcd134abce2cc43e5cf,bloodmnist_demo,1729,test,5,4,1.1205703832090563,0.0,-10000000000.0,0.0,-10000000000.0,0.0,-10000000000.0,0.0,-10000000000.0,1.0,0.0,0.0,-10000000000.0
bloodmnist:test:1929,519ccce656685fee8ed2c6be2c42d6c21a10ef92990382d65022815428110b79,bloodmnist_demo,1729,test,4,4,1.1205703832090563,0.0,-10000000000.0,0.0,-10000000000.0,0.0,-10000000000.0,0.0,-10000000000.0,1.0,0.0,0.0,-10000000000.0
bloodmnist:test:1930,e782d9380b62e205ff0b13c9571783e8e55976d1a39a495049cabbe2cbf2e1e0,bloodmnist_demo,1729,test,0,4,1.1205703832090563,0.0,-10000000000.0,0.0,-10000000000.0,0.0,-10000000000.0,0.0,-10000000000.0,1.0,0.0,0.0,-10000000000.0
bloodmnist:test:1931,116dfc28e7557272cd14d66f88139a00ce4b09b10e53664324029727173d214d,bloodmnist_demo,1729,test,4,4,1.1205703832090563,0.0,-10000000000.0,0.0,-10000000000.0,0.0,-10000000000.0,0.0,-10000000000.0,1.0,0.0,0.0,-10000000000.0
bloodmnist:test:1932,b72e925d7e50956e7b11db4eba82a478c907a35c12fbc37ed601807afcfdfa16,bloodmnist_demo,1729,test,4,4,1.1205703832090563,0.0,-10000000000.0,0.0,-10000000000.0,0.0,-10000000000.0,0.0,-10000000000.0,1.0,0.0,0.0,-10000000000.0
bloodmnist:test:1933,dffbc612c5564a2b6a3570860de5bac0636a681913a192cbe9c82a4a5c39d62d,bloodmnist_demo,1729,test,1,4,1.1205703832090563,0.0,-10000000000.0,0.0,-10000000000.0,0.0,-10000000000.0,0.0,-10000000000.0,1.0,0.0,0.0,-10000000000.0
bloodmnist:test:1934,0ac6a6cea3cd8a0285b74cd0d107f46f1e0609e9ce01e1b99997cc32d88ff89f,bloodmnist_demo,1729,test,4,4,1.1205703832090563,0.0,-10000000000.0,0.0,-10000000000.0,0.0,-10000000000.0,0.0,-10000000000.0,1.0,0.0,0.0,-10000000000.0
bloodmnist:test:1935,9950fead9e2c376fd6491340edc2b960416b20021c2505641d12001197ae00be,bloodmnist_demo,1729,test,5,4,1.1205703832090563,0.0,-10000000000.0,0.0,-10000000000.0,0.0,-10000000000.0,0.0,-10000000000.0,1.0,0.0,0.0,-10000000000.0
bloodmnist:test:1936,cb01cb20597956ceba2b8310f6b5f7f1221e39a8d6d6203599137aa0316f46bf,bloodmnist_demo,1729,test,5,4,1.1205703832090563,0.0,-10000000000.0,0.0,-10000000000.0,0.0,-10000000000.0,0.0,-10000000000.0,1.0,0.0,0.0,-10000000000.0
bloodmnist:test:1938,0443f2376157af1f6af7a85b857ea459e2800bc22422ba52b0cb78d8077d2345,bloodmnist_demo,1729,test,1,4,1.1205703832090563,0.0,-10000000000.0,0.0,-10000000000.0,0.0,-10000000000.0,0.0,-10000000000.0,1.0,0.0,0.0,-10000000000.0
bloodmnist:test:1939,13847b60413f47229dea2571f39f90fc12a97a6cef2ad841f7c386451dbc93b4,bloodmnist_demo,1729,test,1,4,1.1205703832090563,0.0,-10000000000.0,0.0,-10000000000.0,0.0,-10000000000.0,0.0,-10000000000.0,1.0,0.0,0.0,-10000000000.0
bloodmnist:test:1940,3006980110d013d7dfa144ba146c9389a88c7ae31843bf557c488c43c22eefce,bloodmnist_demo,1729,test,4,4,1.1205703832090563,0.0,-10000000000.0,0.0,-10000000000.0,0.0,-10000000000.0,0.0,-10000000000.0,1.0,0.0,0.0,-10000000000.0
bloodmnist:test:1941,4a57441d13c78146ce86760923bceda274173b557dab63935c5fc176d700dc4a,bloodmnist_demo,1729,test,4,4,1.1205703832090563,0.0,-10000000000.0,0.0,-10000000000.0,0.0,-10000000000.0,0.0,-10000000000.0,1.0,0.0,0.0,-10000000000.0
bloodmnist:test:1942,e038a83d73714db212ad66cfaa03a9c592301f63cb5245a14670da83b2eb73c4,bloodmnist_demo,1729,test,3,4,1.1205703832090563,0.0,-10000000000.0,0.0,-10000000000.0,0.0,-10000000000.0,0.0,-10000000000.0,1.0,0.0,0.0,-10000000000.0
bloodmnist:test:1943,1c05cc8a1672dd03c4d8baeb8bcc5295958efb3bd530f9bdaeb841793113f3c0,bloodmnist_demo,1729,test,5,4,1.1205703832090563,0.0,-10000000000.0,0.0,-10000000000.0,0.0,-10000000000.0,0.0,-10000000000.0,1.0,0.0,0.0,-10000000000.0
bloodmnist:test:1944,7dec899f96f3ca0322a7a95f5f5aa847362195b232edfe87dceb856f4fe4ba4d,bloodmnist_demo,1729,test,5,4,1.1205703832090563,0.0,-10000000000.0,0.0,-10000000000.0,0.0,-10000000000.0,0.0,-10000000000.0,1.0,0.0,0.0,-10000000000.0
bloodmnist:test:1947,ddf84fc335cb6fd62aa81db00b8ddc9936134939671a163b6d88b1164c703dc1,bloodmnist_demo,1729,test,1,4,1.1205703832090563,0.0,-10000000000.0,0.0,-10000000000.0,0.0,-10000000000.0,0.0,-10000000000.0,1.0,0.0,0.0,-10000000000.0
bloodmnist:test:1948,ecf51a58afe0686032dd5c4d97e449e268ccde0d897e3eaed47276038422c33f,bloodmnist_demo,1729,test,5,4,1.1205703832090563,0.0,-10000000000.0,0.0,-10000000000.0,0.0,-10000000000.0,0.0,-10000000000.0,1.0,0.0,0.0,-10000000000.0
bloodmnist:test:1949,34e165ad2e1fd7c5977eebe05e6afd869e5e96b1b17675cee8f3199adde99e56,bloodmnist_demo,1729,test,5,4,1.1205703832090563,0.0,-10000000000.0,0.0,-10000000000.0,0.0,-10000000000.0,0.0,-10000000000.0,1.0,0.0,0.0,-10000000000.0
bloodmnist:test:1950,e0a51cffbe9aa5eb7b8a33ddf95fd47d79abd4ad7ec658f046eb47f15b2fadc4,bloodmnist_demo,1729,test,5,4,1.1205703832090563,0.0,-10000000000.0,0.0,-10000000000.0,0.0,-10000000000.0,0.0,-10000000000.0,1.0,0.0,0.0,-10000000000.0
bloodmnist:test:1951,276d8ec59fc29942e67de6f73d1521853183169e267b65a22f66eeced9c672fe,bloodmnist_demo,1729,test,1,4,1.1205703832090563,0.0,-10000000000.0,0.0,-10000000000.0,0.0,-10000000000.0,0.0,-10000000000.0,1.0,0.0,0.0,-10000000000.0
bloodmnist:test:1952,abdbd6254bbc9e6bcd678d1e44420e593df2cc531237422012d2386fd4d423dd,bloodmnist_demo,1729,test,0,4,1.1205703832090563,0.0,-10000000000.0,0.0,-10000000000.0,0.0,-10000000000.0,0.0,-10000000000.0,1.0,0.0,0.0,-10000000000.0
bloodmnist:test:1953,8b9ae2aa4eb52e34b29f4d8cc31ae907f32fda8486f3cd60c25faa7417922b9a,bloodmnist_demo,1729,test,5,4,1.1205703832090563,0.0,-10000000000.0,0.0,-10000000000.0,0.0,-10000000000.0,0.0,-10000000000.0,1.0,0.0,0.0,-10000000000.0
bloodmnist:test:1954,3672eb00ac256d24ef5f10bf8a7666aef545049fbc766ad683ae2c8635f9c70e,bloodmnist_demo,1729,test,1,4,1.1205703832090563,0.0,-10000000000.0,0.0,-10000000000.0,0.0,-10000000000.0,0.0,-10000000000.0,1.0,0.0,0.0,-10000000000.0
bloodmnist:test:1956,916f736ffd0941975c4ada91d0fde0e3b30c3be194c144eafbeccb7b185c3ebc,bloodmnist_demo,1729,test,1,4,1.1205703832090563,0.0,-10000000000.0,0.0,-10000000000.0,0.0,-10000000000.0,0.0,-10000000000.0,1.0,0.0,0.0,-10000000000.0
bloodmnist:test:1957,af4737208965b10555161e6362a44da90c9e8d5bbb48d9e119893895123f66e7,bloodmnist_demo,1729,test,1,4,1.1205703832090563,0.0,-10000000000.0,0.0,-10000000000.0,0.0,-10000000000.0,0.0,-10000000000.0,1.0,0.0,0.0,-10000000000.0
bloodmnist:test:1959,d1a67c8b7dd58a7468a49a459c876c72d3d70544d1957a28e18779eb905d6118,bloodmnist_demo,1729,test,4,4,1.1205703832090563,0.0,-10000000000.0,0.0,-10000000000.0,0.0,-10000000000.0,0.0,-10000000000.0,1.0,0.0,0.0,-10000000000.0
bloodmnist:test:1960,771e68495282f9dd24fbcd536a84f991ce17529c9d1c0b2f7fd57ef20ac99ea1,bloodmnist_demo,1729,test,5,4,1.1205703832090563,0.0,-10000000000.0,0.0,-10000000000.0,0.0,-10000000000.0,0.0,-10000000000.0,1.0,0.0,0.0,-10000000000.0
bloodmnist:test:1961,cafa4f608dbc3270c4a7444620efdc5299409db1aa6e8012070fab5782c73e9c,bloodmnist_demo,1729,test,4,4,1.1205703832090563,0.0,-10000000000.0,0.0,-10000000000.0,0.0,-10000000000.0,0.0,-10000000000.0,1.0,0.0,0.0,-10000000000.0
bloodmnist:test:1963,092038eb0bbe40967aeb3b4084f1421c71a4038bc7f005ff9c37e1f5d302e768,bloodmnist_demo,1729,test,5,4,1.1205703832090563,0.0,-10000000000.0,0.0,-10000000000.0,0.0,-10000000000.0,0.0,-10000000000.0,1.0,0.0,0.0,-10000000000.0
bloodmnist:test:1964,a2246cd6b557d0566d789eeb888a6c36304825132cd6b9da35faff3b70d7983f,bloodmnist_demo,1729,test,4,4,1.1205703832090563,0.0,-10000000000.0,0.0,-10000000000.0,0.0,-10000000000.0,0.0,-10000000000.0,1.0,0.0,0.0,-10000000000.0
bloodmnist:test:1965,c13ef9657444adf8e37e02c5dcbe1d5340c7e3be23d440941ab705f6b0137ace,bloodmnist_demo,1729,test,0,4,1.1205703832090563,0.0,-10000000000.0,0.0,-10000000000.0,0.0,-10000000000.0,0.0,-10000000000.0,1.0,0.0,0.0,-10000000000.0
bloodmnist:test:1966,3434c940a8008e50a6bcb9f022941c351be490277d46e12ed0eae5f1df003059,bloodmnist_demo,1729,test,5,4,1.1205703832090563,0.0,-10000000000.0,0.0,-10000000000.0,0.0,-10000000000.0,0.0,-10000000000.0,1.0,0.0,0.0,-10000000000.0
bloodmnist:test:1967,56a0fafc8b78ac4558b17c6993c3396e71d403aa02e1214e19e3affa127b6537,bloodmnist_demo,1729,test,5,4,1.1205703832090563,0.0,-10000000000.0,0.0,-10000000000.0,0.0,-10000000000.0,0.0,-10000000000.0,1.0,0.0,0.0,-10000000000.0
bloodmnist:test:1968,5d6de7b2f5ab9c31f31485c97ee27f3f0aa577fd8adb11511b8977039439f15d,bloodmnist_demo,1729,test,1,4,1.1205703832090563,0.0,-10000000000.0,0.0,-10000000000.0,0.0,-10000000000.0,0.0,-10000000000.0,1.0,0.0,0.0,-10000000000.0
bloodmnist:test:1969,b64ea4a3f24051ae93ffc1bd0d230d10fac104ca77370f736697174f05cbcff2,bloodmnist_demo,1729,test,5,4,1.1205703832090563,0.0,-10000000000.0,0.0,-10000000000.0,0.0,-10000000000.0,0.0,-10000000000.0,1.0,0.0,0.0,-10000000000.0
bloodmnist:test:1970,a4a26c8aa2e7d6e966bdef1e92fe8c3044320e44e077143066b5e3cf1978c2f1,bloodmnist_demo,1729,test,1,4,1.1205703832090563,0.0,-10000000000.0,0.0,-10000000000.0,0.0,-10000000000.0,0.0,-10000000000.0,1.0,0.0,0.0,-10000000000.0
bloodmnist:test:1972,677af9848b6c312f276890887f45dfe23a6a29613140cd88f5f454e1413639f3,bloodmnist_demo,1729,test,4,4,1.1205703832090563,0.0,-10000000000.0,0.0,-10000000000.0,0.0,-10000000000.0,0.0,-10000000000.0,1.0,0.0,0.0,-10000000000.0
bloodmnist:test:1973,b8f96c0b6ddefc5af786e81390c01dde689a957d27e7f7a2d3188e0d7f04d9e2,bloodmnist_demo,1729,test,4,4,1.1205703832090563,0.0,-10000000000.0,0.0,-10000000000.0,0.0,-10000000000.0,0.0,-10000000000.0,1.0,0.0,0.0,-10000000000.0
bloodmnist:test:1974,dec42b5293ee44437dfc4249740547165a5d24b9b03736fe200c22b4d4044ee3,bloodmnist_demo,1729,test,4,4,1.1205703832090563,0.0,-10000000000.0,0.0,-10000000000.0,0.0,-10000000000.0,0.0,-10000000000.0,1.0,0.0,0.0,-10000000000.0
bloodmnist:test:1975,d8401c995fcc3ba4b2d4aa9bcc1fd16cc9a3ef1dbac1504f56ae255121193f08,bloodmnist_demo,1729,test,5,4,1.1205703832090563,0.0,-10000000000.0,0.0,-10000000000.0,0.0,-10000000000.0,0.0,-10000000000.0,1.0,0.0,0.0,-10000000000.0
bloodmnist:test:1976,0cc46dd4603068f7f3b3576d7dc3a104102f83455560918634bc0f06df22aa70,bloodmnist_demo,1729,test,1,4,1.1205703832090563,0.0,-10000000000.0,0.0,-10000000000.0,0.0,-10000000000.0,0.0,-10000000000.0,1.0,0.0,0.0,-10000000000.0
bloodmnist:test:1978,8d5586a25915b659eaf5f1b44b7acf56ccfb821eb47bfd5d871a9e2b970961dd,bloodmnist_demo,1729,test,1,4,1.1205703832090563,0.0,-10000000000.0,0.0,-10000000000.0,0.0,-10000000000.0,0.0,-10000000000.0,1.0,0.0,0.0,-10000000000.0
bloodmnist:test:1979,369c23dbb7eea1c13e1be6e195fe4db16756d1c8dc3badc2b3cca19cc6b4750c,bloodmnist_demo,1729,test,4,4,1.1205703832090563,0.0,-10000000000.0,0.0,-10000000000.0,0.0,-10000000000.0,0.0,-10000000000.0,1.0,0.0,0.0,-10000000000.0
bloodmnist:test:1980,38a7f1f80498b8795f7db9b3e76425f577e68060eb0fc1aa4416a93a462d5932,bloodmnist_demo,1729,test,4,4,1.1205703832090563,0.0,-10000000000.0,0.0,-10000000000.0,0.0,-10000000000.0,0.0,-10000000000.0,1.0,0.0,0.0,-10000000000.0
bloodmnist:test:1981,69f8e3e09b1dd8385ea2f63b1d99c8d31041995f807a1a4afc8e6b2d979abba8,bloodmnist_demo,1729,test,5,4,1.1205703832090563,0.0,-10000000000.0,0.0,-10000000000.0,0.0,-10000000000.0,0.0,-10000000000.0,1.0,0.0,0.0,-10000000000.0
bloodmnist:test:1982,969e0a7ffe0404128843f12595d4cf855cdf0e1c81a42991d9d10dac46c6e9c0,bloodmnist_demo,1729,test,1,4,1.1205703832090563,0.0,-10000000000.0,0.0,-10000000000.0,0.0,-10000000000.0,0.0,-10000000000.0,1.0,0.0,0.0,-10000000000.0
bloodmnist:test:1985,e6d789a55699ab64c017914b92173b817892c70657e9d3d3bbcd3e29c4b3e946,bloodmnist_demo,1729,test,4,4,1.1205703832090563,0.0,-10000000000.0,0.0,-10000000000.0,0.0,-10000000000.0,0.0,-10000000000.0,1.0,0.0,0.0,-10000000000.0
bloodmnist:test:1986,d62a929deddb9bac26a557499f776798edf64efcfe0d983ca1bc4c7f28202e88,bloodmnist_demo,1729,test,5,4,1.1205703832090563,0.0,-10000000000.0,0.0,-10000000000.0,0.0,-10000000000.0,0.0,-10000000000.0,1.0,0.0,0.0,-10000000000.0
bloodmnist:test:1987,87ba96b42b6a65dd41009455104fc3f3040edb3fb507289011ebd4dd1453b9f1,bloodmnist_demo,1729,test,1,4,1.1205703832090563,0.0,-10000000000.0,0.0,-10000000000.0,0.0,-10000000000.0,0.0,-10000000000.0,1.0,0.0,0.0,-10000000000.0
bloodmnist:test:1988,0e2ab8cfc4d9dcce5bb45590a8047deb7c08e15e56c5cc85f5d8f80f9fc8e93b,bloodmnist_demo,1729,test,2,4,1.1205703832090563,0.0,-10000000000.0,0.0,-10000000000.0,0.0,-10000000000.0,0.0,-10000000000.0,1.0,0.0,0.0,-10000000000.0
bloodmnist:test:1990,3228c328eed8c7019ac98557cc4c33283f93ed0c33f6f6f0ae15de85968ac662,bloodmnist_demo,1729,test,0,4,1.1205703832090563,0.0,-10000000000.0,0.0,-10000000000.0,0.0,-10000000000.0,0.0,-10000000000.0,1.0,0.0,0.0,-10000000000.0
bloodmnist:test:1991,5e90edf419366e2b7f8f447e5742b8d6a18eb035e33fbde8b2ae92c5b212251e,bloodmnist_demo,1729,test,5,4,1.1205703832090563,0.0,-10000000000.0,0.0,-10000000000.0,0.0,-10000000000.0,0.0,-10000000000.0,1.0,0.0,0.0,-10000000000.0
bloodmnist:test:1992,a9f2d368b3515a9865372d4e968ee88aeb80afde64d4aa8c5ca61b5ee137234d,bloodmnist_demo,1729,test,3,4,1.1205703832090563,0.0,-10000000000.0,0.0,-10000000000.0,0.0,-10000000000.0,0.0,-10000000000.0,1.0,0.0,0.0,-10000000000.0
bloodmnist:test:1993,f501f0bfa933bb3af0556a55427ff8f55f7619c867a26f14d9a5f3cfdba9c4d2,bloodmnist_demo,1729,test,5,4,1.1205703832090563,0.0,-10000000000.0,0.0,-10000000000.0,0.0,-10000000000.0,0.0,-10000000000.0,1.0,0.0,0.0,-10000000000.0
bloodmnist:test:1995,83a66bd3548da29b89f53d669dc9d5f9516574f99065c2bcbf8f202e2047ec5a,bloodmnist_demo,1729,test,2,4,1.1205703832090563,0.0,-10000000000.0,0.0,-10000000000.0,0.0,-10000000000.0,0.0,-10000000000.0,1.0,0.0,0.0,-10000000000.0
bloodmnist:test:1996,e1abc8bfd8e7745fc899a86807dfe3e29afdcc3fd64d0f6ab0c083fbce53d511,bloodmnist_demo,1729,test,2,4,1.1205703832090563,0.0,-10000000000.0,0.0,-10000000000.0,0.0,-10000000000.0,0.0,-10000000000.0,1.0,0.0,0.0,-10000000000.0
bloodmnist:test:1998,f05b08adc61f866b1b6cd735b5e846e67451494f8a046217c3029454bb2c49ce,bloodmnist_demo,1729,test,0,4,1.1205703832090563,0.0,-10000000000.0,0.0,-10000000000.0,0.0,-10000000000.0,0.0,-10000000000.0,1.0,0.0,0.0,-10000000000.0
bloodmnist:test:1999,50ac7f6c7e499c7a56ccf8c7c55ff52ad688cf309179fb7f10dc615612e3972c,bloodmnist_demo,1729,test,5,4,1.1205703832090563,0.0,-10000000000.0,0.0,-10000000000.0,0.0,-10000000000.0,0.0,-10000000000.0,1.0,0.0,0.0,-10000000000.0
bloodmnist:test:2000,e4a1636eb9c17d5e4969c9b50d89ba266df7a33ff4e061793aae130d375874a8,bloodmnist_demo,1729,test,1,4,1.1205703832090563,0.0,-10000000000.0,0.0,-10000000000.0,0.0,-10000000000.0,0.0,-10000000000.0,1.0,0.0,0.0,-10000000000.0
bloodmnist:test:2001,5885d0c8515d85ec61bc7a09c2f3e01b32dd60f49887b6d146aad6101cc6dd07,bloodmnist_demo,1729,test,1,4,1.1205703832090563,0.0,-10000000000.0,0.0,-10000000000.0,0.0,-10000000000.0,0.0,-10000000000.0,1.0,0.0,0.0,-10000000000.0
bloodmnist:test:2002,7b7b3ef19b7e4e6bd1991cec6098d181a915b29e6fe27a9abe73be1566b9732b,bloodmnist_demo,1729,test,1,4,1.1205703832090563,0.0,-10000000000.0,0.0,-10000000000.0,0.0,-10000000000.0,0.0,-10000000000.0,1.0,0.0,0.0,-10000000000.0
bloodmnist:test:2003,c2233264e4c8b3cf644c94702108ad1dcf34726f5802497e5bd4f95bcf158dfc,bloodmnist_demo,1729,test,1,4,1.1205703832090563,0.0,-10000000000.0,0.0,-10000000000.0,0.0,-10000000000.0,0.0,-10000000000.0,1.0,0.0,0.0,-10000000000.0
bloodmnist:test:2004,5d4c40a702c12ae601ae79af1bd3599842cad7e41a92b50654e32a702c22f7c9,bloodmnist_demo,1729,test,4,4,1.1205703832090563,0.0,-10000000000.0,0.0,-10000000000.0,0.0,-10000000000.0,0.0,-10000000000.0,1.0,0.0,0.0,-10000000000.0
bloodmnist:test:2005,6ebe6510c33004b88027fae9d1087f38171ce5b9b7ccad1c85302c14c106e63a,bloodmnist_demo,1729,test,4,4,1.1205703832090563,0.0,-10000000000.0,0.0,-10000000000.0,0.0,-10000000000.0,0.0,-10000000000.0,1.0,0.0,0.0,-10000000000.0
bloodmnist:test:2006,afde930769b6b38e67d62b9973fb6b05b3e696b331e0eaece60e1dce6b62edd8,bloodmnist_demo,1729,test,4,4,1.1205703832090563,0.0,-10000000000.0,0.0,-10000000000.0,0.0,-10000000000.0,0.0,-10000000000.0,1.0,0.0,0.0,-10000000000.0
bloodmnist:test:2008,6e7f4f3f0b4655e975d0a06df699428e0614c0f6bd56c9b689b83b3f6bcc00b1,bloodmnist_demo,1729,test,1,4,1.1205703832090563,0.0,-10000000000.0,0.0,-10000000000.0,0.0,-10000000000.0,0.0,-10000000000.0,1.0,0.0,0.0,-10000000000.0
bloodmnist:test:2011,857ce789323fc0c0d1702a33f51125e5775cbb9f1b2e58bb4f73f21ed54ba75d,bloodmnist_demo,1729,test,4,4,1.1205703832090563,0.0,-10000000000.0,0.0,-10000000000.0,0.0,-10000000000.0,0.0,-10000000000.0,1.0,0.0,0.0,-10000000000.0
bloodmnist:test:2012,041a3531cba6a7c1da860dd28c54e55bbba52d0608ce3b8c76ef2495d73c1e54,bloodmnist_demo,1729,test,2,4,1.1205703832090563,0.0,-10000000000.0,0.0,-10000000000.0,0.0,-10000000000.0,0.0,-10000000000.0,1.0,0.0,0.0,-10000000000.0
bloodmnist:test:2013,8fa8108b710bb1c15d470f65bccf4b880d3896fa316d12297b5c4ae986633393,bloodmnist_demo,1729,test,3,4,1.1205703832090563,0.0,-10000000000.0,0.0,-10000000000.0,0.0,-10000000000.0,0.0,-10000000000.0,1.0,0.0,0.0,-10000000000.0
bloodmnist:test:2014,62c4307980bf19d8be34edc27dbb77ab71be2f6935743bc818af0842ed3173ad,bloodmnist_demo,1729,test,4,4,1.1205703832090563,0.0,-10000000000.0,0.0,-10000000000.0,0.0,-10000000000.0,0.0,-10000000000.0,1.0,0.0,0.0,-10000000000.0
bloodmnist:test:2015,45cc6de065687dc9bb1020a44bf9357dc4f35d2713c825441ac8895f0452663d,bloodmnist_demo,1729,test,1,4,1.1205703832090563,0.0,-10000000000.0,0.0,-10000000000.0,0.0,-10000000000.0,0.0,-10000000000.0,1.0,0.0,0.0,-10000000000.0
bloodmnist:test:2016,a73ca95b8b9f6c77c5d529b8c23342c8721520a823a0230c5e44a347839134c5,bloodmnist_demo,1729,test,1,4,1.1205703832090563,0.0,-10000000000.0,0.0,-10000000000.0,0.0,-10000000000.0,0.0,-10000000000.0,1.0,0.0,0.0,-10000000000.0
bloodmnist:test:2017,73de5f8ff461624eaac9ac518d609020f02fb6fb858c2ee4411e37f49a6ec132,bloodmnist_demo,1729,test,4,4,1.1205703832090563,0.0,-10000000000.0,0.0,-10000000000.0,0.0,-10000000000.0,0.0,-10000000000.0,1.0,0.0,0.0,-10000000000.0
bloodmnist:test:2019,da95fbc4708942b65c712797fe1a5756189875dc477651e579e9ef0eb38b7e18,bloodmnist_demo,1729,test,4,4,1.1205703832090563,0.0,-10000000000.0,0.0,-10000000000.0,0.0,-10000000000.0,0.0,-10000000000.0,1.0,0.0,0.0,-10000000000.0
bloodmnist:test:2020,22fd98849d456ccba1255aa506900b20d7b3b25a4d06148141fd30121d165465,bloodmnist_demo,1729,test,0,4,1.1205703832090563,0.0,-10000000000.0,0.0,-10000000000.0,0.0,-10000000000.0,0.0,-10000000000.0,1.0,0.0,0.0,-10000000000.0
bloodmnist:test:2021,a90689b3fb29f6a874ae1052a0ccba9d054f91bab7b224d69ccc17c2e1b69eee,bloodmnist_demo,1729,test,2,4,1.1205703832090563,0.0,-10000000000.0,0.0,-10000000000.0,0.0,-10000000000.0,0.0,-10000000000.0,1.0,0.0,0.0,-10000000000.0
bloodmnist:test:2022,256c121706c479f478f7bab06ec2c9bfaaba51ffefeef987dcca91b06f5bb58e,bloodmnist_demo,1729,test,1,4,1.1205703832090563,0.0,-10000000000.0,0.0,-10000000000.0,0.0,-10000000000.0,0.0,-10000000000.0,1.0,0.0,0.0,-10000000000.0
bloodmnist:test:2023,a96db26603a121dc40c767aeb8beb88eb8344952e9e2fb8bce4195be36e291d2,bloodmnist_demo,1729,test,3,4,1.1205703832090563,0.0,-10000000000.0,0.0,-10000000000.0,0.0,-10000000000.0,0.0,-10000000000.0,1.0,0.0,0.0,-10000000000.0
bloodmnist:test:2024,85f40a6883e40e124c85a917b39625e170f4b5ce13579c32c57a2bb50198c926,bloodmnist_demo,1729,test,4,4,1.1205703832090563,0.0,-10000000000.0,0.0,-10000000000.0,0.0,-10000000000.0,0.0,-10000000000.0,1.0,0.0,0.0,-10000000000.0
bloodmnist:test:2025,53dc301845e2b9fea02a9b9692a19b0f16255824453ab2edab526c685cff3696,bloodmnist_demo,1729,test,1,4,1.1205703832090563,0.0,-10000000000.0,0.0,-10000000000.0,0.0,-10000000000.0,0.0,-10000000000.0,1.0,0.0,0.0,-10000000000.0
bloodmnist:test:2026,705b78a10826ea90ed35607b30613aadff6de1370c45d9d0259fd8a940b56d3c,bloodmnist_demo,1729,test,1,4,1.1205703832090563,0.0,-10000000000.0,0.0,-10000000000.0,0.0,-10000000000.0,0.0,-10000000000.0,1.0,0.0,0.0,-10000000000.0
bloodmnist:test:2027,1c0ead9e882f5ed6845982e9676cfc6baeb0eeab0938c7d3f5c3995ae5344017,bloodmnist_demo,1729,test,5,4,1.1205703832090563,0.0,-10000000000.0,0.0,-10000000000.0,0.0,-10000000000.0,0.0,-10000000000.0,1.0,0.0,0.0,-10000000000.0
bloodmnist:test:2030,558e9f0e8370a2c496b62c83b00fd505b021f403a6c73cb06a80cf9b35bcd7e9,bloodmnist_demo,1729,test,5,4,1.1205703832090563,0.0,-10000000000.0,0.0,-10000000000.0,0.0,-10000000000.0,0.0,-10000000000.0,1.0,0.0,0.0,-10000000000.0
bloodmnist:test:2031,57e51e5d9f6dfb0f663ce0765978f508e22ee9c585a3543db12cdb023b434cd1,bloodmnist_demo,1729,test,1,4,1.1205703832090563,0.0,-10000000000.0,0.0,-10000000000.0,0.0,-10000000000.0,0.0,-10000000000.0,1.0,0.0,0.0,-10000000000.0
bloodmnist:test:2032,04e45072c603c888c92e3e605c2058991a0563610e5a86a92ee7882d67447c64,bloodmnist_demo,1729,test,4,4,1.1205703832090563,0.0,-10000000000.0,0.0,-10000000000.0,0.0,-10000000000.0,0.0,-10000000000.0,1.0,0.0,0.0,-10000000000.0
bloodmnist:test:2034,bf3fb9181cb3788543dd9662fe649acf209b4369820d1d37390823fd52d00e49,bloodmnist_demo,1729,test,4,4,1.1205703832090563,0.0,-10000000000.0,0.0,-10000000000.0,0.0,-10000000000.0,0.0,-10000000000.0,1.0,0.0,0.0,-10000000000.0
bloodmnist:test:2035,2eca572cb55d873b72e236a0d561a5cc5920713421034c75b80de38456518135,bloodmnist_demo,1729,test,4,4,1.1205703832090563,0.0,-10000000000.0,0.0,-10000000000.0,0.0,-10000000000.0,0.0,-10000000000.0,1.0,0.0,0.0,-10000000000.0
bloodmnist:test:2036,8cab9d08223b9f2dbc95ab2b71fce46af3e768f08599d5a0f0557d243105b5e4,bloodmnist_demo,1729,test,5,4,1.1205703832090563,0.0,-10000000000.0,0.0,-10000000000.0,0.0,-10000000000.0,0.0,-10000000000.0,1.0,0.0,0.0,-10000000000.0
bloodmnist:test:2039,3656342e64bb32b4d3976ffb725bea0c1ba1ea610ef14df6088c7abf7e173fbe,bloodmnist_demo,1729,test,4,4,1.1205703832090563,0.0,-10000000000.0,0.0,-10000000000.0,0.0,-10000000000.0,0.0,-10000000000.0,1.0,0.0,0.0,-10000000000.0
bloodmnist:test:2040,7e9908924e3f38cb48b0cd20bc5ce669802a65295e9d8ff752700ca10bbc3afd,bloodmnist_demo,1729,test,4,4,1.1205703832090563,0.0,-10000000000.0,0.0,-10000000000.0,0.0,-10000000000.0,0.0,-10000000000.0,1.0,0.0,0.0,-10000000000.0
bloodmnist:test:2041,80efe8a9bac2762f99304c98c3599fc3a9c9d961de8c2365bed617c44a75d961,bloodmnist_demo,1729,test,5,4,1.1205703832090563,0.0,-10000000000.0,0.0,-10000000000.0,0.0,-10000000000.0,0.0,-10000000000.0,1.0,0.0,0.0,-10000000000.0
bloodmnist:test:2042,3ea7bd1c28863cc10a398a669eebff3d421cf1237e30fabffc04eb7c0ab36367,bloodmnist_demo,1729,test,2,4,1.1205703832090563,0.0,-10000000000.0,0.0,-10000000000.0,0.0,-10000000000.0,0.0,-10000000000.0,1.0,0.0,0.0,-10000000000.0
bloodmnist:test:2043,7fbbfe37771ca46d04b0448a61ad9ef51a1f2eadc38926a07cdc34232594eb17,bloodmnist_demo,1729,test,1,4,1.1205703832090563,0.0,-10000000000.0,0.0,-10000000000.0,0.0,-10000000000.0,0.0,-10000000000.0,1.0,0.0,0.0,-10000000000.0
bloodmnist:test:2044,1d8cf3d1772ffa7d69858c757951e8d707617a2d14779817aa237158e1c780cc,bloodmnist_demo,1729,test,4,4,1.1205703832090563,0.0,-10000000000.0,0.0,-10000000000.0,0.0,-10000000000.0,0.0,-10000000000.0,1.0,0.0,0.0,-10000000000.0
bloodmnist:test:2045,532277a81a8d30bc0ba829e597e7cb75486c37780aa9c9d1b4020e37d483bce0,bloodmnist_demo,1729,test,0,4,1.1205703832090563,0.0,-10000000000.0,0.0,-10000000000.0,0.0,-10000000000.0,0.0,-10000000000.0,1.0,0.0,0.0,-10000000000.0
bloodmnist:test:2046,8e834aa033fb6e0fb64846bd18bf0f668ea2beb332d7771c6eca4cc92a020dff,bloodmnist_demo,1729,test,2,4,1.1205703832090563,0.0,-10000000000.0,0.0,-10000000000.0,0.0,-10000000000.0,0.0,-10000000000.0,1.0,0.0,0.0,-10000000000.0
bloodmnist:test:2047,c137593abf6211ef69b5e7133fc9ff452218e198c26adcf4f0370f3f8bc27882,bloodmnist_demo,1729,test,2,4,1.1205703832090563,0.0,-10000000000.0,0.0,-10000000000.0,0.0,-10000000000.0,0.0,-10000000000.0,1.0,0.0,0.0,-10000000000.0
bloodmnist:test:2048,baa194390eed25249d9b37bc68a8226767c6b00d6f32af9a2b0d9068d537289c,bloodmnist_demo,1729,test,3,4,1.1205703832090563,0.0,-10000000000.0,0.0,-10000000000.0,0.0,-10000000000.0,0.0,-10000000000.0,1.0,0.0,0.0,-10000000000.0
bloodmnist:test:2049,02b00b5686339ff663111b0630793bf27fc614f3b0b7de8fe42ed1fbe68aab95,bloodmnist_demo,1729,test,4,4,1.1205703832090563,0.0,-10000000000.0,0.0,-10000000000.0,0.0,-10000000000.0,0.0,-10000000000.0,1.0,0.0,0.0,-10000000000.0
bloodmnist:test:2050,3f2e484e7a829fb96e76b7ce95bf9f5bd8d412e0930f7c3903a250a402d94d45,bloodmnist_demo,1729,test,5,4,1.1205703832090563,0.0,-10000000000.0,0.0,-10000000000.0,0.0,-10000000000.0,0.0,-10000000000.0,1.0,0.0,0.0,-10000000000.0
bloodmnist:test:2051,3e1d0ef9c07ed103c5b38acb97c5d19ba85ba4d855436f135b5cbe53ee0f079b,bloodmnist_demo,1729,test,0,4,1.1205703832090563,0.0,-10000000000.0,0.0,-10000000000.0,0.0,-10000000000.0,0.0,-10000000000.0,1.0,0.0,0.0,-10000000000.0
bloodmnist:test:2053,c9db60e35af4f6ff27d14c5258518620236bc6c02c605333deedfa55da2f702d,bloodmnist_demo,1729,test,1,4,1.1205703832090563,0.0,-10000000000.0,0.0,-10000000000.0,0.0,-10000000000.0,0.0,-10000000000.0,1.0,0.0,0.0,-10000000000.0
bloodmnist:test:2054,30108b66868d216bf89bf9d77bc05a645ee7ac07cf1926e1387b6c77a0415a8a,bloodmnist_demo,1729,test,5,4,1.1205703832090563,0.0,-10000000000.0,0.0,-10000000000.0,0.0,-10000000000.0,0.0,-10000000000.0,1.0,0.0,0.0,-10000000000.0
bloodmnist:test:2055,fae78bcb6c0e1a223b0de022f91df9b521fc89fbb8787cbf4f8ead53b9ce0abb,bloodmnist_demo,1729,test,2,4,1.1205703832090563,0.0,-10000000000.0,0.0,-10000000000.0,0.0,-10000000000.0,0.0,-10000000000.0,1.0,0.0,0.0,-10000000000.0
bloodmnist:test:2056,2eb859a198cb04656eaa2307d5e0de072dbf9764e07a11a3dde2038d81bc0aa1,bloodmnist_demo,1729,test,4,4,1.1205703832090563,0.0,-10000000000.0,0.0,-10000000000.0,0.0,-10000000000.0,0.0,-10000000000.0,1.0,0.0,0.0,-10000000000.0
bloodmnist:test:2057,dbc92f2b9b672b1e10084efe875bb7c7c83fe1379e9a19338e29938e10794fa9,bloodmnist_demo,1729,test,2,4,1.1205703832090563,0.0,-10000000000.0,0.0,-10000000000.0,0.0,-10000000000.0,0.0,-10000000000.0,1.0,0.0,0.0,-10000000000.0
bloodmnist:test:2059,f2d176754e7e8cd5872bc08faf92c50a08e707290e5c95c5fee5bf11dc4da681,bloodmnist_demo,1729,test,3,4,1.1205703832090563,0.0,-10000000000.0,0.0,-10000000000.0,0.0,-10000000000.0,0.0,-10000000000.0,1.0,0.0,0.0,-10000000000.0
bloodmnist:test:2060,27a333b811163455dfe409c54ebc85a86f8c318ebb49dac869fc6165180d9029,bloodmnist_demo,1729,test,0,4,1.1205703832090563,0.0,-10000000000.0,0.0,-10000000000.0,0.0,-10000000000.0,0.0,-10000000000.0,1.0,0.0,0.0,-10000000000.0
bloodmnist:test:2061,bf45b3070e04118381d1c9cb739ddc8510467bc2d0edd76c78684cb6ecac0c18,bloodmnist_demo,1729,test,2,4,1.1205703832090563,0.0,-10000000000.0,0.0,-10000000000.0,0.0,-10000000000.0,0.0,-10000000000.0,1.0,0.0,0.0,-10000000000.0
bloodmnist:test:2062,249e2b8dfe2d6a653cf2a562b4beda2c5ec1f3037fc72f79a08f2c67c0e1cdb8,bloodmnist_demo,1729,test,3,4,1.1205703832090563,0.0,-10000000000.0,0.0,-10000000000.0,0.0,-10000000000.0,0.0,-10000000000.0,1.0,0.0,0.0,-10000000000.0
bloodmnist:test:2063,a2e58bac55d1b457b14d37db2563e64ab89df05fe36401e8fa6b3474afe7071a,bloodmnist_demo,1729,test,5,4,1.1205703832090563,0.0,-10000000000.0,0.0,-10000000000.0,0.0,-10000000000.0,0.0,-10000000000.0,1.0,0.0,0.0,-10000000000.0
bloodmnist:test:2064,2462581d07e702df15d53fa8bf843703e9422cb4f4e6f0732c2b9cd71b2beed8,bloodmnist_demo,1729,test,5,4,1.1205703832090563,0.0,-10000000000.0,0.0,-10000000000.0,0.0,-10000000000.0,0.0,-10000000000.0,1.0,0.0,0.0,-10000000000.0
bloodmnist:test:2065,44de0ff14fc7e9e144bcee25aa249d22a89ffd9c1d2de5c333a2ebd3696e60e1,bloodmnist_demo,1729,test,3,4,1.1205703832090563,0.0,-10000000000.0,0.0,-10000000000.0,0.0,-10000000000.0,0.0,-10000000000.0,1.0,0.0,0.0,-10000000000.0
bloodmnist:test:2067,5c85fbace4f6ad932e4f618ac3d79c0eb48d6b564498a0087e2821bfe52b4846,bloodmnist_demo,1729,test,5,4,1.1205703832090563,0.0,-10000000000.0,0.0,-10000000000.0,0.0,-10000000000.0,0.0,-10000000000.0,1.0,0.0,0.0,-10000000000.0
bloodmnist:test:2068,615a45cdb93ff129e70ccccdc23a8c5fabeab5682e2a403f33471586707ee58f,bloodmnist_demo,1729,test,4,4,1.1205703832090563,0.0,-10000000000.0,0.0,-10000000000.0,0.0,-10000000000.0,0.0,-10000000000.0,1.0,0.0,0.0,-10000000000.0
bloodmnist:test:2070,95ecf603ceb7a6610a7760cddabd6b55e8513cb5452e9f0dda79c16c30fa761e,bloodmnist_demo,1729,test,1,4,1.1205703832090563,0.0,-10000000000.0,0.0,-10000000000.0,0.0,-10000000000.0,0.0,-10000000000.0,1.0,0.0,0.0,-10000000000.0
bloodmnist:test:2071,0e67f7d2944c2f014db02b4007ef71b73749a24553528ff56e0d39781c80cc7f,bloodmnist_demo,1729,test,4,4,1.1205703832090563,0.0,-10000000000.0,0.0,-10000000000.0,0.0,-10000000000.0,0.0,-10000000000.0,1.0,0.0,0.0,-10000000000.0
bloodmnist:test:2075,3eef6518de1e9341e9b0e375c7a24a88f66fe3bb3165bafc459981076de8f014,bloodmnist_demo,1729,test,3,4,1.1205703832090563,0.0,-10000000000.0,0.0,-10000000000.0,0.0,-10000000000.0,0.0,-10000000000.0,1.0,0.0,0.0,-10000000000.0
bloodmnist:test:2077,78806cb9b735f7f6f0c322ad222db6dd6a01ddf6b45700aa884c885fc5971102,bloodmnist_demo,1729,test,5,4,1.1205703832090563,0.0,-10000000000.0,0.0,-10000000000.0,0.0,-10000000000.0,0.0,-10000000000.0,1.0,0.0,0.0,-10000000000.0
bloodmnist:test:2078,5e967cf9d6e166c22fb361a6c3f36ff3e75e9e5d48ecef71d760f81daec1d26e,bloodmnist_demo,1729,test,5,4,1.1205703832090563,0.0,-10000000000.0,0.0,-10000000000.0,0.0,-10000000000.0,0.0,-10000000000.0,1.0,0.0,0.0,-10000000000.0
bloodmnist:test:2079,5ad042b6b64df3b923690532fd5096fd44621fa8e6b1cb98653b52319654e557,bloodmnist_demo,1729,test,3,4,1.1205703832090563,0.0,-10000000000.0,0.0,-10000000000.0,0.0,-10000000000.0,0.0,-10000000000.0,1.0,0.0,0.0,-10000000000.0
bloodmnist:test:2080,e7e6da5823dfd20dfbd09a77f64f013c6bfeaf94b6626be934372263a82f0e28,bloodmnist_demo,1729,test,1,4,1.1205703832090563,0.0,-10000000000.0,0.0,-10000000000.0,0.0,-10000000000.0,0.0,-10000000000.0,1.0,0.0,0.0,-10000000000.0
bloodmnist:test:2081,c2f5ccefcbce1e5b9da1e284fd1658d16b4c16ecb80c3db88c9ac8b7d2361904,bloodmnist_demo,1729,test,5,4,1.1205703832090563,0.0,-10000000000.0,0.0,-10000000000.0,0.0,-10000000000.0,0.0,-10000000000.0,1.0,0.0,0.0,-10000000000.0
bloodmnist:test:2082,f4501a084f032a96cffb9346c6e9bc449122bc6578d1ae4681fdc9a4e63d56be,bloodmnist_demo,1729,test,5,4,1.1205703832090563,0.0,-10000000000.0,0.0,-10000000000.0,0.0,-10000000000.0,0.0,-10000000000.0,1.0,0.0,0.0,-10000000000.0
bloodmnist:test:2084,6be8e455fe5b47dade80d7ac23c2daac76aa5ec4f2212dc28937ea8ea1413834,bloodmnist_demo,1729,test,3,4,1.1205703832090563,0.0,-10000000000.0,0.0,-10000000000.0,0.0,-10000000000.0,0.0,-10000000000.0,1.0,0.0,0.0,-10000000000.0
bloodmnist:test:2086,6142478da51ff1184f3809051e8b928d96491510a14c9d0eea327d27c12aacf2,bloodmnist_demo,1729,test,4,4,1.1205703832090563,0.0,-10000000000.0,0.0,-10000000000.0,0.0,-10000000000.0,0.0,-10000000000.0,1.0,0.0,0.0,-10000000000.0
bloodmnist:test:2087,0dbfbac459718cb3055682d530158192e358d682fee61e4ec4967ecc206b6d78,bloodmnist_demo,1729,test,5,4,1.1205703832090563,0.0,-10000000000.0,0.0,-10000000000.0,0.0,-10000000000.0,0.0,-10000000000.0,1.0,0.0,0.0,-10000000000.0
bloodmnist:test:2088,a11c13606ebc5f48432f94ed703ad257f389f528c6ab2f7216c4810731961aa0,bloodmnist_demo,1729,test,2,4,1.1205703832090563,0.0,-10000000000.0,0.0,-10000000000.0,0.0,-10000000000.0,0.0,-10000000000.0,1.0,0.0,0.0,-10000000000.0
bloodmnist:test:2089,77ea5f414979398a4cb592cbd950021ba99f25ccff1c755333427d0e942ece5b,bloodmnist_demo,1729,test,4,4,1.1205703832090563,0.0,-10000000000.0,0.0,-10000000000.0,0.0,-10000000000.0,0.0,-10000000000.0,1.0,0.0,0.0,-10000000000.0
bloodmnist:test:2090,0608653b0c3c325b857a42c80d827a989328dcc8c86f9ad4dd26ceb25da1ff98,bloodmnist_demo,1729,test,3,4,1.1205703832090563,0.0,-10000000000.0,0.0,-10000000000.0,0.0,-10000000000.0,0.0,-10000000000.0,1.0,0.0,0.0,-10000000000.0
bloodmnist:test:2092,a120705b325dc54ebabaa6b4eccaafff4a539b1164070d5ed495eb601bb94925,bloodmnist_demo,1729,test,2,4,1.1205703832090563,0.0,-10000000000.0,0.0,-10000000000.0,0.0,-10000000000.0,0.0,-10000000000.0,1.0,0.0,0.0,-10000000000.0
bloodmnist:test:2093,f75bbca07a188d335d4651023a8100669fda08c2e00b7b371f9f40e4505d0ab6,bloodmnist_demo,1729,test,5,4,1.1205703832090563,0.0,-10000000000.0,0.0,-10000000000.0,0.0,-10000000000.0,0.0,-10000000000.0,1.0,0.0,0.0,-10000000000.0
bloodmnist:test:2095,5110cf6332740512b2a2293a27d274986d9e6fd91551a6d9b2d6a03ac098fdb6,bloodmnist_demo,1729,test,0,4,1.1205703832090563,0.0,-10000000000.0,0.0,-10000000000.0,0.0,-10000000000.0,0.0,-10000000000.0,1.0,0.0,0.0,-10000000000.0
bloodmnist:test:2096,d75cf3fc53ee4287b201d8bd78d6e3531172dbb0277c65e9eda0741d08c6c79f,bloodmnist_demo,1729,test,4,4,1.1205703832090563,0.0,-10000000000.0,0.0,-10000000000.0,0.0,-10000000000.0,0.0,-10000000000.0,1.0,0.0,0.0,-10000000000.0
bloodmnist:test:2097,e75d42c873a412648a979fd0b7cc99f47e2b69468d93c7b691ab124bc97f5dfe,bloodmnist_demo,1729,test,0,4,1.1205703832090563,0.0,-10000000000.0,0.0,-10000000000.0,0.0,-10000000000.0,0.0,-10000000000.0,1.0,0.0,0.0,-10000000000.0
bloodmnist:test:2098,3e43806db01884140d60445d9e5916e7c5ca8ea71b1fceaddc975948ea4f8602,bloodmnist_demo,1729,test,5,4,1.1205703832090563,0.0,-10000000000.0,0.0,-10000000000.0,0.0,-10000000000.0,0.0,-10000000000.0,1.0,0.0,0.0,-10000000000.0
bloodmnist:test:2100,c58cfbfde65bca1777cd966b7cf3ce1b7ccd8d00f5156762cc3baec802d6a64f,bloodmnist_demo,1729,test,4,4,1.1205703832090563,0.0,-10000000000.0,0.0,-10000000000.0,0.0,-10000000000.0,0.0,-10000000000.0,1.0,0.0,0.0,-10000000000.0
bloodmnist:test:2101,60a5d9d7d7059a2ffaa81200c83f084bd616ef3e87f0375ec497ece4a99e44f8,bloodmnist_demo,1729,test,5,4,1.1205703832090563,0.0,-10000000000.0,0.0,-10000000000.0,0.0,-10000000000.0,0.0,-10000000000.0,1.0,0.0,0.0,-10000000000.0
bloodmnist:test:2102,5c875d17a875142dbd1673bf32639094affa839409314b056d2a6aacc58c998e,bloodmnist_demo,1729,test,1,4,1.1205703832090563,0.0,-10000000000.0,0.0,-10000000000.0,0.0,-10000000000.0,0.0,-10000000000.0,1.0,0.0,0.0,-10000000000.0
bloodmnist:test:2103,f644c2562dd09e6e51efe364972692f882ae82999b568ac51a1f80f36d660894,bloodmnist_demo,1729,test,5,4,1.1205703832090563,0.0,-10000000000.0,0.0,-10000000000.0,0.0,-10000000000.0,0.0,-10000000000.0,1.0,0.0,0.0,-10000000000.0
bloodmnist:test:2104,49a568009518b4e53d809be595adc2438b45ee592b31df38c894d5476eba462f,bloodmnist_demo,1729,test,1,4,1.1205703832090563,0.0,-10000000000.0,0.0,-10000000000.0,0.0,-10000000000.0,0.0,-10000000000.0,1.0,0.0,0.0,-10000000000.0
bloodmnist:test:2105,e3a8c96f3dd41dac1d4387d8d84a2d5de8080ca44867de03c3e0539e96b3c22f,bloodmnist_demo,1729,test,4,4,1.1205703832090563,0.0,-10000000000.0,0.0,-10000000000.0,0.0,-10000000000.0,0.0,-10000000000.0,1.0,0.0,0.0,-10000000000.0
bloodmnist:test:2106,dd2620f7d2141b058533214e9d725c5e47bb35923a9e2220ee66f660a5d3cf05,bloodmnist_demo,1729,test,4,4,1.1205703832090563,0.0,-10000000000.0,0.0,-10000000000.0,0.0,-10000000000.0,0.0,-10000000000.0,1.0,0.0,0.0,-10000000000.0
bloodmnist:test:2107,a942dc5e365d8dea618694f0e350c37bfd36a7c61929a60c95e12b9c7f83c31d,bloodmnist_demo,1729,test,1,4,1.1205703832090563,0.0,-10000000000.0,0.0,-10000000000.0,0.0,-10000000000.0,0.0,-10000000000.0,1.0,0.0,0.0,-10000000000.0
bloodmnist:test:2108,2b64868c2958eb9ce811a67dabf839b1954a3d90a0e3069435e12489eae9aeb7,bloodmnist_demo,1729,test,1,4,1.1205703832090563,0.0,-10000000000.0,0.0,-10000000000.0,0.0,-10000000000.0,0.0,-10000000000.0,1.0,0.0,0.0,-10000000000.0
bloodmnist:test:2109,5b5ad56934445eb69b6cf187aec749280bf37aabe070de9be323c23b0fdaec5b,bloodmnist_demo,1729,test,1,4,1.1205703832090563,0.0,-10000000000.0,0.0,-10000000000.0,0.0,-10000000000.0,0.0,-10000000000.0,1.0,0.0,0.0,-10000000000.0
bloodmnist:test:2110,8836e5b34bcc1c3eddd8de07f536a45818d666abc94c795f6e5a672960a0321d,bloodmnist_demo,1729,test,0,4,1.1205703832090563,0.0,-10000000000.0,0.0,-10000000000.0,0.0,-10000000000.0,0.0,-10000000000.0,1.0,0.0,0.0,-10000000000.0
bloodmnist:test:2112,ebffd963abe79e42af5727f4592d834d8337caf233fc4c621b36e9ebd0b5da74,bloodmnist_demo,1729,test,4,4,1.1205703832090563,0.0,-10000000000.0,0.0,-10000000000.0,0.0,-10000000000.0,0.0,-10000000000.0,1.0,0.0,0.0,-10000000000.0
bloodmnist:test:2113,1d94353b5aa4d502692fc28b48a03b850e48e0bed92ae061d27ec8d93951ca6a,bloodmnist_demo,1729,test,4,4,1.1205703832090563,0.0,-10000000000.0,0.0,-10000000000.0,0.0,-10000000000.0,0.0,-10000000000.0,1.0,0.0,0.0,-10000000000.0
bloodmnist:test:2114,83289cadd49f47fc19811e2ce950fa71f3ab0cbeb15fb4e03ccddf0e7a8eb170,bloodmnist_demo,1729,test,4,4,1.1205703832090563,0.0,-10000000000.0,0.0,-10000000000.0,0.0,-10000000000.0,0.0,-10000000000.0,1.0,0.0,0.0,-10000000000.0
bloodmnist:test:2115,18c56cb8f8e725df55924f6896a09973eb91302c0628a065e66e29eafcdd34eb,bloodmnist_demo,1729,test,4,4,1.1205703832090563,0.0,-10000000000.0,0.0,-10000000000.0,0.0,-10000000000.0,0.0,-10000000000.0,1.0,0.0,0.0,-10000000000.0
bloodmnist:test:2116,536f60626ab4c69e4230995f4253a1b6692df0ef8904ff557633766ab76c4fee,bloodmnist_demo,1729,test,3,4,1.1205703832090563,0.0,-10000000000.0,0.0,-10000000000.0,0.0,-10000000000.0,0.0,-10000000000.0,1.0,0.0,0.0,-10000000000.0
bloodmnist:test:2117,ee4f73e674d849b5df0d11a4e7a6ef4457b031e27fb37665d58c67f0cb67773e,bloodmnist_demo,1729,test,4,4,1.1205703832090563,0.0,-10000000000.0,0.0,-10000000000.0,0.0,-10000000000.0,0.0,-10000000000.0,1.0,0.0,0.0,-10000000000.0
bloodmnist:test:2118,7a5b866cff9521b1e0870e48960e38eb135091a66873e22936f50546f48c7d1d,bloodmnist_demo,1729,test,0,4,1.1205703832090563,0.0,-10000000000.0,0.0,-10000000000.0,0.0,-10000000000.0,0.0,-10000000000.0,1.0,0.0,0.0,-10000000000.0
bloodmnist:test:2119,51963815c97af06f97423dd3a670b420fcdf22857881749079db16c41fa1ec5a,bloodmnist_demo,1729,test,4,4,1.1205703832090563,0.0,-10000000000.0,0.0,-10000000000.0,0.0,-10000000000.0,0.0,-10000000000.0,1.0,0.0,0.0,-10000000000.0
bloodmnist:test:2120,bd2ac67feb0bbd59adea3f0492c8ba3564024f5cc17426e0ce1d434ce643e516,bloodmnist_demo,1729,test,0,4,1.1205703832090563,0.0,-10000000000.0,0.0,-10000000000.0,0.0,-10000000000.0,0.0,-10000000000.0,1.0,0.0,0.0,-10000000000.0
bloodmnist:test:2122,c461c1a7660760e2b61069d8aa7cf4e2c6755da3081b5bcb849255746db084b3,bloodmnist_demo,1729,test,1,4,1.1205703832090563,0.0,-10000000000.0,0.0,-10000000000.0,0.0,-10000000000.0,0.0,-10000000000.0,1.0,0.0,0.0,-10000000000.0
bloodmnist:test:2123,e4ba65df35b158051dc303d6ffbdd9b7465d4c9274638e1b580178fb90b61a28,bloodmnist_demo,1729,test,4,4,1.1205703832090563,0.0,-10000000000.0,0.0,-10000000000.0,0.0,-10000000000.0,0.0,-10000000000.0,1.0,0.0,0.0,-10000000000.0
bloodmnist:test:2124,93b2a480d4644a4412d8477d1a0cdc862399644b2d906ab8a538a05caefe5222,bloodmnist_demo,1729,test,4,4,1.1205703832090563,0.0,-10000000000.0,0.0,-10000000000.0,0.0,-10000000000.0,0.0,-10000000000.0,1.0,0.0,0.0,-10000000000.0
bloodmnist:test:2125,eb6efb29b4af9c619ff60124a61cf1a8a070a45ebc5e4b07ad4cb30ce0e3695a,bloodmnist_demo,1729,test,5,4,1.1205703832090563,0.0,-10000000000.0,0.0,-10000000000.0,0.0,-10000000000.0,0.0,-10000000000.0,1.0,0.0,0.0,-10000000000.0
bloodmnist:test:2126,15a374115139403152209fa3e12115fb1b837451927f1cea757c394e9c1ed388,bloodmnist_demo,1729,test,4,4,1.1205703832090563,0.0,-10000000000.0,0.0,-10000000000.0,0.0,-10000000000.0,0.0,-10000000000.0,1.0,0.0,0.0,-10000000000.0
bloodmnist:test:2127,485ddaf5d26dba2f565462ce4170219dedeb2bdd61c5b9dea4669efbe76651a6,bloodmnist_demo,1729,test,1,4,1.1205703832090563,0.0,-10000000000.0,0.0,-10000000000.0,0.0,-10000000000.0,0.0,-10000000000.0,1.0,0.0,0.0,-10000000000.0
bloodmnist:test:2128,120d6e65386ec16a5a38842c59caddf4322e2067e14b4e83f400f59cd240dae8,bloodmnist_demo,1729,test,1,4,1.1205703832090563,0.0,-10000000000.0,0.0,-10000000000.0,0.0,-10000000000.0,0.0,-10000000000.0,1.0,0.0,0.0,-10000000000.0
bloodmnist:test:2129,cd02472ae11e825fdaecea249651a16e7c2e9dfb9c9cbd1adbda7be4057fa618,bloodmnist_demo,1729,test,4,4,1.1205703832090563,0.0,-10000000000.0,0.0,-10000000000.0,0.0,-10000000000.0,0.0,-10000000000.0,1.0,0.0,0.0,-10000000000.0
bloodmnist:test:2130,d2a4fd0c61bf5d94c80ff734e1ccf7f465eea9397eec4da5fdbebfa82c18aea2,bloodmnist_demo,1729,test,1,4,1.1205703832090563,0.0,-10000000000.0,0.0,-10000000000.0,0.0,-10000000000.0,0.0,-10000000000.0,1.0,0.0,0.0,-10000000000.0
bloodmnist:test:2131,d11a596ed4f95236223ce09db6f40e39866f58ce11dc275c33990dd036521d3d,bloodmnist_demo,1729,test,5,4,1.1205703832090563,0.0,-10000000000.0,0.0,-10000000000.0,0.0,-10000000000.0,0.0,-10000000000.0,1.0,0.0,0.0,-10000000000.0
bloodmnist:test:2132,c24212ffb711732de03011126154ab0f027491bc2a55f78e80230f92c10fd9c0,bloodmnist_demo,1729,test,2,4,1.1205703832090563,0.0,-10000000000.0,0.0,-10000000000.0,0.0,-10000000000.0,0.0,-10000000000.0,1.0,0.0,0.0,-10000000000.0
bloodmnist:test:2135,6153f9b12a384d5e55526434a862459a8872efd9221dc2e38118a120e22e05d3,bloodmnist_demo,1729,test,5,4,1.1205703832090563,0.0,-10000000000.0,0.0,-10000000000.0,0.0,-10000000000.0,0.0,-10000000000.0,1.0,0.0,0.0,-10000000000.0
bloodmnist:test:2136,1e8512aa3915ab88e710074d4848876c12ab36105df57e3c2f81c60c9b46d1ab,bloodmnist_demo,1729,test,4,4,1.1205703832090563,0.0,-10000000000.0,0.0,-10000000000.0,0.0,-10000000000.0,0.0,-10000000000.0,1.0,0.0,0.0,-10000000000.0
bloodmnist:test:2137,c8bd5706ad963d19cf677056598d751e75c24e8d4048627f56a661c5d37bac72,bloodmnist_demo,1729,test,4,4,1.1205703832090563,0.0,-10000000000.0,0.0,-10000000000.0,0.0,-10000000000.0,0.0,-10000000000.0,1.0,0.0,0.0,-10000000000.0
bloodmnist:test:2139,734baa90b1624a6792a080643a1033f6ad9725f85fa5b1b1c3ff3a6e691be6e5,bloodmnist_demo,1729,test,1,4,1.1205703832090563,0.0,-10000000000.0,0.0,-10000000000.0,0.0,-10000000000.0,0.0,-10000000000.0,1.0,0.0,0.0,-10000000000.0
bloodmnist:test:2140,b748700400c05a6e317b125becd032ea88ae233fe95a42689a1bb77d71d0380c,bloodmnist_demo,1729,test,5,4,1.1205703832090563,0.0,-10000000000.0,0.0,-10000000000.0,0.0,-10000000000.0,0.0,-10000000000.0,1.0,0.0,0.0,-10000000000.0
bloodmnist:test:2141,e7eea3f73f98298063b545d221e2b8b42ebe505565398af0945f18223ceef08a,bloodmnist_demo,1729,test,0,4,1.1205703832090563,0.0,-10000000000.0,0.0,-10000000000.0,0.0,-10000000000.0,0.0,-10000000000.0,1.0,0.0,0.0,-10000000000.0
bloodmnist:test:2142,9b29312178efafc1153f027ef04233cabe62f1337c9a79137dc368a9b3fcb676,bloodmnist_demo,1729,test,1,4,1.1205703832090563,0.0,-10000000000.0,0.0,-10000000000.0,0.0,-10000000000.0,0.0,-10000000000.0,1.0,0.0,0.0,-10000000000.0
bloodmnist:test:2143,8b4bd1998d3847ee0cd02df4d09edcdcb9f443c0dd59a01fdd88d737c64bd62a,bloodmnist_demo,1729,test,3,4,1.1205703832090563,0.0,-10000000000.0,0.0,-10000000000.0,0.0,-10000000000.0,0.0,-10000000000.0,1.0,0.0,0.0,-10000000000.0
bloodmnist:test:2144,fa6d613f98b4f4c5ced5a8d81eeb72519c9368c41dc6018b1088e7a752c07d21,bloodmnist_demo,1729,test,2,4,1.1205703832090563,0.0,-10000000000.0,0.0,-10000000000.0,0.0,-10000000000.0,0.0,-10000000000.0,1.0,0.0,0.0,-10000000000.0
bloodmnist:test:2146,6d312a5540e0e086caf6739f5fbae30cd4794e1e546d7a7903ab85e69c9be15c,bloodmnist_demo,1729,test,4,4,1.1205703832090563,0.0,-10000000000.0,0.0,-10000000000.0,0.0,-10000000000.0,0.0,-10000000000.0,1.0,0.0,0.0,-10000000000.0
bloodmnist:test:2150,4adf8e1d27d1adc7e95270bf0406a9f7ef628e36ddb628a946355fc6a53ea89a,bloodmnist_demo,1729,test,0,4,1.1205703832090563,0.0,-10000000000.0,0.0,-10000000000.0,0.0,-10000000000.0,0.0,-10000000000.0,1.0,0.0,0.0,-10000000000.0
bloodmnist:test:2151,1249454e688ef4bd503ffde5bb7d3eaf5dfaaf58344dc510b7c6e01b13bb8d79,bloodmnist_demo,1729,test,4,4,1.1205703832090563,0.0,-10000000000.0,0.0,-10000000000.0,0.0,-10000000000.0,0.0,-10000000000.0,1.0,0.0,0.0,-10000000000.0
bloodmnist:test:2152,bdacf7d9a01e808c00a334528c87c39c77b5bd4f72be13800b8b07e29601cc91,bloodmnist_demo,1729,test,1,4,1.1205703832090563,0.0,-10000000000.0,0.0,-10000000000.0,0.0,-10000000000.0,0.0,-10000000000.0,1.0,0.0,0.0,-10000000000.0
bloodmnist:test:2153,7e8cbfae93125d48ed9e64b5f5e0483da63fcc8badf4bf94a43576d4416a9a62,bloodmnist_demo,1729,test,5,4,1.1205703832090563,0.0,-10000000000.0,0.0,-10000000000.0,0.0,-10000000000.0,0.0,-10000000000.0,1.0,0.0,0.0,-10000000000.0
bloodmnist:test:2154,ceaf15798c98f7872b20cc4f0bb7c9b1c8a471d779b37ede5454a63d1db62a23,bloodmnist_demo,1729,test,3,4,1.1205703832090563,0.0,-10000000000.0,0.0,-10000000000.0,0.0,-10000000000.0,0.0,-10000000000.0,1.0,0.0,0.0,-10000000000.0
bloodmnist:test:2155,dc416089da6ac5b00448010ffbddad214c183c54ced296c85aefdeedec647768,bloodmnist_demo,1729,test,3,4,1.1205703832090563,0.0,-10000000000.0,0.0,-10000000000.0,0.0,-10000000000.0,0.0,-10000000000.0,1.0,0.0,0.0,-10000000000.0
bloodmnist:test:2156,ea700e2bc5714aba5f0ca822550fa0311e458cf6ee186f80e9addb88aac24a59,bloodmnist_demo,1729,test,3,4,1.1205703832090563,0.0,-10000000000.0,0.0,-10000000000.0,0.0,-10000000000.0,0.0,-10000000000.0,1.0,0.0,0.0,-10000000000.0
bloodmnist:test:2157,7e8531d566903234b632547cff2b43a889e8f309edaed492bb207b2585faceb4,bloodmnist_demo,1729,test,1,4,1.1205703832090563,0.0,-10000000000.0,0.0,-10000000000.0,0.0,-10000000000.0,0.0,-10000000000.0,1.0,0.0,0.0,-10000000000.0
bloodmnist:test:2158,374f81792dcaaa965a7f8932afb2eb7e5860fb77f263bae840be5d2ee882f2ff,bloodmnist_demo,1729,test,5,4,1.1205703832090563,0.0,-10000000000.0,0.0,-10000000000.0,0.0,-10000000000.0,0.0,-10000000000.0,1.0,0.0,0.0,-10000000000.0
bloodmnist:test:2159,1a05a42b4eb13a91a028f6aab8618dcd60819d71fa05bb6c67aa0acc2049164d,bloodmnist_demo,1729,test,4,4,1.1205703832090563,0.0,-10000000000.0,0.0,-10000000000.0,0.0,-10000000000.0,0.0,-10000000000.0,1.0,0.0,0.0,-10000000000.0
bloodmnist:test:2160,dc933444420fced2b6c580e3616d4bd2ef59c51cedb1d0a1fadc092f077b00b4,bloodmnist_demo,1729,test,4,4,1.1205703832090563,0.0,-10000000000.0,0.0,-10000000000.0,0.0,-10000000000.0,0.0,-10000000000.0,1.0,0.0,0.0,-10000000000.0
bloodmnist:test:2161,9bdb6b571a847c9cad959fd5051e14bb2a82f570258986d685c2e0a9708e8a3c,bloodmnist_demo,1729,test,0,4,1.1205703832090563,0.0,-10000000000.0,0.0,-10000000000.0,0.0,-10000000000.0,0.0,-10000000000.0,1.0,0.0,0.0,-10000000000.0
bloodmnist:test:2162,71791e37f223cec90f80c8b4b1b7d4e5b7093d6cd8aa12fe9f5460bc2637ac0d,bloodmnist_demo,1729,test,3,4,1.1205703832090563,0.0,-10000000000.0,0.0,-10000000000.0,0.0,-10000000000.0,0.0,-10000000000.0,1.0,0.0,0.0,-10000000000.0
bloodmnist:test:2163,9c99a07be04d8562daaa2082c5325945439a0d9374e98ee4b492bc679525eb2c,bloodmnist_demo,1729,test,5,4,1.1205703832090563,0.0,-10000000000.0,0.0,-10000000000.0,0.0,-10000000000.0,0.0,-10000000000.0,1.0,0.0,0.0,-10000000000.0
bloodmnist:test:2164,e9f6ec94806f687fd73130ed0f7ae21b031a3a87c8c481ba294f4cbf15bb453d,bloodmnist_demo,1729,test,2,4,1.1205703832090563,0.0,-10000000000.0,0.0,-10000000000.0,0.0,-10000000000.0,0.0,-10000000000.0,1.0,0.0,0.0,-10000000000.0
bloodmnist:test:2166,f62a6c41be27c3ce126f076a9b332341ba661f8102a9dc93f496b656dcc8131a,bloodmnist_demo,1729,test,1,4,1.1205703832090563,0.0,-10000000000.0,0.0,-10000000000.0,0.0,-10000000000.0,0.0,-10000000000.0,1.0,0.0,0.0,-10000000000.0
bloodmnist:test:2171,0bca4c61e24ea386f838b035f251bbf54dfdac71dcf5a39eb26751aff5559d0d,bloodmnist_demo,1729,test,3,4,1.1205703832090563,0.0,-10000000000.0,0.0,-10000000000.0,0.0,-10000000000.0,0.0,-10000000000.0,1.0,0.0,0.0,-10000000000.0
bloodmnist:test:2173,3163061741940e5ccf90646e5742884f32a32fde3df6149aa61e383bdcf4e746,bloodmnist_demo,1729,test,4,4,1.1205703832090563,0.0,-10000000000.0,0.0,-10000000000.0,0.0,-10000000000.0,0.0,-10000000000.0,1.0,0.0,0.0,-10000000000.0
bloodmnist:test:2174,b696b683244f0b06e938c9f4074b2ef5cdfb12ec6bbbec613c7af47f7732b503,bloodmnist_demo,1729,test,2,4,1.1205703832090563,0.0,-10000000000.0,0.0,-10000000000.0,0.0,-10000000000.0,0.0,-10000000000.0,1.0,0.0,0.0,-10000000000.0
bloodmnist:test:2175,2eac25b9fdbe7c4d136d0708dc153f33853a33fdec00bca19c4537f43fa824fc,bloodmnist_demo,1729,test,0,4,1.1205703832090563,0.0,-10000000000.0,0.0,-10000000000.0,0.0,-10000000000.0,0.0,-10000000000.0,1.0,0.0,0.0,-10000000000.0
bloodmnist:test:2176,5c910348bf0377b22dd0f0f7a0c1b9632999fee5bc2ae4b86d3b4706afa2ac8c,bloodmnist_demo,1729,test,5,4,1.1205703832090563,0.0,-10000000000.0,0.0,-10000000000.0,0.0,-10000000000.0,0.0,-10000000000.0,1.0,0.0,0.0,-10000000000.0
bloodmnist:test:2177,d610071d6b715825b0cbbee8cae53bdc027d53442918175b5066fde3ca847132,bloodmnist_demo,1729,test,5,4,1.1205703832090563,0.0,-10000000000.0,0.0,-10000000000.0,0.0,-10000000000.0,0.0,-10000000000.0,1.0,0.0,0.0,-10000000000.0
bloodmnist:test:2178,7f3f5d59f85c2d7521448628850207440b3305b5f7c989a296ac6e93598379b1,bloodmnist_demo,1729,test,4,4,1.1205703832090563,0.0,-10000000000.0,0.0,-10000000000.0,0.0,-10000000000.0,0.0,-10000000000.0,1.0,0.0,0.0,-10000000000.0
bloodmnist:test:2181,943a98ae98239d26d34f6a3d221fc63fb5fadc28aa084ba9b483b12dfa9f8632,bloodmnist_demo,1729,test,5,4,1.1205703832090563,0.0,-10000000000.0,0.0,-10000000000.0,0.0,-10000000000.0,0.0,-10000000000.0,1.0,0.0,0.0,-10000000000.0
bloodmnist:test:2182,ff8ad9a2eaf3a3730f6d340ae5d2d1328dad684f5e6ee09bab2c0166172378f7,bloodmnist_demo,1729,test,4,4,1.1205703832090563,0.0,-10000000000.0,0.0,-10000000000.0,0.0,-10000000000.0,0.0,-10000000000.0,1.0,0.0,0.0,-10000000000.0
bloodmnist:test:2183,c548aa68550b835373ce61d2eec4209eda2a1469c4df1e8af3f6842a66a1a158,bloodmnist_demo,1729,test,2,4,1.1205703832090563,0.0,-10000000000.0,0.0,-10000000000.0,0.0,-10000000000.0,0.0,-10000000000.0,1.0,0.0,0.0,-10000000000.0
bloodmnist:test:2184,387cd86bb33dcd922a44383ae6d9f572d58b68ee1ac9946adf042d15ebb15e4f,bloodmnist_demo,1729,test,3,4,1.1205703832090563,0.0,-10000000000.0,0.0,-10000000000.0,0.0,-10000000000.0,0.0,-10000000000.0,1.0,0.0,0.0,-10000000000.0
bloodmnist:test:2185,31dd0cd6ebcd58f692e3a8b702b1ba56829ac9152817b771a85e82ab2727a321,bloodmnist_demo,1729,test,1,4,1.1205703832090563,0.0,-10000000000.0,0.0,-10000000000.0,0.0,-10000000000.0,0.0,-10000000000.0,1.0,0.0,0.0,-10000000000.0
bloodmnist:test:2187,1c249cec724d7a473c40a86c1d3649a7df31e797d47ef5eb7fbf698c1aa17ce7,bloodmnist_demo,1729,test,5,4,1.1205703832090563,0.0,-10000000000.0,0.0,-10000000000.0,0.0,-10000000000.0,0.0,-10000000000.0,1.0,0.0,0.0,-10000000000.0
bloodmnist:test:2190,aa706512aaa64582975065b0b670e271908b84950790181dc4a3b3e1482028fa,bloodmnist_demo,1729,test,4,4,1.1205703832090563,0.0,-10000000000.0,0.0,-10000000000.0,0.0,-10000000000.0,0.0,-10000000000.0,1.0,0.0,0.0,-10000000000.0
bloodmnist:test:2191,921c5a75bb72eaa0d66540a969ce817e6212e6c8e0914307b092a42f0f07c37f,bloodmnist_demo,1729,test,1,4,1.1205703832090563,0.0,-10000000000.0,0.0,-10000000000.0,0.0,-10000000000.0,0.0,-10000000000.0,1.0,0.0,0.0,-10000000000.0
bloodmnist:test:2192,52b1737851827f7bb020fc9947996d0f73956efb42601be76c7ede9a015322e4,bloodmnist_demo,1729,test,4,4,1.1205703832090563,0.0,-10000000000.0,0.0,-10000000000.0,0.0,-10000000000.0,0.0,-10000000000.0,1.0,0.0,0.0,-10000000000.0
bloodmnist:test:2193,def4cd346d2b804765fb64c65bacd834d796fc5276702381dbb87a8ef63a3d17,bloodmnist_demo,1729,test,4,4,1.1205703832090563,0.0,-10000000000.0,0.0,-10000000000.0,0.0,-10000000000.0,0.0,-10000000000.0,1.0,0.0,0.0,-10000000000.0
bloodmnist:test:2195,8170808f890b4bf200ab9715754ed4fa018a983e689971ad9bec5957ee786429,bloodmnist_demo,1729,test,4,4,1.1205703832090563,0.0,-10000000000.0,0.0,-10000000000.0,0.0,-10000000000.0,0.0,-10000000000.0,1.0,0.0,0.0,-10000000000.0
bloodmnist:test:2196,02d4db22a3b724445d1e2ff3ded4aad0e811e0de6bb1917168aa5613a30bf77b,bloodmnist_demo,1729,test,1,4,1.1205703832090563,0.0,-10000000000.0,0.0,-10000000000.0,0.0,-10000000000.0,0.0,-10000000000.0,1.0,0.0,0.0,-10000000000.0
bloodmnist:test:2197,9aab4ef5beb451c4743001180a8b9c9e592073db526257c9342728a5c399fc53,bloodmnist_demo,1729,test,4,4,1.1205703832090563,0.0,-10000000000.0,0.0,-10000000000.0,0.0,-10000000000.0,0.0,-10000000000.0,1.0,0.0,0.0,-10000000000.0
bloodmnist:test:2198,286ec7929d543895b5a38d31cfcb5008845b0ca162dd591e8be88f2e87889ab8,bloodmnist_demo,1729,test,4,4,1.1205703832090563,0.0,-10000000000.0,0.0,-10000000000.0,0.0,-10000000000.0,0.0,-10000000000.0,1.0,0.0,0.0,-10000000000.0
bloodmnist:test:2199,d911812a74dff94120dd37c88145892d7d2d0613bac7ac4a99cdcb10cae38c3e,bloodmnist_demo,1729,test,4,4,1.1205703832090563,0.0,-10000000000.0,0.0,-10000000000.0,0.0,-10000000000.0,0.0,-10000000000.0,1.0,0.0,0.0,-10000000000.0
bloodmnist:test:2200,112195e4f313c12f243f6e752655d230cf0daa87e0016fcfb81aeb836a9b3c46,bloodmnist_demo,1729,test,1,4,1.1205703832090563,0.0,-10000000000.0,0.0,-10000000000.0,0.0,-10000000000.0,0.0,-10000000000.0,1.0,0.0,0.0,-10000000000.0
bloodmnist:test:2201,1d6e0f682676589679f44d7c94b99a109ada7c5f12817096d27f101fb84372d4,bloodmnist_demo,1729,test,1,4,1.1205703832090563,0.0,-10000000000.0,0.0,-10000000000.0,0.0,-10000000000.0,0.0,-10000000000.0,1.0,0.0,0.0,-10000000000.0
bloodmnist:test:2202,661da6912e28a31e7418c4f1a8521ab3783282deb7f8c93a998a52e23f2ce492,bloodmnist_demo,1729,test,4,4,1.1205703832090563,0.0,-10000000000.0,0.0,-10000000000.0,0.0,-10000000000.0,0.0,-10000000000.0,1.0,0.0,0.0,-10000000000.0
bloodmnist:test:2203,99d96ca5baf115d5e84d8f7de606e6912ed7a32c02b0d891662db7de260eb6eb,bloodmnist_demo,1729,test,4,4,1.1205703832090563,0.0,-10000000000.0,0.0,-10000000000.0,0.0,-10000000000.0,0.0,-10000000000.0,1.0,0.0,0.0,-10000000000.0
bloodmnist:test:2204,3fe294c5a6d417f164a0f774882c0d2a07bc68f56d1fcc4be4d1fcc93494c1fc,bloodmnist_demo,1729,test,5,4,1.1205703832090563,0.0,-10000000000.0,0.0,-10000000000.0,0.0,-10000000000.0,0.0,-10000000000.0,1.0,0.0,0.0,-10000000000.0
bloodmnist:test:2206,ee275454808916a9077dcaf90392c45f3b9c02f879487109e7be3ff96d24863e,bloodmnist_demo,1729,test,0,4,1.1205703832090563,0.0,-10000000000.0,0.0,-10000000000.0,0.0,-10000000000.0,0.0,-10000000000.0,1.0,0.0,0.0,-10000000000.0
bloodmnist:test:2207,1869906dc8a9eaf5ad41c6d3aebf14286c610ea358c165da912ab9f70f6390fe,bloodmnist_demo,1729,test,1,4,1.1205703832090563,0.0,-10000000000.0,0.0,-10000000000.0,0.0,-10000000000.0,0.0,-10000000000.0,1.0,0.0,0.0,-10000000000.0
bloodmnist:test:2210,4e5a85869d8f9ec937b326a69e443662aefb7d288dbbf6f3d4a673659c95976b,bloodmnist_demo,1729,test,3,4,1.1205703832090563,0.0,-10000000000.0,0.0,-10000000000.0,0.0,-10000000000.0,0.0,-10000000000.0,1.0,0.0,0.0,-10000000000.0
bloodmnist:test:2211,60b1d20a7bcd86df84e713b14c75046e60d51d074fad7a03afef67b7d2705177,bloodmnist_demo,1729,test,5,4,1.1205703832090563,0.0,-10000000000.0,0.0,-10000000000.0,0.0,-10000000000.0,0.0,-10000000000.0,1.0,0.0,0.0,-10000000000.0
bloodmnist:test:2212,4a10b32f3434810a9f49aef36027012d74486d23689943c9f47cbc6164b08d59,bloodmnist_demo,1729,test,1,4,1.1205703832090563,0.0,-10000000000.0,0.0,-10000000000.0,0.0,-10000000000.0,0.0,-10000000000.0,1.0,0.0,0.0,-10000000000.0
bloodmnist:test:2214,7786e9e68cf1bf8460c376a7a352d001ee8e1df5f9221c9c69293c6259862d11,bloodmnist_demo,1729,test,0,4,1.1205703832090563,0.0,-10000000000.0,0.0,-10000000000.0,0.0,-10000000000.0,0.0,-10000000000.0,1.0,0.0,0.0,-10000000000.0
bloodmnist:test:2215,6093ee40b6d16113e074af0d1f5e88502e91dc570fd736c041c9774139294b22,bloodmnist_demo,1729,test,0,4,1.1205703832090563,0.0,-10000000000.0,0.0,-10000000000.0,0.0,-10000000000.0,0.0,-10000000000.0,1.0,0.0,0.0,-10000000000.0
bloodmnist:test:2218,a4fdd98c8209de09c3be5b388554335b3d0bbe390cfa232a4a6d286e2af97d57,bloodmnist_demo,1729,test,4,4,1.1205703832090563,0.0,-10000000000.0,0.0,-10000000000.0,0.0,-10000000000.0,0.0,-10000000000.0,1.0,0.0,0.0,-10000000000.0
bloodmnist:test:2220,8ddb57a3a6c15761249e85911ef6cd62b790e2df4e5782210f4419f07b53e360,bloodmnist_demo,1729,test,1,4,1.1205703832090563,0.0,-10000000000.0,0.0,-10000000000.0,0.0,-10000000000.0,0.0,-10000000000.0,1.0,0.0,0.0,-10000000000.0
bloodmnist:test:2221,f3c17eed35466332934cf093e754f845444a90095cffd31e92c58dbe3e631cf7,bloodmnist_demo,1729,test,5,4,1.1205703832090563,0.0,-10000000000.0,0.0,-10000000000.0,0.0,-10000000000.0,0.0,-10000000000.0,1.0,0.0,0.0,-10000000000.0
bloodmnist:test:2222,62df5f6a89d7cd13bbf6f73167028cc17f5e274ff89213151ac40948840c9756,bloodmnist_demo,1729,test,4,4,1.1205703832090563,0.0,-10000000000.0,0.0,-10000000000.0,0.0,-10000000000.0,0.0,-10000000000.0,1.0,0.0,0.0,-10000000000.0
bloodmnist:test:2224,3a4c60137650c314d1192afbccb8d910f5e22daa9826209da79f5e3344f4eee9,bloodmnist_demo,1729,test,4,4,1.1205703832090563,0.0,-10000000000.0,0.0,-10000000000.0,0.0,-10000000000.0,0.0,-10000000000.0,1.0,0.0,0.0,-10000000000.0
bloodmnist:test:2225,8246a2b1871cfafc9a124f294213c34e985505830b519e9e4c87efe8506e19c1,bloodmnist_demo,1729,test,1,4,1.1205703832090563,0.0,-10000000000.0,0.0,-10000000000.0,0.0,-10000000000.0,0.0,-10000000000.0,1.0,0.0,0.0,-10000000000.0
bloodmnist:test:2226,f5e6bd6a864e36f315dfe929ca7e3caf91962224e0adf4ebf9ff58357dee68ce,bloodmnist_demo,1729,test,4,4,1.1205703832090563,0.0,-10000000000.0,0.0,-10000000000.0,0.0,-10000000000.0,0.0,-10000000000.0,1.0,0.0,0.0,-10000000000.0
bloodmnist:test:2227,28ccd544fe472f04c22115d8f05226c0cc70f3e5ef307d0d5d1a82c0a185189e,bloodmnist_demo,1729,test,0,4,1.1205703832090563,0.0,-10000000000.0,0.0,-10000000000.0,0.0,-10000000000.0,0.0,-10000000000.0,1.0,0.0,0.0,-10000000000.0
bloodmnist:test:2229,c00d7dc33bc317a7cebbd5fb8806e1c8fbba13f5af60a8845bd7873951600f33,bloodmnist_demo,1729,test,4,4,1.1205703832090563,0.0,-10000000000.0,0.0,-10000000000.0,0.0,-10000000000.0,0.0,-10000000000.0,1.0,0.0,0.0,-10000000000.0
bloodmnist:test:2230,053ff6cdf00aa3b210d0b909a1672c60b577b1a615aa334cf0471e8688f1220f,bloodmnist_demo,1729,test,4,4,1.1205703832090563,0.0,-10000000000.0,0.0,-10000000000.0,0.0,-10000000000.0,0.0,-10000000000.0,1.0,0.0,0.0,-10000000000.0
bloodmnist:test:2231,50622af91bf9c92f2d2516ce159ecf55443dbf570b95681d1a155e589884a43e,bloodmnist_demo,1729,test,4,4,1.1205703832090563,0.0,-10000000000.0,0.0,-10000000000.0,0.0,-10000000000.0,0.0,-10000000000.0,1.0,0.0,0.0,-10000000000.0
bloodmnist:test:2232,b3086e7369953c1ec77732ea0c41ec98dbf290de6d6e652a0fb129fc69669e94,bloodmnist_demo,1729,test,1,4,1.1205703832090563,0.0,-10000000000.0,0.0,-10000000000.0,0.0,-10000000000.0,0.0,-10000000000.0,1.0,0.0,0.0,-10000000000.0
bloodmnist:test:2234,d5f70fe835c142efdc8b12c6c324a06893d43bd54037920af36d263476a64f4c,bloodmnist_demo,1729,test,5,4,1.1205703832090563,0.0,-10000000000.0,0.0,-10000000000.0,0.0,-10000000000.0,0.0,-10000000000.0,1.0,0.0,0.0,-10000000000.0
bloodmnist:test:2235,c0565aff0b38e48988b9446a5ee4b791fb60a6e8f5152e03c3f227b26033c536,bloodmnist_demo,1729,test,0,4,1.1205703832090563,0.0,-10000000000.0,0.0,-10000000000.0,0.0,-10000000000.0,0.0,-10000000000.0,1.0,0.0,0.0,-10000000000.0
bloodmnist:test:2236,df39fb6808a5c5dcdd75a85a38857de71666ac66d79fcd01f626e1a51d04882e,bloodmnist_demo,1729,test,5,4,1.1205703832090563,0.0,-10000000000.0,0.0,-10000000000.0,0.0,-10000000000.0,0.0,-10000000000.0,1.0,0.0,0.0,-10000000000.0
bloodmnist:test:2237,89e2050e0e946e5ba334413b63c5fe202673f7576daaa91fd4a7e560c1552cc1,bloodmnist_demo,1729,test,1,4,1.1205703832090563,0.0,-10000000000.0,0.0,-10000000000.0,0.0,-10000000000.0,0.0,-10000000000.0,1.0,0.0,0.0,-10000000000.0
bloodmnist:test:2239,8b0242eb295256b37cc1488173e7b9801d89c45f1db6f6df4afb04bb701ab132,bloodmnist_demo,1729,test,3,4,1.1205703832090563,0.0,-10000000000.0,0.0,-10000000000.0,0.0,-10000000000.0,0.0,-10000000000.0,1.0,0.0,0.0,-10000000000.0
bloodmnist:test:2240,4c8b18f364aa672867148576b5504e020fc1b737e9c8abd7c8bb6a7c39d74746,bloodmnist_demo,1729,test,3,4,1.1205703832090563,0.0,-10000000000.0,0.0,-10000000000.0,0.0,-10000000000.0,0.0,-10000000000.0,1.0,0.0,0.0,-10000000000.0
bloodmnist:test:2241,f0460a22d8a9567a6e277f9f163f687eb2b10c4e2afc51df58992e124693f672,bloodmnist_demo,1729,test,4,4,1.1205703832090563,0.0,-10000000000.0,0.0,-10000000000.0,0.0,-10000000000.0,0.0,-10000000000.0,1.0,0.0,0.0,-10000000000.0
bloodmnist:test:2242,4f16a6877172cb9b1224b9602aa78e4c80563e31a27f71009517bd6640803d4d,bloodmnist_demo,1729,test,4,4,1.1205703832090563,0.0,-10000000000.0,0.0,-10000000000.0,0.0,-10000000000.0,0.0,-10000000000.0,1.0,0.0,0.0,-10000000000.0
bloodmnist:test:2243,63cd130650c4859420bc549149b0d0d9e332e29d8410d4fb34008a5ebff80337,bloodmnist_demo,1729,test,1,4,1.1205703832090563,0.0,-10000000000.0,0.0,-10000000000.0,0.0,-10000000000.0,0.0,-10000000000.0,1.0,0.0,0.0,-10000000000.0
bloodmnist:test:2244,7897df6e9abe0377bb13c0cbe144916e31568b2c94cfd81b52a13cfe3ee8608e,bloodmnist_demo,1729,test,5,4,1.1205703832090563,0.0,-10000000000.0,0.0,-10000000000.0,0.0,-10000000000.0,0.0,-10000000000.0,1.0,0.0,0.0,-10000000000.0
bloodmnist:test:2249,797dd81797fd5b9299d02940222f506472b4145af7a7599c84931698ee6a5be1,bloodmnist_demo,1729,test,0,4,1.1205703832090563,0.0,-10000000000.0,0.0,-10000000000.0,0.0,-10000000000.0,0.0,-10000000000.0,1.0,0.0,0.0,-10000000000.0
bloodmnist:test:2250,bdfdd283c6356203d862c167345a44347abcb144298f5a49d7ad15d52ea08504,bloodmnist_demo,1729,test,5,4,1.1205703832090563,0.0,-10000000000.0,0.0,-10000000000.0,0.0,-10000000000.0,0.0,-10000000000.0,1.0,0.0,0.0,-10000000000.0
bloodmnist:test:2251,4a0e756934560e27907fd8f42fc7c0a1c672b056b2857751b5c11b4d788ac839,bloodmnist_demo,1729,test,3,4,1.1205703832090563,0.0,-10000000000.0,0.0,-10000000000.0,0.0,-10000000000.0,0.0,-10000000000.0,1.0,0.0,0.0,-10000000000.0
bloodmnist:test:2252,362bfdac881ed5238335d52811fb357891f43bf26532b7690b7f67d2e9d904ac,bloodmnist_demo,1729,test,4,4,1.1205703832090563,0.0,-10000000000.0,0.0,-10000000000.0,0.0,-10000000000.0,0.0,-10000000000.0,1.0,0.0,0.0,-10000000000.0
bloodmnist:test:2253,c19f34030edfb20137e1765092e85ed94bec76c52849e82f22ed3dfae7a5f829,bloodmnist_demo,1729,test,4,4,1.1205703832090563,0.0,-10000000000.0,0.0,-10000000000.0,0.0,-10000000000.0,0.0,-10000000000.0,1.0,0.0,0.0,-10000000000.0
bloodmnist:test:2254,becd4c00e42c1c0c91286e604229dfb4ef4ae402339aef8a43ec5ae1af52b0c4,bloodmnist_demo,1729,test,5,4,1.1205703832090563,0.0,-10000000000.0,0.0,-10000000000.0,0.0,-10000000000.0,0.0,-10000000000.0,1.0,0.0,0.0,-10000000000.0
bloodmnist:test:2255,eb8b99f14f324977d55135d53418f28516b76b4c4a6b881cccc7cd3a7a7f5d7e,bloodmnist_demo,1729,test,4,4,1.1205703832090563,0.0,-10000000000.0,0.0,-10000000000.0,0.0,-10000000000.0,0.0,-10000000000.0,1.0,0.0,0.0,-10000000000.0
bloodmnist:test:2256,ca7b3ed400f57e062cc34e297d088036fe88520bed207bce9c71a75da49f0f83,bloodmnist_demo,1729,test,2,4,1.1205703832090563,0.0,-10000000000.0,0.0,-10000000000.0,0.0,-10000000000.0,0.0,-10000000000.0,1.0,0.0,0.0,-10000000000.0
bloodmnist:test:2257,eab79108dbcfd083577cdb543ad91ce485006abf8799a863e8947e09de0ba233,bloodmnist_demo,1729,test,1,4,1.1205703832090563,0.0,-10000000000.0,0.0,-10000000000.0,0.0,-10000000000.0,0.0,-10000000000.0,1.0,0.0,0.0,-10000000000.0
bloodmnist:test:2258,ac05e63730fca8675c483e7a17c8b619d3f9fcc8e9660d2fde7339dad3a35e90,bloodmnist_demo,1729,test,4,4,1.1205703832090563,0.0,-10000000000.0,0.0,-10000000000.0,0.0,-10000000000.0,0.0,-10000000000.0,1.0,0.0,0.0,-10000000000.0
bloodmnist:test:2259,eb226534bb025fd8863abac24e2648a82a3c3758a4499af84253f49ffe749a64,bloodmnist_demo,1729,test,4,4,1.1205703832090563,0.0,-10000000000.0,0.0,-10000000000.0,0.0,-10000000000.0,0.0,-10000000000.0,1.0,0.0,0.0,-10000000000.0
bloodmnist:test:2260,8d379e0b4e715021f8b73c21cd5b78cf523f57f7bfd6f41bb1f785e7e4fe0abe,bloodmnist_demo,1729,test,4,4,1.1205703832090563,0.0,-10000000000.0,0.0,-10000000000.0,0.0,-10000000000.0,0.0,-10000000000.0,1.0,0.0,0.0,-10000000000.0
bloodmnist:test:2261,8938a9465d21eb7c65d4c650548859ce6465386deb24313355ad9ae9d6e76554,bloodmnist_demo,1729,test,3,4,1.1205703832090563,0.0,-10000000000.0,0.0,-10000000000.0,0.0,-10000000000.0,0.0,-10000000000.0,1.0,0.0,0.0,-10000000000.0
bloodmnist:test:2262,428fe521bf868c6a0dd0e2558dd077fdc121fbb29f3e7e6d384b34e27a6cb279,bloodmnist_demo,1729,test,4,4,1.1205703832090563,0.0,-10000000000.0,0.0,-10000000000.0,0.0,-10000000000.0,0.0,-10000000000.0,1.0,0.0,0.0,-10000000000.0
bloodmnist:test:2263,d2ff001ee969037338897b3d1d440b6a7ecc002fe39ffa9ff9742174c17f701b,bloodmnist_demo,1729,test,1,4,1.1205703832090563,0.0,-10000000000.0,0.0,-10000000000.0,0.0,-10000000000.0,0.0,-10000000000.0,1.0,0.0,0.0,-10000000000.0
bloodmnist:test:2264,033e5e7c2dc68db376df809b4f965149f88db4a95c382eaa64a85e484b4247ea,bloodmnist_demo,1729,test,4,4,1.1205703832090563,0.0,-10000000000.0,0.0,-10000000000.0,0.0,-10000000000.0,0.0,-10000000000.0,1.0,0.0,0.0,-10000000000.0
bloodmnist:test:2265,20ca4a916253da1597dc334692996e10713c829cd6874f2ca2f461463312152c,bloodmnist_demo,1729,test,3,4,1.1205703832090563,0.0,-10000000000.0,0.0,-10000000000.0,0.0,-10000000000.0,0.0,-10000000000.0,1.0,0.0,0.0,-10000000000.0
bloodmnist:test:2266,49088005776e724502a71b93b11bd73a79469d6750d2cf5750b02f88cbe16401,bloodmnist_demo,1729,test,4,4,1.1205703832090563,0.0,-10000000000.0,0.0,-10000000000.0,0.0,-10000000000.0,0.0,-10000000000.0,1.0,0.0,0.0,-10000000000.0
bloodmnist:test:2267,972bf7b8ed1d0d02c9337115a5c9a3156af81f5b9f09dca5fa701746c49ec339,bloodmnist_demo,1729,test,5,4,1.1205703832090563,0.0,-10000000000.0,0.0,-10000000000.0,0.0,-10000000000.0,0.0,-10000000000.0,1.0,0.0,0.0,-10000000000.0
bloodmnist:test:2269,1c324bf886b23b6a6f1232bedc1127792f772c1961bdc9d431214ac65aae8649,bloodmnist_demo,1729,test,1,4,1.1205703832090563,0.0,-10000000000.0,0.0,-10000000000.0,0.0,-10000000000.0,0.0,-10000000000.0,1.0,0.0,0.0,-10000000000.0
bloodmnist:test:2270,478ca4a440865f8075e17af6bb24910c68b5743d46039c416702922be22a1b93,bloodmnist_demo,1729,test,4,4,1.1205703832090563,0.0,-10000000000.0,0.0,-10000000000.0,0.0,-10000000000.0,0.0,-10000000000.0,1.0,0.0,0.0,-10000000000.0
bloodmnist:test:2273,38223b603d4c9dea021159d607f2d4f9cac371bdb5e9973aae18b8c6f86d9f57,bloodmnist_demo,1729,test,1,4,1.1205703832090563,0.0,-10000000000.0,0.0,-10000000000.0,0.0,-10000000000.0,0.0,-10000000000.0,1.0,0.0,0.0,-10000000000.0
bloodmnist:test:2276,b2a4439653a21236f4de685f9125fef8c681e0d55af01749867b1cbbefba20c6,bloodmnist_demo,1729,test,4,4,1.1205703832090563,0.0,-10000000000.0,0.0,-10000000000.0,0.0,-10000000000.0,0.0,-10000000000.0,1.0,0.0,0.0,-10000000000.0
bloodmnist:test:2277,1d4451c9c8dfaa5db5398162bf7f14cd2c805271903cb904cda05c01d460831a,bloodmnist_demo,1729,test,5,4,1.1205703832090563,0.0,-10000000000.0,0.0,-10000000000.0,0.0,-10000000000.0,0.0,-10000000000.0,1.0,0.0,0.0,-10000000000.0
bloodmnist:test:2278,0989a170a4a788974660095a8449608cc54b41f639e957a61e835da1653cc7df,bloodmnist_demo,1729,test,4,4,1.1205703832090563,0.0,-10000000000.0,0.0,-10000000000.0,0.0,-10000000000.0,0.0,-10000000000.0,1.0,0.0,0.0,-10000000000.0
bloodmnist:test:2279,179f59003649afc6ef4e511b3e74cb53f352232c94afbb167f2c2d76bd1ddcb5,bloodmnist_demo,1729,test,0,4,1.1205703832090563,0.0,-10000000000.0,0.0,-10000000000.0,0.0,-10000000000.0,0.0,-10000000000.0,1.0,0.0,0.0,-10000000000.0
bloodmnist:test:2281,b4abe2698d13c9233a3c17470f9ff4e77f3cce7eee5caeac82a182c1c774eb4a,bloodmnist_demo,1729,test,0,4,1.1205703832090563,0.0,-10000000000.0,0.0,-10000000000.0,0.0,-10000000000.0,0.0,-10000000000.0,1.0,0.0,0.0,-10000000000.0
bloodmnist:test:2282,c54b7d32f5243352315ec0e857f367f801f5ef56d0b35e863798125429eef19a,bloodmnist_demo,1729,test,5,4,1.1205703832090563,0.0,-10000000000.0,0.0,-10000000000.0,0.0,-10000000000.0,0.0,-10000000000.0,1.0,0.0,0.0,-10000000000.0
bloodmnist:test:2283,8e8eb6ff0a158d48df0b2428f5366582131f9082091cc81d515d2bf8c0f608f0,bloodmnist_demo,1729,test,2,4,1.1205703832090563,0.0,-10000000000.0,0.0,-10000000000.0,0.0,-10000000000.0,0.0,-10000000000.0,1.0,0.0,0.0,-10000000000.0
bloodmnist:test:2284,d77ae775615ca6c952db02caec1b7e13f9a02b31acc3ee1e6ff348630557046f,bloodmnist_demo,1729,test,1,4,1.1205703832090563,0.0,-10000000000.0,0.0,-10000000000.0,0.0,-10000000000.0,0.0,-10000000000.0,1.0,0.0,0.0,-10000000000.0
bloodmnist:test:2286,f27e90d656f0bb1e734608860bdb8bc9b3a5951c4092065672a745d559c51fe3,bloodmnist_demo,1729,test,0,4,1.1205703832090563,0.0,-10000000000.0,0.0,-10000000000.0,0.0,-10000000000.0,0.0,-10000000000.0,1.0,0.0,0.0,-10000000000.0
bloodmnist:test:2287,e830efbff7be56a39d4ae9f9d280b44ec37017064b1696fa739c9cc0d96cc624,bloodmnist_demo,1729,test,5,4,1.1205703832090563,0.0,-10000000000.0,0.0,-10000000000.0,0.0,-10000000000.0,0.0,-10000000000.0,1.0,0.0,0.0,-10000000000.0
bloodmnist:test:2289,b924205bdc905008a5f61da4b1c000f96b37a41bbf6b83cbc812a1e9399f5cd1,bloodmnist_demo,1729,test,2,4,1.1205703832090563,0.0,-10000000000.0,0.0,-10000000000.0,0.0,-10000000000.0,0.0,-10000000000.0,1.0,0.0,0.0,-10000000000.0
bloodmnist:test:2292,7aac024111292eb881d5768d537906e2aca173bfcba5845cb8791fab6f380d23,bloodmnist_demo,1729,test,5,4,1.1205703832090563,0.0,-10000000000.0,0.0,-10000000000.0,0.0,-10000000000.0,0.0,-10000000000.0,1.0,0.0,0.0,-10000000000.0
bloodmnist:test:2293,2be070d318783eae432d27c3c2041feaf7e8ad4a711746a8e4d5eaec42cb95da,bloodmnist_demo,1729,test,5,4,1.1205703832090563,0.0,-10000000000.0,0.0,-10000000000.0,0.0,-10000000000.0,0.0,-10000000000.0,1.0,0.0,0.0,-10000000000.0
bloodmnist:test:2295,560a6d220e9e00cf3aaaafb7f22ed4589f1a3309f629081cd49517dd9f49f7e2,bloodmnist_demo,1729,test,5,4,1.1205703832090563,0.0,-10000000000.0,0.0,-10000000000.0,0.0,-10000000000.0,0.0,-10000000000.0,1.0,0.0,0.0,-10000000000.0
bloodmnist:test:2297,200570a2eed0bc93ded0ce98bd7c74219ad814e99f6ddaa8498dd664164329fd,bloodmnist_demo,1729,test,1,4,1.1205703832090563,0.0,-10000000000.0,0.0,-10000000000.0,0.0,-10000000000.0,0.0,-10000000000.0,1.0,0.0,0.0,-10000000000.0
bloodmnist:test:2298,be1ba5aa5401d9ee0c552962c6d4aa37ea7cab5eedcf54275268b57efed72312,bloodmnist_demo,1729,test,1,4,1.1205703832090563,0.0,-10000000000.0,0.0,-10000000000.0,0.0,-10000000000.0,0.0,-10000000000.0,1.0,0.0,0.0,-10000000000.0
bloodmnist:test:2299,ac17ab2cb131ac6032db8ddd08bdedfc270245929fbdc8c88a6d8531237d239c,bloodmnist_demo,1729,test,0,4,1.1205703832090563,0.0,-10000000000.0,0.0,-10000000000.0,0.0,-10000000000.0,0.0,-10000000000.0,1.0,0.0,0.0,-10000000000.0
bloodmnist:test:2300,17e638e2fca9c9eb4190f9848f725a737b5587e4974bc3d94183c73339fc8366,bloodmnist_demo,1729,test,5,4,1.1205703832090563,0.0,-10000000000.0,0.0,-10000000000.0,0.0,-10000000000.0,0.0,-10000000000.0,1.0,0.0,0.0,-10000000000.0
bloodmnist:test:2302,3fac19d160172a81f1f0973ad86b593735f0cb0a4e34e3ab569e120d22256709,bloodmnist_demo,1729,test,1,4,1.1205703832090563,0.0,-10000000000.0,0.0,-10000000000.0,0.0,-10000000000.0,0.0,-10000000000.0,1.0,0.0,0.0,-10000000000.0
bloodmnist:test:2304,c606bbe98ee867d3b85ce264e4eb0adb1cd6548fea67e4de5f1d43a571bd0cfb,bloodmnist_demo,1729,test,1,4,1.1205703832090563,0.0,-10000000000.0,0.0,-10000000000.0,0.0,-10000000000.0,0.0,-10000000000.0,1.0,0.0,0.0,-10000000000.0
bloodmnist:test:2305,c384a6eb69c05f12c5cbdc68aad557b2a54af4e781aaa0998a307691497186e7,bloodmnist_demo,1729,test,1,4,1.1205703832090563,0.0,-10000000000.0,0.0,-10000000000.0,0.0,-10000000000.0,0.0,-10000000000.0,1.0,0.0,0.0,-10000000000.0
bloodmnist:test:2306,31a7a10e589c1ecadab9158c2f43d1f03a74da901c8435ff7c1d1491a98fa4ea,bloodmnist_demo,1729,test,4,4,1.1205703832090563,0.0,-10000000000.0,0.0,-10000000000.0,0.0,-10000000000.0,0.0,-10000000000.0,1.0,0.0,0.0,-10000000000.0
bloodmnist:test:2307,3c891fc839798e55c2f114d14ad197cfe5b3e6607ba65542d0aa07d04553aa88,bloodmnist_demo,1729,test,5,4,1.1205703832090563,0.0,-10000000000.0,0.0,-10000000000.0,0.0,-10000000000.0,0.0,-10000000000.0,1.0,0.0,0.0,-10000000000.0
bloodmnist:test:2308,f1ff1f4041b6926d6c49c905515d2a707ded13a44bafcc378c046fa79a078dfd,bloodmnist_demo,1729,test,1,4,1.1205703832090563,0.0,-10000000000.0,0.0,-10000000000.0,0.0,-10000000000.0,0.0,-10000000000.0,1.0,0.0,0.0,-10000000000.0
bloodmnist:test:2309,0f1774349bc86ce80e6a886280edf53a54529e30076fc60f88123658a3b97d12,bloodmnist_demo,1729,test,5,4,1.1205703832090563,0.0,-10000000000.0,0.0,-10000000000.0,0.0,-10000000000.0,0.0,-10000000000.0,1.0,0.0,0.0,-10000000000.0
bloodmnist:test:2310,ba5a4b2f9737ba2476e55065e4d939de30e1533c7c9ea0ef973d3f60418ec136,bloodmnist_demo,1729,test,5,4,1.1205703832090563,0.0,-10000000000.0,0.0,-10000000000.0,0.0,-10000000000.0,0.0,-10000000000.0,1.0,0.0,0.0,-10000000000.0
bloodmnist:test:2311,ab5e62d6b2615677e517662da5457a7555641ccd72e43aea03289f458749d211,bloodmnist_demo,1729,test,3,4,1.1205703832090563,0.0,-10000000000.0,0.0,-10000000000.0,0.0,-10000000000.0,0.0,-10000000000.0,1.0,0.0,0.0,-10000000000.0
bloodmnist:test:2312,2e6e3a9bb83b87f2971c8f56866b6e331872812db0cd600f8bad5b1a6d37302d,bloodmnist_demo,1729,test,1,4,1.1205703832090563,0.0,-10000000000.0,0.0,-10000000000.0,0.0,-10000000000.0,0.0,-10000000000.0,1.0,0.0,0.0,-10000000000.0
bloodmnist:test:2314,d665e0f6cf5f471dece84561ce724ae3b993858877fa9977a7daf5e5e266c45b,bloodmnist_demo,1729,test,1,4,1.1205703832090563,0.0,-10000000000.0,0.0,-10000000000.0,0.0,-10000000000.0,0.0,-10000000000.0,1.0,0.0,0.0,-10000000000.0
bloodmnist:test:2315,0ffb43046d729f53c1c1a74eeda886c9bc9ed6aece148feb90a133f220f83ee0,bloodmnist_demo,1729,test,5,4,1.1205703832090563,0.0,-10000000000.0,0.0,-10000000000.0,0.0,-10000000000.0,0.0,-10000000000.0,1.0,0.0,0.0,-10000000000.0
bloodmnist:test:2316,b1e5244dd6ccf279ba90dacd3312b3ed9769643b374f7aeb48bde042297a14c4,bloodmnist_demo,1729,test,1,4,1.1205703832090563,0.0,-10000000000.0,0.0,-10000000000.0,0.0,-10000000000.0,0.0,-10000000000.0,1.0,0.0,0.0,-10000000000.0
bloodmnist:test:2320,1851cd03e48e2bfdac72da597c91beb2351f71cef7dbbe34c5c79cdecd8dce9a,bloodmnist_demo,1729,test,5,4,1.1205703832090563,0.0,-10000000000.0,0.0,-10000000000.0,0.0,-10000000000.0,0.0,-10000000000.0,1.0,0.0,0.0,-10000000000.0
bloodmnist:test:2321,ba82fd3903873967cfab27679231f8042f961c8b23bb4776bc5a8311b28ca846,bloodmnist_demo,1729,test,3,4,1.1205703832090563,0.0,-10000000000.0,0.0,-10000000000.0,0.0,-10000000000.0,0.0,-10000000000.0,1.0,0.0,0.0,-10000000000.0
bloodmnist:test:2322,5b09a21d45e236d4319c1159a642c71b678fdd105a5f93327aae71bcf59cae45,bloodmnist_demo,1729,test,5,4,1.1205703832090563,0.0,-10000000000.0,0.0,-10000000000.0,0.0,-10000000000.0,0.0,-10000000000.0,1.0,0.0,0.0,-10000000000.0
bloodmnist:test:2323,c86f88309af4bf305b47444a1e25739a29aa4963dfc8e0a5355324d4c9a03f59,bloodmnist_demo,1729,test,1,4,1.1205703832090563,0.0,-10000000000.0,0.0,-10000000000.0,0.0,-10000000000.0,0.0,-10000000000.0,1.0,0.0,0.0,-10000000000.0
bloodmnist:test:2324,c3069550f95fc6a14cf108dcd846c35b19adbb9ba9b347047597c132940489ca,bloodmnist_demo,1729,test,5,4,1.1205703832090563,0.0,-10000000000.0,0.0,-10000000000.0,0.0,-10000000000.0,0.0,-10000000000.0,1.0,0.0,0.0,-10000000000.0
bloodmnist:test:2325,f0c3b600347791919aa7a008cb96bdd719b6f31671178716a40a1fafed27b473,bloodmnist_demo,1729,test,2,4,1.1205703832090563,0.0,-10000000000.0,0.0,-10000000000.0,0.0,-10000000000.0,0.0,-10000000000.0,1.0,0.0,0.0,-10000000000.0
bloodmnist:test:2328,242810e93a00bf173ffeca3015f8d8421e1701a7d103812887fa6334925f9105,bloodmnist_demo,1729,test,1,4,1.1205703832090563,0.0,-10000000000.0,0.0,-10000000000.0,0.0,-10000000000.0,0.0,-10000000000.0,1.0,0.0,0.0,-10000000000.0
bloodmnist:test:2329,c5658898bda369e315f4b14b42b646bca80ed86cc1c4e833319208b4e318469c,bloodmnist_demo,1729,test,5,4,1.1205703832090563,0.0,-10000000000.0,0.0,-10000000000.0,0.0,-10000000000.0,0.0,-10000000000.0,1.0,0.0,0.0,-10000000000.0
bloodmnist:test:2332,b074d387c6f09b0f77b7dc2462296f28843bed65510c6d4699ae0aa0575ddf2a,bloodmnist_demo,1729,test,5,4,1.1205703832090563,0.0,-10000000000.0,0.0,-10000000000.0,0.0,-10000000000.0,0.0,-10000000000.0,1.0,0.0,0.0,-10000000000.0
bloodmnist:test:2333,499a4c81c29e40b8f7d80aea70166592a8b8a2ac83fe3608131027f9c55e5592,bloodmnist_demo,1729,test,5,4,1.1205703832090563,0.0,-10000000000.0,0.0,-10000000000.0,0.0,-10000000000.0,0.0,-10000000000.0,1.0,0.0,0.0,-10000000000.0
bloodmnist:test:2334,15ab840b1d07f17da8a715f5c8fea8ee5cde97bca86012b1f3a66d4393289328,bloodmnist_demo,1729,test,3,4,1.1205703832090563,0.0,-10000000000.0,0.0,-10000000000.0,0.0,-10000000000.0,0.0,-10000000000.0,1.0,0.0,0.0,-10000000000.0
bloodmnist:test:2335,3f509fbf5a518bd288e90985577f3733c083648103337bbfa50ff8d54c478ec4,bloodmnist_demo,1729,test,1,4,1.1205703832090563,0.0,-10000000000.0,0.0,-10000000000.0,0.0,-10000000000.0,0.0,-10000000000.0,1.0,0.0,0.0,-10000000000.0
bloodmnist:test:2336,89ddcdb1f4dfb5dbf60be87085ecd6ca0229c32b23c019abc2fdee8c1fb41cf9,bloodmnist_demo,1729,test,4,4,1.1205703832090563,0.0,-10000000000.0,0.0,-10000000000.0,0.0,-10000000000.0,0.0,-10000000000.0,1.0,0.0,0.0,-10000000000.0
bloodmnist:test:2337,a6b56a898136a2c500d07c8e9333ac7a45d4a449c4df53da03328bf064c75ccf,bloodmnist_demo,1729,test,2,4,1.1205703832090563,0.0,-10000000000.0,0.0,-10000000000.0,0.0,-10000000000.0,0.0,-10000000000.0,1.0,0.0,0.0,-10000000000.0
bloodmnist:test:2338,43028cda949eddb56de49da96df6df94ca73cc3e93eea44099b6190d3f5c3256,bloodmnist_demo,1729,test,4,4,1.1205703832090563,0.0,-10000000000.0,0.0,-10000000000.0,0.0,-10000000000.0,0.0,-10000000000.0,1.0,0.0,0.0,-10000000000.0
bloodmnist:test:2339,d0ccc5bb12002da157a089c2d8887fde630b75e174132791b5848f9c045492a9,bloodmnist_demo,1729,test,3,4,1.1205703832090563,0.0,-10000000000.0,0.0,-10000000000.0,0.0,-10000000000.0,0.0,-10000000000.0,1.0,0.0,0.0,-10000000000.0
bloodmnist:test:2340,044b7a3e3fb81e02732aa243cb505b3877db95e1f20377a9a72114d9e1cf1b32,bloodmnist_demo,1729,test,3,4,1.1205703832090563,0.0,-10000000000.0,0.0,-10000000000.0,0.0,-10000000000.0,0.0,-10000000000.0,1.0,0.0,0.0,-10000000000.0
bloodmnist:test:2341,4931373490956de78ab561a14f3c15ce513258921df9b1f8d567241ed48c6371,bloodmnist_demo,1729,test,1,4,1.1205703832090563,0.0,-10000000000.0,0.0,-10000000000.0,0.0,-10000000000.0,0.0,-10000000000.0,1.0,0.0,0.0,-10000000000.0
bloodmnist:test:2342,9294f83c75e51b9636030f26ef996ce1b413dee8ba6073311d37becde1337ba7,bloodmnist_demo,1729,test,1,4,1.1205703832090563,0.0,-10000000000.0,0.0,-10000000000.0,0.0,-10000000000.0,0.0,-10000000000.0,1.0,0.0,0.0,-10000000000.0
bloodmnist:test:2343,08a8ac759dd6ee35f75d364b122c6bdc5464f786b5d817db322af786ca6a8c5b,bloodmnist_demo,1729,test,1,4,1.1205703832090563,0.0,-10000000000.0,0.0,-10000000000.0,0.0,-10000000000.0,0.0,-10000000000.0,1.0,0.0,0.0,-10000000000.0
bloodmnist:test:2344,00e7120b29bebdd1b8a03f99200a477922ec10d4f9d9b8fd4907154fa6c1b1bd,bloodmnist_demo,1729,test,5,4,1.1205703832090563,0.0,-10000000000.0,0.0,-10000000000.0,0.0,-10000000000.0,0.0,-10000000000.0,1.0,0.0,0.0,-10000000000.0
bloodmnist:test:2345,40baf5488d2eaedb74e1a1a20f1883117c1122bf929aa0ac833f46a284846281,bloodmnist_demo,1729,test,4,4,1.1205703832090563,0.0,-10000000000.0,0.0,-10000000000.0,0.0,-10000000000.0,0.0,-10000000000.0,1.0,0.0,0.0,-10000000000.0
bloodmnist:test:2346,ef1cbc3738938532b7b93d8f0166bb16ec4fa136f4a1ed0ed8eea1d25400010c,bloodmnist_demo,1729,test,2,4,1.1205703832090563,0.0,-10000000000.0,0.0,-10000000000.0,0.0,-10000000000.0,0.0,-10000000000.0,1.0,0.0,0.0,-10000000000.0
bloodmnist:test:2347,65089e85f2e5c3b57d758b382b73610d0e7403fb52dabcf3722884468e6844fa,bloodmnist_demo,1729,test,5,4,1.1205703832090563,0.0,-10000000000.0,0.0,-10000000000.0,0.0,-10000000000.0,0.0,-10000000000.0,1.0,0.0,0.0,-10000000000.0
bloodmnist:test:2349,6f2dfbacf9f2c3f70ee0de70796934cec4a0c499d41868c169ac94f00ad67168,bloodmnist_demo,1729,test,5,4,1.1205703832090563,0.0,-10000000000.0,0.0,-10000000000.0,0.0,-10000000000.0,0.0,-10000000000.0,1.0,0.0,0.0,-10000000000.0
bloodmnist:test:2350,e0061049ebc7819e39c46c82913a35252b089398d0349b650cb6a58bc9ab32dc,bloodmnist_demo,1729,test,1,4,1.1205703832090563,0.0,-10000000000.0,0.0,-10000000000.0,0.0,-10000000000.0,0.0,-10000000000.0,1.0,0.0,0.0,-10000000000.0
bloodmnist:test:2351,9fa2dddb843ffc82554e5c5dc241a8050cb71fbd7bb8affa9d84924640f7e019,bloodmnist_demo,1729,test,4,4,1.1205703832090563,0.0,-10000000000.0,0.0,-10000000000.0,0.0,-10000000000.0,0.0,-10000000000.0,1.0,0.0,0.0,-10000000000.0
bloodmnist:test:2352,622063ccd34398f0d9b83be9a25adcac6db1260fe43b006f8086dc784bcc89e0,bloodmnist_demo,1729,test,4,4,1.1205703832090563,0.0,-10000000000.0,0.0,-10000000000.0,0.0,-10000000000.0,0.0,-10000000000.0,1.0,0.0,0.0,-10000000000.0
bloodmnist:test:2353,6d99a929b9720cde535f520b33182ac924cc871529781d7a2a80babe822ca08c,bloodmnist_demo,1729,test,1,4,1.1205703832090563,0.0,-10000000000.0,0.0,-10000000000.0,0.0,-10000000000.0,0.0,-10000000000.0,1.0,0.0,0.0,-10000000000.0
bloodmnist:test:2354,a57ac315b39639a82f3bbb96d5de88e9a34f3bd9d6e5812490326b713c90197b,bloodmnist_demo,1729,test,4,4,1.1205703832090563,0.0,-10000000000.0,0.0,-10000000000.0,0.0,-10000000000.0,0.0,-10000000000.0,1.0,0.0,0.0,-10000000000.0
bloodmnist:test:2355,7386a6af15bb0a8aca2cf0db62655b24a043467090297a9155a364ea3345b9c5,bloodmnist_demo,1729,test,5,4,1.1205703832090563,0.0,-10000000000.0,0.0,-10000000000.0,0.0,-10000000000.0,0.0,-10000000000.0,1.0,0.0,0.0,-10000000000.0
bloodmnist:test:2358,46c5513f6c3e8f35ccb1a7126601bf65e3685d82ba4e11609efdab83de08d878,bloodmnist_demo,1729,test,2,4,1.1205703832090563,0.0,-10000000000.0,0.0,-10000000000.0,0.0,-10000000000.0,0.0,-10000000000.0,1.0,0.0,0.0,-10000000000.0
bloodmnist:test:2359,dfa233ed25d55e9c6bc23a4948d704e7a6cc65b6cebc7f9c750e04001d3e49d3,bloodmnist_demo,1729,test,0,4,1.1205703832090563,0.0,-10000000000.0,0.0,-10000000000.0,0.0,-10000000000.0,0.0,-10000000000.0,1.0,0.0,0.0,-10000000000.0
bloodmnist:test:2360,be75fcd0de8019cb6cee854a7da559330112d83d09d10e137c3ece4344a96774,bloodmnist_demo,1729,test,1,4,1.1205703832090563,0.0,-10000000000.0,0.0,-10000000000.0,0.0,-10000000000.0,0.0,-10000000000.0,1.0,0.0,0.0,-10000000000.0
bloodmnist:test:2361,65b8aaec9fef3e8422b7cd685879800856dec0d6c4e663b3927dc795b9f6f086,bloodmnist_demo,1729,test,5,4,1.1205703832090563,0.0,-10000000000.0,0.0,-10000000000.0,0.0,-10000000000.0,0.0,-10000000000.0,1.0,0.0,0.0,-10000000000.0
bloodmnist:test:2362,c21b7f4cc8427bdb7f4f7f512f15b847f1881e921597628dfe427774e23a7f70,bloodmnist_demo,1729,test,4,4,1.1205703832090563,0.0,-10000000000.0,0.0,-10000000000.0,0.0,-10000000000.0,0.0,-10000000000.0,1.0,0.0,0.0,-10000000000.0
bloodmnist:test:2363,fa3160511ec90eadc9eef047da2927c74e7414f208651f81ae6211ea9e50e8e3,bloodmnist_demo,1729,test,5,4,1.1205703832090563,0.0,-10000000000.0,0.0,-10000000000.0,0.0,-10000000000.0,0.0,-10000000000.0,1.0,0.0,0.0,-10000000000.0
bloodmnist:test:2364,c66c8b9a5f3b89e7f1c6d5162f87afcbf38c020a3c2972fb9babed5e7fe960ef,bloodmnist_demo,1729,test,5,4,1.1205703832090563,0.0,-10000000000.0,0.0,-10000000000.0,0.0,-10000000000.0,0.0,-10000000000.0,1.0,0.0,0.0,-10000000000.0
bloodmnist:test:2365,4025dce27ef08b4807aeea4c8cbf48e4978ce24f9dee0d3935d3f648751d4dbe,bloodmnist_demo,1729,test,1,4,1.1205703832090563,0.0,-10000000000.0,0.0,-10000000000.0,0.0,-10000000000.0,0.0,-10000000000.0,1.0,0.0,0.0,-10000000000.0
bloodmnist:test:2368,6527d0c69220a3d196e6133fd0b1464edb531aaa137bb991df3d8298408e403d,bloodmnist_demo,1729,test,1,4,1.1205703832090563,0.0,-10000000000.0,0.0,-10000000000.0,0.0,-10000000000.0,0.0,-10000000000.0,1.0,0.0,0.0,-10000000000.0
bloodmnist:test:2369,8f1df205d6c41b582e5f1be0e6eb795a790a89eeed2a8fa4b0557d376adacde5,bloodmnist_demo,1729,test,5,4,1.1205703832090563,0.0,-10000000000.0,0.0,-10000000000.0,0.0,-10000000000.0,0.0,-10000000000.0,1.0,0.0,0.0,-10000000000.0
bloodmnist:test:2371,4cf857e88f097e2e9368b97376335e14e6efb32b86d1799241e878bcee2c8ed2,bloodmnist_demo,1729,test,1,4,1.1205703832090563,0.0,-10000000000.0,0.0,-10000000000.0,0.0,-10000000000.0,0.0,-10000000000.0,1.0,0.0,0.0,-10000000000.0
bloodmnist:test:2372,4782779c4b887cc32d9bbb129afebf257f67ccfea7a8fb121544a81a9dbb31cb,bloodmnist_demo,1729,test,1,4,1.1205703832090563,0.0,-10000000000.0,0.0,-10000000000.0,0.0,-10000000000.0,0.0,-10000000000.0,1.0,0.0,0.0,-10000000000.0
bloodmnist:test:2373,10971400b5b4341d9b7adc8e579eef3b62f4e9eb00b3cd448c2507d37701ea69,bloodmnist_demo,1729,test,1,4,1.1205703832090563,0.0,-10000000000.0,0.0,-10000000000.0,0.0,-10000000000.0,0.0,-10000000000.0,1.0,0.0,0.0,-10000000000.0
bloodmnist:test:2374,4be2117d75286920fa35451f9b4172eca47b347fe6d153d7afcee83333c7482d,bloodmnist_demo,1729,test,3,4,1.1205703832090563,0.0,-10000000000.0,0.0,-10000000000.0,0.0,-10000000000.0,0.0,-10000000000.0,1.0,0.0,0.0,-10000000000.0
bloodmnist:test:2375,77368cd389fe1178597b1e01d8f897f3b859699f7ac8854e827f3d803f892125,bloodmnist_demo,1729,test,1,4,1.1205703832090563,0.0,-10000000000.0,0.0,-10000000000.0,0.0,-10000000000.0,0.0,-10000000000.0,1.0,0.0,0.0,-10000000000.0
bloodmnist:test:2377,a73644d75ae408cc906810fb227e6aabca02753d36f2c88a55383b0618823acc,bloodmnist_demo,1729,test,1,4,1.1205703832090563,0.0,-10000000000.0,0.0,-10000000000.0,0.0,-10000000000.0,0.0,-10000000000.0,1.0,0.0,0.0,-10000000000.0
bloodmnist:test:2378,06c4453b17f23d19771a0e2efc5d99718fe7a40540afc512c77162cce4550688,bloodmnist_demo,1729,test,2,4,1.1205703832090563,0.0,-10000000000.0,0.0,-10000000000.0,0.0,-10000000000.0,0.0,-10000000000.0,1.0,0.0,0.0,-10000000000.0
bloodmnist:test:2379,4c3562c47dfd08329504ceca1956ab6f83a274720ec3030e9665746a55a9a5a5,bloodmnist_demo,1729,test,1,4,1.1205703832090563,0.0,-10000000000.0,0.0,-10000000000.0,0.0,-10000000000.0,0.0,-10000000000.0,1.0,0.0,0.0,-10000000000.0
bloodmnist:test:2380,2ea546a45b5bee8f06e5260138a5a292045e74a975f3213e271ffc068b2cf8df,bloodmnist_demo,1729,test,4,4,1.1205703832090563,0.0,-10000000000.0,0.0,-10000000000.0,0.0,-10000000000.0,0.0,-10000000000.0,1.0,0.0,0.0,-10000000000.0
bloodmnist:test:2381,197763e7074dcbb1eb10cd520fed4cd7c049f5d00213d6c40eeea17a864f4563,bloodmnist_demo,1729,test,3,4,1.1205703832090563,0.0,-10000000000.0,0.0,-10000000000.0,0.0,-10000000000.0,0.0,-10000000000.0,1.0,0.0,0.0,-10000000000.0
bloodmnist:test:2382,68179606afa46fdefe19fd1447e781d3066625e482e16530646770013bab6c7c,bloodmnist_demo,1729,test,1,4,1.1205703832090563,0.0,-10000000000.0,0.0,-10000000000.0,0.0,-10000000000.0,0.0,-10000000000.0,1.0,0.0,0.0,-10000000000.0
bloodmnist:test:2383,e8ae4ccc4eb1f9e1a3e077f8097a47b1542fad2cbe4ade1a678e9c40601a4100,bloodmnist_demo,1729,test,0,4,1.1205703832090563,0.0,-10000000000.0,0.0,-10000000000.0,0.0,-10000000000.0,0.0,-10000000000.0,1.0,0.0,0.0,-10000000000.0
bloodmnist:test:2384,515db3234200aa52b6eb38cfea79979c29996e59083617bad61d245fd7a34295,bloodmnist_demo,1729,test,4,4,1.1205703832090563,0.0,-10000000000.0,0.0,-10000000000.0,0.0,-10000000000.0,0.0,-10000000000.0,1.0,0.0,0.0,-10000000000.0
bloodmnist:test:2385,f6a35e6f82a138d8ba1fc22c5b63f743261972024fc4da94cf3bfbd6417eded1,bloodmnist_demo,1729,test,2,4,1.1205703832090563,0.0,-10000000000.0,0.0,-10000000000.0,0.0,-10000000000.0,0.0,-10000000000.0,1.0,0.0,0.0,-10000000000.0
bloodmnist:test:2386,a41ddf0f56056f8215da2684ecaa6aebf70151901f6ab3e4d0758c656dcaec56,bloodmnist_demo,1729,test,4,4,1.1205703832090563,0.0,-10000000000.0,0.0,-10000000000.0,0.0,-10000000000.0,0.0,-10000000000.0,1.0,0.0,0.0,-10000000000.0
bloodmnist:test:2388,8db0e7e9cf474ad44938fa6d90120ed1da7798b6d2d4f7fe2080d1a2832a5bb5,bloodmnist_demo,1729,test,3,4,1.1205703832090563,0.0,-10000000000.0,0.0,-10000000000.0,0.0,-10000000000.0,0.0,-10000000000.0,1.0,0.0,0.0,-10000000000.0
bloodmnist:test:2389,be02913cbf2084e100f66170fe5e303521901b63e49ef6d44d3b6a3f32fb1e53,bloodmnist_demo,1729,test,2,4,1.1205703832090563,0.0,-10000000000.0,0.0,-10000000000.0,0.0,-10000000000.0,0.0,-10000000000.0,1.0,0.0,0.0,-10000000000.0
bloodmnist:test:2390,ed07a5784a462d18d3e58686b71a22eeb268a85adb53f9ec3acc04888ffbe726,bloodmnist_demo,1729,test,5,4,1.1205703832090563,0.0,-10000000000.0,0.0,-10000000000.0,0.0,-10000000000.0,0.0,-10000000000.0,1.0,0.0,0.0,-10000000000.0
bloodmnist:test:2391,4a8dc028ae9c5e7cfa5b3b2d71e3bfd30abdaf8915a84812dae46a9e6fbe9010,bloodmnist_demo,1729,test,3,4,1.1205703832090563,0.0,-10000000000.0,0.0,-10000000000.0,0.0,-10000000000.0,0.0,-10000000000.0,1.0,0.0,0.0,-10000000000.0
bloodmnist:test:2394,f79486f448b5317453afdd468996c6875f4d3e5b918ab9247224bfc2aa244d7d,bloodmnist_demo,1729,test,2,4,1.1205703832090563,0.0,-10000000000.0,0.0,-10000000000.0,0.0,-10000000000.0,0.0,-10000000000.0,1.0,0.0,0.0,-10000000000.0
bloodmnist:test:2395,6717bbc0cf61e6ff377dbf10b8d29a33e9be769bc1427310d1421338a2884396,bloodmnist_demo,1729,test,1,4,1.1205703832090563,0.0,-10000000000.0,0.0,-10000000000.0,0.0,-10000000000.0,0.0,-10000000000.0,1.0,0.0,0.0,-10000000000.0
bloodmnist:test:2396,ff11addaea4db49e9c4693c4abd382884c4905182b746475e61a5bb02375020b,bloodmnist_demo,1729,test,4,4,1.1205703832090563,0.0,-10000000000.0,0.0,-10000000000.0,0.0,-10000000000.0,0.0,-10000000000.0,1.0,0.0,0.0,-10000000000.0
bloodmnist:test:2397,c8b633e855581d917a37a76225a2089e0247b043585f9e84b973739a164268b2,bloodmnist_demo,1729,test,4,4,1.1205703832090563,0.0,-10000000000.0,0.0,-10000000000.0,0.0,-10000000000.0,0.0,-10000000000.0,1.0,0.0,0.0,-10000000000.0
bloodmnist:test:2398,bca098d6eca85bb551330b566091dd7384982d65fdc2fd0537caefe3c254a9a7,bloodmnist_demo,1729,test,4,4,1.1205703832090563,0.0,-10000000000.0,0.0,-10000000000.0,0.0,-10000000000.0,0.0,-10000000000.0,1.0,0.0,0.0,-10000000000.0
bloodmnist:test:2399,27e050ae8b6881b00894c3b38ddfa45cf2674557bfcf7fa879677e61103b89a6,bloodmnist_demo,1729,test,4,4,1.1205703832090563,0.0,-10000000000.0,0.0,-10000000000.0,0.0,-10000000000.0,0.0,-10000000000.0,1.0,0.0,0.0,-10000000000.0
bloodmnist:test:2401,d16116cddd9d7c727a844c5251573b96e35a3725d8c9cb0b3d8067e2dfd7bbb6,bloodmnist_demo,1729,test,1,4,1.1205703832090563,0.0,-10000000000.0,0.0,-10000000000.0,0.0,-10000000000.0,0.0,-10000000000.0,1.0,0.0,0.0,-10000000000.0
bloodmnist:test:2402,6c25c60467e04d49c527dfda4b746c924b823b37caf867b6784ae268b16f4a08,bloodmnist_demo,1729,test,5,4,1.1205703832090563,0.0,-10000000000.0,0.0,-10000000000.0,0.0,-10000000000.0,0.0,-10000000000.0,1.0,0.0,0.0,-10000000000.0
bloodmnist:test:2403,abadffe9af430cafd9e1b9da20acc7eb04146f5f47f53e8ca6bf18e51098f97c,bloodmnist_demo,1729,test,0,4,1.1205703832090563,0.0,-10000000000.0,0.0,-10000000000.0,0.0,-10000000000.0,0.0,-10000000000.0,1.0,0.0,0.0,-10000000000.0
bloodmnist:test:2404,4fa70c84dd73a252fe9d73fcb490708f45f8c13ac17fcf819234328fc38ca2c8,bloodmnist_demo,1729,test,5,4,1.1205703832090563,0.0,-10000000000.0,0.0,-10000000000.0,0.0,-10000000000.0,0.0,-10000000000.0,1.0,0.0,0.0,-10000000000.0
bloodmnist:test:2405,f93a815f1efed3fc7c3458a0a318fd8307e0836d136289b67ff238c995858354,bloodmnist_demo,1729,test,4,4,1.1205703832090563,0.0,-10000000000.0,0.0,-10000000000.0,0.0,-10000000000.0,0.0,-10000000000.0,1.0,0.0,0.0,-10000000000.0
bloodmnist:test:2406,889a9057d32b4cfa7756f79ab8e7a65c162f7f435d948362ee84c163b95e2176,bloodmnist_demo,1729,test,4,4,1.1205703832090563,0.0,-10000000000.0,0.0,-10000000000.0,0.0,-10000000000.0,0.0,-10000000000.0,1.0,0.0,0.0,-10000000000.0
bloodmnist:test:2407,379cc679eb348d7f582b9b2db2ac88896ca8d219765455493f2c07db36d4f8b0,bloodmnist_demo,1729,test,4,4,1.1205703832090563,0.0,-10000000000.0,0.0,-10000000000.0,0.0,-10000000000.0,0.0,-10000000000.0,1.0,0.0,0.0,-10000000000.0
bloodmnist:test:2408,418d2162c1126dedb2a649fd84d184163ef0a723512d1b74a777e9cceb673be1,bloodmnist_demo,1729,test,5,4,1.1205703832090563,0.0,-10000000000.0,0.0,-10000000000.0,0.0,-10000000000.0,0.0,-10000000000.0,1.0,0.0,0.0,-10000000000.0
bloodmnist:test:2409,7173f739aa9aa6ff1465dee8347e3fac47f9ea1b82e8f09b2d76f6fa2348f650,bloodmnist_demo,1729,test,1,4,1.1205703832090563,0.0,-10000000000.0,0.0,-10000000000.0,0.0,-10000000000.0,0.0,-10000000000.0,1.0,0.0,0.0,-10000000000.0
bloodmnist:test:2410,36987f895263e78ec4e3f9ec49664bb8b3ab961cef5e94f9c242ef9d2f452e38,bloodmnist_demo,1729,test,5,4,1.1205703832090563,0.0,-10000000000.0,0.0,-10000000000.0,0.0,-10000000000.0,0.0,-10000000000.0,1.0,0.0,0.0,-10000000000.0
bloodmnist:test:2411,e4dba276ea8ff6bca5dffe6053b1e1e4f3b625f6903602bbee81a5326f661980,bloodmnist_demo,1729,test,1,4,1.1205703832090563,0.0,-10000000000.0,0.0,-10000000000.0,0.0,-10000000000.0,0.0,-10000000000.0,1.0,0.0,0.0,-10000000000.0
bloodmnist:test:2413,6a040c2bd831c1198dc221183ef2e80ad8a49828d4a38a182a2f2f1aa52e5eb4,bloodmnist_demo,1729,test,1,4,1.1205703832090563,0.0,-10000000000.0,0.0,-10000000000.0,0.0,-10000000000.0,0.0,-10000000000.0,1.0,0.0,0.0,-10000000000.0
bloodmnist:test:2415,c69b3f32a8a51829d93f956e56c2e2508c404d58371a2d99d06e7b032610a1a8,bloodmnist_demo,1729,test,5,4,1.1205703832090563,0.0,-10000000000.0,0.0,-10000000000.0,0.0,-10000000000.0,0.0,-10000000000.0,1.0,0.0,0.0,-10000000000.0
bloodmnist:test:2416,de5896465f127ee3713d1d0b3cdeb4677bf62a7dbe0ee31905129d291da84c5d,bloodmnist_demo,1729,test,5,4,1.1205703832090563,0.0,-10000000000.0,0.0,-10000000000.0,0.0,-10000000000.0,0.0,-10000000000.0,1.0,0.0,0.0,-10000000000.0
bloodmnist:test:2418,ae5c9717741bded5d91daef8a3f4620cb5259d62bda2cce1c19ab7707c1c35e8,bloodmnist_demo,1729,test,4,4,1.1205703832090563,0.0,-10000000000.0,0.0,-10000000000.0,0.0,-10000000000.0,0.0,-10000000000.0,1.0,0.0,0.0,-10000000000.0
bloodmnist:test:2420,7fe0902f3b461dd21d393c8b9d67ea0a5e70a179bc00ce4abb893906bb60c2a6,bloodmnist_demo,1729,test,1,4,1.1205703832090563,0.0,-10000000000.0,0.0,-10000000000.0,0.0,-10000000000.0,0.0,-10000000000.0,1.0,0.0,0.0,-10000000000.0
bloodmnist:test:2422,e230412a79820a4b52f9d0032ba26bbc59875e3d6b786413fd5a1d46f86529c2,bloodmnist_demo,1729,test,1,4,1.1205703832090563,0.0,-10000000000.0,0.0,-10000000000.0,0.0,-10000000000.0,0.0,-10000000000.0,1.0,0.0,0.0,-10000000000.0
bloodmnist:test:2423,4083863fa1a77c897880d5880cd4b9a0fc53b31ac81881b7d3ed86d296056ba4,bloodmnist_demo,1729,test,0,4,1.1205703832090563,0.0,-10000000000.0,0.0,-10000000000.0,0.0,-10000000000.0,0.0,-10000000000.0,1.0,0.0,0.0,-10000000000.0
bloodmnist:test:2424,dc8d1de27e06419a63aecbc05698da95fd01ef519ecd9e103adb38d9c72fdab5,bloodmnist_demo,1729,test,5,4,1.1205703832090563,0.0,-10000000000.0,0.0,-10000000000.0,0.0,-10000000000.0,0.0,-10000000000.0,1.0,0.0,0.0,-10000000000.0
bloodmnist:test:2425,97ad9efb388165cef6134e885fd50f666c388eb12ad52f323ff0fcd06ff267c6,bloodmnist_demo,1729,test,1,4,1.1205703832090563,0.0,-10000000000.0,0.0,-10000000000.0,0.0,-10000000000.0,0.0,-10000000000.0,1.0,0.0,0.0,-10000000000.0
bloodmnist:test:2426,5b6efac1959999f77de1072097a26a5d7bd0e41ebeea3f6a30753c27e6ec3ee2,bloodmnist_demo,1729,test,3,4,1.1205703832090563,0.0,-10000000000.0,0.0,-10000000000.0,0.0,-10000000000.0,0.0,-10000000000.0,1.0,0.0,0.0,-10000000000.0
bloodmnist:test:2427,c68177491b0ac16ba69a700da02d8f6295aed5a1eae69313ae6480ec61cab378,bloodmnist_demo,1729,test,5,4,1.1205703832090563,0.0,-10000000000.0,0.0,-10000000000.0,0.0,-10000000000.0,0.0,-10000000000.0,1.0,0.0,0.0,-10000000000.0
bloodmnist:test:2428,5c3cd2fb74b20d32bd6718f985c6819a217359b8064ff1d8ccf636ae3771f4c2,bloodmnist_demo,1729,test,5,4,1.1205703832090563,0.0,-10000000000.0,0.0,-10000000000.0,0.0,-10000000000.0,0.0,-10000000000.0,1.0,0.0,0.0,-10000000000.0
bloodmnist:test:2430,4e1ae1795175df05b3fca5500b87534413c5c2dd2556b5ea199f177154adc311,bloodmnist_demo,1729,test,2,4,1.1205703832090563,0.0,-10000000000.0,0.0,-10000000000.0,0.0,-10000000000.0,0.0,-10000000000.0,1.0,0.0,0.0,-10000000000.0
bloodmnist:test:2431,fbe7da5870cda3bc446d7300e6aae44dbc181435fb1440e605f9005db789c287,bloodmnist_demo,1729,test,1,4,1.1205703832090563,0.0,-10000000000.0,0.0,-10000000000.0,0.0,-10000000000.0,0.0,-10000000000.0,1.0,0.0,0.0,-10000000000.0
bloodmnist:test:2432,ef6b05bbe266fa8633378707848072e79c76db0cb0fb7c78d17f5bb2c61999d4,bloodmnist_demo,1729,test,2,4,1.1205703832090563,0.0,-10000000000.0,0.0,-10000000000.0,0.0,-10000000000.0,0.0,-10000000000.0,1.0,0.0,0.0,-10000000000.0
bloodmnist:test:2433,c55737872a9a60044880e5e58ab242ef54266f5bb81b1d83331fabd940e561c6,bloodmnist_demo,1729,test,0,4,1.1205703832090563,0.0,-10000000000.0,0.0,-10000000000.0,0.0,-10000000000.0,0.0,-10000000000.0,1.0,0.0,0.0,-10000000000.0
bloodmnist:test:2434,5330ae3c337b148b47cbe3a4bf802288987e10a1e6af9aac88e3455e2c9af6c1,bloodmnist_demo,1729,test,5,4,1.1205703832090563,0.0,-10000000000.0,0.0,-10000000000.0,0.0,-10000000000.0,0.0,-10000000000.0,1.0,0.0,0.0,-10000000000.0
bloodmnist:test:2436,dc01c189762766eabf16a89a26d1ef0562d73f3ecf7625a8684f2ec3a2bc7f7d,bloodmnist_demo,1729,test,2,4,1.1205703832090563,0.0,-10000000000.0,0.0,-10000000000.0,0.0,-10000000000.0,0.0,-10000000000.0,1.0,0.0,0.0,-10000000000.0
bloodmnist:test:2437,72bc7f66b77b5e4e12e0acbe0e6de844e94f5d9a9f20c73ab6d68f54fbe54f9b,bloodmnist_demo,1729,test,4,4,1.1205703832090563,0.0,-10000000000.0,0.0,-10000000000.0,0.0,-10000000000.0,0.0,-10000000000.0,1.0,0.0,0.0,-10000000000.0
bloodmnist:test:2438,9eab5c3d3287b900f2cb7ed82cc4f62f1a85e3444eadba01e675b4b4e3930611,bloodmnist_demo,1729,test,0,4,1.1205703832090563,0.0,-10000000000.0,0.0,-10000000000.0,0.0,-10000000000.0,0.0,-10000000000.0,1.0,0.0,0.0,-10000000000.0
bloodmnist:test:2439,24915d71aaf53c8136fdbbe86f9d3c4db3b8c6934fdaa283ec423735d4e0c0fb,bloodmnist_demo,1729,test,4,4,1.1205703832090563,0.0,-10000000000.0,0.0,-10000000000.0,0.0,-10000000000.0,0.0,-10000000000.0,1.0,0.0,0.0,-10000000000.0
bloodmnist:test:2440,c758b60c522f6ca17a07d73225ed42d23485796191adba916c33434117a74805,bloodmnist_demo,1729,test,4,4,1.1205703832090563,0.0,-10000000000.0,0.0,-10000000000.0,0.0,-10000000000.0,0.0,-10000000000.0,1.0,0.0,0.0,-10000000000.0
bloodmnist:test:2441,6a9334e70114141bbbd6a60c792b41b654984d50bab87c1b306589dcee867884,bloodmnist_demo,1729,test,5,4,1.1205703832090563,0.0,-10000000000.0,0.0,-10000000000.0,0.0,-10000000000.0,0.0,-10000000000.0,1.0,0.0,0.0,-10000000000.0
bloodmnist:test:2442,f308d7cc9c4bc7a0e0a1d99b7222f9b9689e213096092bfba3748f1957caf515,bloodmnist_demo,1729,test,1,4,1.1205703832090563,0.0,-10000000000.0,0.0,-10000000000.0,0.0,-10000000000.0,0.0,-10000000000.0,1.0,0.0,0.0,-10000000000.0
bloodmnist:test:2443,403d6889ade4ecdd2a67531526ac36e6b341f9f4481c03b751b4b75062368d35,bloodmnist_demo,1729,test,1,4,1.1205703832090563,0.0,-10000000000.0,0.0,-10000000000.0,0.0,-10000000000.0,0.0,-10000000000.0,1.0,0.0,0.0,-10000000000.0
bloodmnist:test:2445,a1773b4360e8d12e3bec379674e7332e188a7b1052a14a96a466332e62d0cf87,bloodmnist_demo,1729,test,0,4,1.1205703832090563,0.0,-10000000000.0,0.0,-10000000000.0,0.0,-10000000000.0,0.0,-10000000000.0,1.0,0.0,0.0,-10000000000.0
bloodmnist:test:2446,c326c3e12a1ee6ca5dbaf911593eae052b499228f4ced0905a49f0e9b60f89a3,bloodmnist_demo,1729,test,1,4,1.1205703832090563,0.0,-10000000000.0,0.0,-10000000000.0,0.0,-10000000000.0,0.0,-10000000000.0,1.0,0.0,0.0,-10000000000.0
bloodmnist:test:2447,c5902b5623f2c057e3e8d514a43053cb4aa98ef5960e1b6072828c0051ea9d71,bloodmnist_demo,1729,test,3,4,1.1205703832090563,0.0,-10000000000.0,0.0,-10000000000.0,0.0,-10000000000.0,0.0,-10000000000.0,1.0,0.0,0.0,-10000000000.0
bloodmnist:test:2448,c4a6c3af9928c67fce38820829301ceca52a13cd500c62191411af69051d6599,bloodmnist_demo,1729,test,5,4,1.1205703832090563,0.0,-10000000000.0,0.0,-10000000000.0,0.0,-10000000000.0,0.0,-10000000000.0,1.0,0.0,0.0,-10000000000.0
bloodmnist:test:2449,e03677be20ee9ac08e26eeaf58c1dbcd1040e70803381e4e4c5051b683de0bf2,bloodmnist_demo,1729,test,2,4,1.1205703832090563,0.0,-10000000000.0,0.0,-10000000000.0,0.0,-10000000000.0,0.0,-10000000000.0,1.0,0.0,0.0,-10000000000.0
bloodmnist:test:2450,137cebaebb4d10413d9f2a1173009d5d2d856cd05e101e517ae6ccd98d5c900d,bloodmnist_demo,1729,test,4,4,1.1205703832090563,0.0,-10000000000.0,0.0,-10000000000.0,0.0,-10000000000.0,0.0,-10000000000.0,1.0,0.0,0.0,-10000000000.0
bloodmnist:test:2453,90cea634a190a6ee9b84e7df4b17d13bb526b159569e9b2678702a79a3eee005,bloodmnist_demo,1729,test,5,4,1.1205703832090563,0.0,-10000000000.0,0.0,-10000000000.0,0.0,-10000000000.0,0.0,-10000000000.0,1.0,0.0,0.0,-10000000000.0
bloodmnist:test:2454,bd7a4cafe1dd3c91caf5f9ae87781093bde48b9cea03fb700b5d87462cd7e8f4,bloodmnist_demo,1729,test,1,4,1.1205703832090563,0.0,-10000000000.0,0.0,-10000000000.0,0.0,-10000000000.0,0.0,-10000000000.0,1.0,0.0,0.0,-10000000000.0
bloodmnist:test:2455,7bb5b9057437e2b595f5781f5f6c987655a21812827ecf0ffc93f9410fbf2edc,bloodmnist_demo,1729,test,3,4,1.1205703832090563,0.0,-10000000000.0,0.0,-10000000000.0,0.0,-10000000000.0,0.0,-10000000000.0,1.0,0.0,0.0,-10000000000.0
bloodmnist:test:2456,c2f4a15fe34707d01ff33710004913d04696050368d74f5fc3a0de69679a03c4,bloodmnist_demo,1729,test,3,4,1.1205703832090563,0.0,-10000000000.0,0.0,-10000000000.0,0.0,-10000000000.0,0.0,-10000000000.0,1.0,0.0,0.0,-10000000000.0
bloodmnist:test:2457,34e8072d24954eacb84604087855ce27fabdf2904bcfe021f6ea63ab95cb12a2,bloodmnist_demo,1729,test,5,4,1.1205703832090563,0.0,-10000000000.0,0.0,-10000000000.0,0.0,-10000000000.0,0.0,-10000000000.0,1.0,0.0,0.0,-10000000000.0
bloodmnist:test:2458,5f3337d911082fa9282e1229b6d5eac089cce3f81b23a954700c3be70a44ed1e,bloodmnist_demo,1729,test,0,4,1.1205703832090563,0.0,-10000000000.0,0.0,-10000000000.0,0.0,-10000000000.0,0.0,-10000000000.0,1.0,0.0,0.0,-10000000000.0
bloodmnist:test:2459,49f93b81ebd203f4851bc2a9409093295d29dc81b184403100954bda1e2d0dc2,bloodmnist_demo,1729,test,1,4,1.1205703832090563,0.0,-10000000000.0,0.0,-10000000000.0,0.0,-10000000000.0,0.0,-10000000000.0,1.0,0.0,0.0,-10000000000.0
bloodmnist:test:2461,4e15114a2dd055e2553c42f9e9b161303208fb5416f775cc8a620accb073608b,bloodmnist_demo,1729,test,2,4,1.1205703832090563,0.0,-10000000000.0,0.0,-10000000000.0,0.0,-10000000000.0,0.0,-10000000000.0,1.0,0.0,0.0,-10000000000.0
bloodmnist:test:2462,6222e28197e88fcad1d26aa381fa3a9e67a4c8938dc0fef6d87531f05c8e4903,bloodmnist_demo,1729,test,4,4,1.1205703832090563,0.0,-10000000000.0,0.0,-10000000000.0,0.0,-10000000000.0,0.0,-10000000000.0,1.0,0.0,0.0,-10000000000.0
bloodmnist:test:2463,0409ac45a67b371bcdbfaf76b9d25aaf09c4ee30604631e3b5a9769b35547c47,bloodmnist_demo,1729,test,5,4,1.1205703832090563,0.0,-10000000000.0,0.0,-10000000000.0,0.0,-10000000000.0,0.0,-10000000000.0,1.0,0.0,0.0,-10000000000.0
bloodmnist:test:2464,bbe329286ddfde6bf6c80343711f249dc82b2891a12e27b98932032c8418057a,bloodmnist_demo,1729,test,4,4,1.1205703832090563,0.0,-10000000000.0,0.0,-10000000000.0,0.0,-10000000000.0,0.0,-10000000000.0,1.0,0.0,0.0,-10000000000.0
bloodmnist:test:2465,e3d080313329a640c07338c3866d8cffe7087f2f514592a2e8de09878c041486,bloodmnist_demo,1729,test,3,4,1.1205703832090563,0.0,-10000000000.0,0.0,-10000000000.0,0.0,-10000000000.0,0.0,-10000000000.0,1.0,0.0,0.0,-10000000000.0
bloodmnist:test:2466,0e2cc234c640c78e15eba3dbf71a1ddf886de6760d82bbb650ebb88e76989c2c,bloodmnist_demo,1729,test,4,4,1.1205703832090563,0.0,-10000000000.0,0.0,-10000000000.0,0.0,-10000000000.0,0.0,-10000000000.0,1.0,0.0,0.0,-10000000000.0
bloodmnist:test:2467,5a0128ebcbf4e8d6db14c8827a11c3b62594d336d064909e6cfc7dc917392636,bloodmnist_demo,1729,test,5,4,1.1205703832090563,0.0,-10000000000.0,0.0,-10000000000.0,0.0,-10000000000.0,0.0,-10000000000.0,1.0,0.0,0.0,-10000000000.0
bloodmnist:test:2469,694d8e14a1b7ee074ef4c4b9073cdf0c03edacda18ac34f374de14335c03af35,bloodmnist_demo,1729,test,4,4,1.1205703832090563,0.0,-10000000000.0,0.0,-10000000000.0,0.0,-10000000000.0,0.0,-10000000000.0,1.0,0.0,0.0,-10000000000.0
bloodmnist:test:2470,b3ed2fae59ce6d2e0dc355a84f06bdfee87b925107698660497a487ee67ccf63,bloodmnist_demo,1729,test,5,4,1.1205703832090563,0.0,-10000000000.0,0.0,-10000000000.0,0.0,-10000000000.0,0.0,-10000000000.0,1.0,0.0,0.0,-10000000000.0
bloodmnist:test:2473,173adda0f3a208cd50cd2252aaa6a5527fac96accd69e4082a482bed1e9bdfa0,bloodmnist_demo,1729,test,0,4,1.1205703832090563,0.0,-10000000000.0,0.0,-10000000000.0,0.0,-10000000000.0,0.0,-10000000000.0,1.0,0.0,0.0,-10000000000.0
bloodmnist:test:2474,011fd05d3a0140c07e33ca62e67cfd7fa82c70370ca4e7d6038101bca598935c,bloodmnist_demo,1729,test,0,4,1.1205703832090563,0.0,-10000000000.0,0.0,-10000000000.0,0.0,-10000000000.0,0.0,-10000000000.0,1.0,0.0,0.0,-10000000000.0
bloodmnist:test:2475,90a05b414cb5de45e651f746b45a64598b40ae1ff1af8a658d10cd44189527fb,bloodmnist_demo,1729,test,3,4,1.1205703832090563,0.0,-10000000000.0,0.0,-10000000000.0,0.0,-10000000000.0,0.0,-10000000000.0,1.0,0.0,0.0,-10000000000.0
bloodmnist:test:2477,250336c19bef02043e0f990446bd99b785506ce0a6524d27dbe45040dc3119bf,bloodmnist_demo,1729,test,1,4,1.1205703832090563,0.0,-10000000000.0,0.0,-10000000000.0,0.0,-10000000000.0,0.0,-10000000000.0,1.0,0.0,0.0,-10000000000.0
bloodmnist:test:2478,4ae21671a4526a9a723c1cb9438c9d2f8595be7881e72b4acbcbc7661760fcf8,bloodmnist_demo,1729,test,1,4,1.1205703832090563,0.0,-10000000000.0,0.0,-10000000000.0,0.0,-10000000000.0,0.0,-10000000000.0,1.0,0.0,0.0,-10000000000.0
bloodmnist:test:2479,7dde55d9875442695dd4527688e5358c125ce2d88fd535de17c8a53d9834ad71,bloodmnist_demo,1729,test,3,4,1.1205703832090563,0.0,-10000000000.0,0.0,-10000000000.0,0.0,-10000000000.0,0.0,-10000000000.0,1.0,0.0,0.0,-10000000000.0
bloodmnist:test:2480,229c9556e5a5fef6c1f83308986c6a5cf4c2e430c71cc21df6f216e7e3b46e1f,bloodmnist_demo,1729,test,1,4,1.1205703832090563,0.0,-10000000000.0,0.0,-10000000000.0,0.0,-10000000000.0,0.0,-10000000000.0,1.0,0.0,0.0,-10000000000.0
bloodmnist:test:2481,71f9a6feae9dc043870f8ab012178e6a8f020aaa5595b23516b4e805de0a2ea1,bloodmnist_demo,1729,test,4,4,1.1205703832090563,0.0,-10000000000.0,0.0,-10000000000.0,0.0,-10000000000.0,0.0,-10000000000.0,1.0,0.0,0.0,-10000000000.0
bloodmnist:test:2482,fdb64fbad4e7b7b4c394f9fa9895b887c16e02faaae9037477ff9b44bdd7a71b,bloodmnist_demo,1729,test,5,4,1.1205703832090563,0.0,-10000000000.0,0.0,-10000000000.0,0.0,-10000000000.0,0.0,-10000000000.0,1.0,0.0,0.0,-10000000000.0
bloodmnist:test:2483,97071621ed448060b5386d12b135d9100d5a93b673265240c11ed2408f65463f,bloodmnist_demo,1729,test,0,4,1.1205703832090563,0.0,-10000000000.0,0.0,-10000000000.0,0.0,-10000000000.0,0.0,-10000000000.0,1.0,0.0,0.0,-10000000000.0
bloodmnist:test:2485,cd63f5a3f750f59db9e975a29c768bd41280976bd944a3471f7d2520709ff3f2,bloodmnist_demo,1729,test,3,4,1.1205703832090563,0.0,-10000000000.0,0.0,-10000000000.0,0.0,-10000000000.0,0.0,-10000000000.0,1.0,0.0,0.0,-10000000000.0
bloodmnist:test:2486,d60813acfd164be202dac5c47d26cb498db637f0771dfc85b732bc55c2a628eb,bloodmnist_demo,1729,test,1,4,1.1205703832090563,0.0,-10000000000.0,0.0,-10000000000.0,0.0,-10000000000.0,0.0,-10000000000.0,1.0,0.0,0.0,-10000000000.0
bloodmnist:test:2487,e80a2afbe9bd37bca0025e9ed79e32110caa197360b8061ed07792bf65a162b2,bloodmnist_demo,1729,test,1,4,1.1205703832090563,0.0,-10000000000.0,0.0,-10000000000.0,0.0,-10000000000.0,0.0,-10000000000.0,1.0,0.0,0.0,-10000000000.0
bloodmnist:test:2488,354ebdc0ed25d39aba5912332417b8aa8773ff0097b5005f6c34befb850b3bf3,bloodmnist_demo,1729,test,0,4,1.1205703832090563,0.0,-10000000000.0,0.0,-10000000000.0,0.0,-10000000000.0,0.0,-10000000000.0,1.0,0.0,0.0,-10000000000.0
bloodmnist:test:2489,fc35e8d1d209e5718e7361c40b2a0d672ed4604cf129f1884c0fa955f972114b,bloodmnist_demo,1729,test,5,4,1.1205703832090563,0.0,-10000000000.0,0.0,-10000000000.0,0.0,-10000000000.0,0.0,-10000000000.0,1.0,0.0,0.0,-10000000000.0
bloodmnist:test:2490,215cb4f7b3fc535a476c07a471b631b1636b0116ceb757f5de42b98d7d3cf5c6,bloodmnist_demo,1729,test,5,4,1.1205703832090563,0.0,-10000000000.0,0.0,-10000000000.0,0.0,-10000000000.0,0.0,-10000000000.0,1.0,0.0,0.0,-10000000000.0
bloodmnist:test:2491,bd6c861c46e052097d866514871380f07a49ebaffdff4bd7c7ce21520735fb9f,bloodmnist_demo,1729,test,1,4,1.1205703832090563,0.0,-10000000000.0,0.0,-10000000000.0,0.0,-10000000000.0,0.0,-10000000000.0,1.0,0.0,0.0,-10000000000.0
bloodmnist:test:2492,59ee8f91f83dc38c1d6aeace027ceac475c5fe89d3c86e14e314937b63e5554c,bloodmnist_demo,1729,test,4,4,1.1205703832090563,0.0,-10000000000.0,0.0,-10000000000.0,0.0,-10000000000.0,0.0,-10000000000.0,1.0,0.0,0.0,-10000000000.0
bloodmnist:test:2493,a0eb2b1c40cf0e78d3f38d9ecccb6aba32121484b856738f33297e341c969351,bloodmnist_demo,1729,test,2,4,1.1205703832090563,0.0,-10000000000.0,0.0,-10000000000.0,0.0,-10000000000.0,0.0,-10000000000.0,1.0,0.0,0.0,-10000000000.0
bloodmnist:test:2494,786bcf9867a97167c4fc6e3c5fa2ede69189cae0564b3be5e974f3c6e555740a,bloodmnist_demo,1729,test,3,4,1.1205703832090563,0.0,-10000000000.0,0.0,-10000000000.0,0.0,-10000000000.0,0.0,-10000000000.0,1.0,0.0,0.0,-10000000000.0
bloodmnist:test:2495,9722f22e6889a284a75c3ea18fac986075add0b412ab6c1713f4559e1333dae8,bloodmnist_demo,1729,test,4,4,1.1205703832090563,0.0,-10000000000.0,0.0,-10000000000.0,0.0,-10000000000.0,0.0,-10000000000.0,1.0,0.0,0.0,-10000000000.0
bloodmnist:test:2496,7e890988c683c9442aaaa2cc5ff706ffd7d4e088cf177e4a5af35f84e4b3bbde,bloodmnist_demo,1729,test,1,4,1.1205703832090563,0.0,-10000000000.0,0.0,-10000000000.0,0.0,-10000000000.0,0.0,-10000000000.0,1.0,0.0,0.0,-10000000000.0
bloodmnist:test:2497,395992219806d7c734859e33c160917367a68faee58c21d7a8969e7b78e04682,bloodmnist_demo,1729,test,0,4,1.1205703832090563,0.0,-10000000000.0,0.0,-10000000000.0,0.0,-10000000000.0,0.0,-10000000000.0,1.0,0.0,0.0,-10000000000.0
bloodmnist:test:2498,4144474e4780b99a0fef3440e326a0660fdb5048a731a338fa3c174eaa56b3e9,bloodmnist_demo,1729,test,5,4,1.1205703832090563,0.0,-10000000000.0,0.0,-10000000000.0,0.0,-10000000000.0,0.0,-10000000000.0,1.0,0.0,0.0,-10000000000.0
bloodmnist:test:2500,4afd1c1260dbd3d68737bae19194dbd484b4934e319f6b68ac1fc9dcebf00d44,bloodmnist_demo,1729,test,1,4,1.1205703832090563,0.0,-10000000000.0,0.0,-10000000000.0,0.0,-10000000000.0,0.0,-10000000000.0,1.0,0.0,0.0,-10000000000.0
bloodmnist:test:2501,8f0e1b01429992ab44595764c2513c18d426af617c47f458e8caec766daa04cf,bloodmnist_demo,1729,test,0,4,1.1205703832090563,0.0,-10000000000.0,0.0,-10000000000.0,0.0,-10000000000.0,0.0,-10000000000.0,1.0,0.0,0.0,-10000000000.0
bloodmnist:test:2504,023af569b1248a03ae6605fdd8d0e02700d9cf405d16d15f0f888067f9e85674,bloodmnist_demo,1729,test,1,4,1.1205703832090563,0.0,-10000000000.0,0.0,-10000000000.0,0.0,-10000000000.0,0.0,-10000000000.0,1.0,0.0,0.0,-10000000000.0
bloodmnist:test:2506,46b20e073a48edd9c0d871de6f9c77b3a36f7f7160fb29320ce538760f4c5e0f,bloodmnist_demo,1729,test,5,4,1.1205703832090563,0.0,-10000000000.0,0.0,-10000000000.0,0.0,-10000000000.0,0.0,-10000000000.0,1.0,0.0,0.0,-10000000000.0
bloodmnist:test:2507,b5cdd22e83cdc3ff9d5f2b71df9739d0199ff0988c2093a297bed8aa0f958b48,bloodmnist_demo,1729,test,5,4,1.1205703832090563,0.0,-10000000000.0,0.0,-10000000000.0,0.0,-10000000000.0,0.0,-10000000000.0,1.0,0.0,0.0,-10000000000.0
bloodmnist:test:2509,b63cb8c65e6863bec01f8deaa2220fb551be455d5a261559c28c641a69278441,bloodmnist_demo,1729,test,4,4,1.1205703832090563,0.0,-10000000000.0,0.0,-10000000000.0,0.0,-10000000000.0,0.0,-10000000000.0,1.0,0.0,0.0,-10000000000.0
bloodmnist:test:2510,3a9d6845212fd1b37afbb24920bd5e5bb6cdd43da89ae56c1e05b1463bf484d8,bloodmnist_demo,1729,test,4,4,1.1205703832090563,0.0,-10000000000.0,0.0,-10000000000.0,0.0,-10000000000.0,0.0,-10000000000.0,1.0,0.0,0.0,-10000000000.0
bloodmnist:test:2511,c7546b041a276071b0f37a55ddc6cddad7a039e48010e2dd887b261c3be25e4d,bloodmnist_demo,1729,test,3,4,1.1205703832090563,0.0,-10000000000.0,0.0,-10000000000.0,0.0,-10000000000.0,0.0,-10000000000.0,1.0,0.0,0.0,-10000000000.0
bloodmnist:test:2513,01edffaa1e5b11ee942f9f6969956473d9e6efd6ef9d37e31e88b6ea2135995a,bloodmnist_demo,1729,test,1,4,1.1205703832090563,0.0,-10000000000.0,0.0,-10000000000.0,0.0,-10000000000.0,0.0,-10000000000.0,1.0,0.0,0.0,-10000000000.0
bloodmnist:test:2514,db0fa2a8a1b5387cbddae3d1a62e013a466cbdb91c96416b6aa2cf5384ca2163,bloodmnist_demo,1729,test,1,4,1.1205703832090563,0.0,-10000000000.0,0.0,-10000000000.0,0.0,-10000000000.0,0.0,-10000000000.0,1.0,0.0,0.0,-10000000000.0
bloodmnist:test:2515,48e144fa066ed14e140150c3b1108ae6e54fa095df4bc5c2c4c89205058a35e8,bloodmnist_demo,1729,test,5,4,1.1205703832090563,0.0,-10000000000.0,0.0,-10000000000.0,0.0,-10000000000.0,0.0,-10000000000.0,1.0,0.0,0.0,-10000000000.0
bloodmnist:test:2516,9f87029aa0088fab1ad9ff3219db2bc3eed088a676ab8b5a7b146e6bf5614b7f,bloodmnist_demo,1729,test,1,4,1.1205703832090563,0.0,-10000000000.0,0.0,-10000000000.0,0.0,-10000000000.0,0.0,-10000000000.0,1.0,0.0,0.0,-10000000000.0
bloodmnist:test:2517,88b21b41c4a9c097e4645ad0485c834514341e8e5df1bcfecfe2a65020fa3c34,bloodmnist_demo,1729,test,4,4,1.1205703832090563,0.0,-10000000000.0,0.0,-10000000000.0,0.0,-10000000000.0,0.0,-10000000000.0,1.0,0.0,0.0,-10000000000.0
bloodmnist:test:2518,3b0555055b6124245e6a175c6aa59692149a886256cece18ede9239f751d52a4,bloodmnist_demo,1729,test,0,4,1.1205703832090563,0.0,-10000000000.0,0.0,-10000000000.0,0.0,-10000000000.0,0.0,-10000000000.0,1.0,0.0,0.0,-10000000000.0
bloodmnist:test:2519,d40e262c2b06729cf226aa69be5b7bc5e87acabc157948b9f5ad9729865d16d1,bloodmnist_demo,1729,test,0,4,1.1205703832090563,0.0,-10000000000.0,0.0,-10000000000.0,0.0,-10000000000.0,0.0,-10000000000.0,1.0,0.0,0.0,-10000000000.0
bloodmnist:test:2521,fa3ceee2cd7f87c612c6850b2d25c13bff30c3e6629a52506b2800e3ca71912a,bloodmnist_demo,1729,test,4,4,1.1205703832090563,0.0,-10000000000.0,0.0,-10000000000.0,0.0,-10000000000.0,0.0,-10000000000.0,1.0,0.0,0.0,-10000000000.0
bloodmnist:test:2522,d457d09de6b77af3b837721170ec9929d390f0d3db8c90248eda9c5831eb0c55,bloodmnist_demo,1729,test,3,4,1.1205703832090563,0.0,-10000000000.0,0.0,-10000000000.0,0.0,-10000000000.0,0.0,-10000000000.0,1.0,0.0,0.0,-10000000000.0
bloodmnist:test:2525,9c65d4efe4d1448bb617b85ee7fd0ee732b9629cdc9c87b000ec213c4c487817,bloodmnist_demo,1729,test,2,4,1.1205703832090563,0.0,-10000000000.0,0.0,-10000000000.0,0.0,-10000000000.0,0.0,-10000000000.0,1.0,0.0,0.0,-10000000000.0
bloodmnist:test:2526,5a723991ea0ec7e7bde8496c25884d822e8e0f620cd5b357c864ea61a2f81099,bloodmnist_demo,1729,test,4,4,1.1205703832090563,0.0,-10000000000.0,0.0,-10000000000.0,0.0,-10000000000.0,0.0,-10000000000.0,1.0,0.0,0.0,-10000000000.0
bloodmnist:test:2528,2256873ed215be07c5a57398937059d011e5707d31fc361e5c72bffdd3eced54,bloodmnist_demo,1729,test,4,4,1.1205703832090563,0.0,-10000000000.0,0.0,-10000000000.0,0.0,-10000000000.0,0.0,-10000000000.0,1.0,0.0,0.0,-10000000000.0
bloodmnist:test:2529,0feea704d683d812ecd6353e8685bc37f06819cb93224409fde5200263960b53,bloodmnist_demo,1729,test,4,4,1.1205703832090563,0.0,-10000000000.0,0.0,-10000000000.0,0.0,-10000000000.0,0.0,-10000000000.0,1.0,0.0,0.0,-10000000000.0
bloodmnist:test:2531,291dcd031bd934cd515a89ef22cab8715b5639b26dfc0c421145104ff22b4496,bloodmnist_demo,1729,test,5,4,1.1205703832090563,0.0,-10000000000.0,0.0,-10000000000.0,0.0,-10000000000.0,0.0,-10000000000.0,1.0,0.0,0.0,-10000000000.0
bloodmnist:test:2532,69517b1ad2c04832ade1b132b586669e309f01d1977f993c7588b318aa8e3a9f,bloodmnist_demo,1729,test,1,4,1.1205703832090563,0.0,-10000000000.0,0.0,-10000000000.0,0.0,-10000000000.0,0.0,-10000000000.0,1.0,0.0,0.0,-10000000000.0
bloodmnist:test:2533,a229573137381db7604429390f1ab28e23d2519a35e02faf688a76caccc1f263,bloodmnist_demo,1729,test,4,4,1.1205703832090563,0.0,-10000000000.0,0.0,-10000000000.0,0.0,-10000000000.0,0.0,-10000000000.0,1.0,0.0,0.0,-10000000000.0
bloodmnist:test:2534,31334e163b95b8a555a2545d6641e819adb38e5cd36eebbf72352cf04d567fe5,bloodmnist_demo,1729,test,3,4,1.1205703832090563,0.0,-10000000000.0,0.0,-10000000000.0,0.0,-10000000000.0,0.0,-10000000000.0,1.0,0.0,0.0,-10000000000.0
bloodmnist:test:2535,8cb4aded7fe53d5de294c52ead18db91d59b8e3336e7ef0eecc78047b1e2440f,bloodmnist_demo,1729,test,1,4,1.1205703832090563,0.0,-10000000000.0,0.0,-10000000000.0,0.0,-10000000000.0,0.0,-10000000000.0,1.0,0.0,0.0,-10000000000.0
bloodmnist:test:2536,137e2f42b082080d0515266aec68809ced8008beca9cd1e939982bed3e3bbed1,bloodmnist_demo,1729,test,5,4,1.1205703832090563,0.0,-10000000000.0,0.0,-10000000000.0,0.0,-10000000000.0,0.0,-10000000000.0,1.0,0.0,0.0,-10000000000.0
bloodmnist:test:2537,3c51afa29e2a8d459b851b6941cae416f860a803b172fa1fdf3df45230a58f23,bloodmnist_demo,1729,test,5,4,1.1205703832090563,0.0,-10000000000.0,0.0,-10000000000.0,0.0,-10000000000.0,0.0,-10000000000.0,1.0,0.0,0.0,-10000000000.0
bloodmnist:test:2538,84344f7d8bc79bd5f5fd568cbf55e200b1e662621596a8d0d70f265c4fa548d0,bloodmnist_demo,1729,test,5,4,1.1205703832090563,0.0,-10000000000.0,0.0,-10000000000.0,0.0,-10000000000.0,0.0,-10000000000.0,1.0,0.0,0.0,-10000000000.0
bloodmnist:test:2539,c4d642a0dcff171bacedd6b2ec5c7194449d481948c6c7e357cd1bf21d0a944b,bloodmnist_demo,1729,test,4,4,1.1205703832090563,0.0,-10000000000.0,0.0,-10000000000.0,0.0,-10000000000.0,0.0,-10000000000.0,1.0,0.0,0.0,-10000000000.0
bloodmnist:test:2540,0bdfbfec4780d02b1f66cea18ad61509026ada70e6482a91c7a0fd7367f2815a,bloodmnist_demo,1729,test,4,4,1.1205703832090563,0.0,-10000000000.0,0.0,-10000000000.0,0.0,-10000000000.0,0.0,-10000000000.0,1.0,0.0,0.0,-10000000000.0
bloodmnist:test:2542,6a74a36f50768dba2f4991816cb14abb6cffdff1fe3c20b119cfbc1b63443dae,bloodmnist_demo,1729,test,4,4,1.1205703832090563,0.0,-10000000000.0,0.0,-10000000000.0,0.0,-10000000000.0,0.0,-10000000000.0,1.0,0.0,0.0,-10000000000.0
bloodmnist:test:2543,882ba2fd889224d0c0cb8b4e80519803e0c4ecefcb028607358f3d651e0e4d12,bloodmnist_demo,1729,test,1,4,1.1205703832090563,0.0,-10000000000.0,0.0,-10000000000.0,0.0,-10000000000.0,0.0,-10000000000.0,1.0,0.0,0.0,-10000000000.0
bloodmnist:test:2544,49b3ea204cf6c714b9f832e870c6cdf285a11776360836c380c8c70e2b265a3a,bloodmnist_demo,1729,test,5,4,1.1205703832090563,0.0,-10000000000.0,0.0,-10000000000.0,0.0,-10000000000.0,0.0,-10000000000.0,1.0,0.0,0.0,-10000000000.0
bloodmnist:test:2545,a73cc84d379850bbcb18e161d5b028da05664369f8a1842069e6e0530ff99eca,bloodmnist_demo,1729,test,1,4,1.1205703832090563,0.0,-10000000000.0,0.0,-10000000000.0,0.0,-10000000000.0,0.0,-10000000000.0,1.0,0.0,0.0,-10000000000.0
bloodmnist:test:2547,d0f265d2260452631ea8609da2ff4172b8fc508335e8d37c8231753f4ca5268f,bloodmnist_demo,1729,test,3,4,1.1205703832090563,0.0,-10000000000.0,0.0,-10000000000.0,0.0,-10000000000.0,0.0,-10000000000.0,1.0,0.0,0.0,-10000000000.0
bloodmnist:test:2548,331ff2d509261cf655717dee42c705a0c716373e208b2821791ea45909ac9dec,bloodmnist_demo,1729,test,2,4,1.1205703832090563,0.0,-10000000000.0,0.0,-10000000000.0,0.0,-10000000000.0,0.0,-10000000000.0,1.0,0.0,0.0,-10000000000.0
bloodmnist:test:2549,74741a1c773ceeb1821c619253238098caf36818bd25d2d8413435be29b60cbb,bloodmnist_demo,1729,test,3,4,1.1205703832090563,0.0,-10000000000.0,0.0,-10000000000.0,0.0,-10000000000.0,0.0,-10000000000.0,1.0,0.0,0.0,-10000000000.0
bloodmnist:test:2550,9b51705cedad7aca68af6e658c8ec8509c853dda73eda2477e254946a52a08ae,bloodmnist_demo,1729,test,5,4,1.1205703832090563,0.0,-10000000000.0,0.0,-10000000000.0,0.0,-10000000000.0,0.0,-10000000000.0,1.0,0.0,0.0,-10000000000.0
bloodmnist:test:2551,1a834e422b6ef79e64cdef4002719d897fe8f9b7276e04f503a7db1293aaa9f0,bloodmnist_demo,1729,test,1,4,1.1205703832090563,0.0,-10000000000.0,0.0,-10000000000.0,0.0,-10000000000.0,0.0,-10000000000.0,1.0,0.0,0.0,-10000000000.0
bloodmnist:test:2553,af287b8f2dedf5ffae4936b30b0ecc19b9e7cb80c4b9b4933b5ea627ec750e75,bloodmnist_demo,1729,test,5,4,1.1205703832090563,0.0,-10000000000.0,0.0,-10000000000.0,0.0,-10000000000.0,0.0,-10000000000.0,1.0,0.0,0.0,-10000000000.0
bloodmnist:test:2554,51a85efd197cf3afdf380b333ff5aae32f3163de39e9a3862ac91937aa029d5b,bloodmnist_demo,1729,test,1,4,1.1205703832090563,0.0,-10000000000.0,0.0,-10000000000.0,0.0,-10000000000.0,0.0,-10000000000.0,1.0,0.0,0.0,-10000000000.0
bloodmnist:test:2555,0e376055605a66c06bbf2600640d0384c865e22d7340e9e3e1b9e55a3d062a6b,bloodmnist_demo,1729,test,1,4,1.1205703832090563,0.0,-10000000000.0,0.0,-10000000000.0,0.0,-10000000000.0,0.0,-10000000000.0,1.0,0.0,0.0,-10000000000.0
bloodmnist:test:2558,c3e173b098ac8f3c540b01a9f38854d30f09cf8dc29ef7db5d7b54d88f8781e2,bloodmnist_demo,1729,test,4,4,1.1205703832090563,0.0,-10000000000.0,0.0,-10000000000.0,0.0,-10000000000.0,0.0,-10000000000.0,1.0,0.0,0.0,-10000000000.0
bloodmnist:test:2560,d73d3b373c73da3cb6e2255a1a00f1e597b426d821c2a0aa4cdc4f450e0cbd09,bloodmnist_demo,1729,test,5,4,1.1205703832090563,0.0,-10000000000.0,0.0,-10000000000.0,0.0,-10000000000.0,0.0,-10000000000.0,1.0,0.0,0.0,-10000000000.0
bloodmnist:test:2561,fff6b8647127e6b5ea3ce69c09c99bed749a6bfc0766c1c96d8997323786823f,bloodmnist_demo,1729,test,4,4,1.1205703832090563,0.0,-10000000000.0,0.0,-10000000000.0,0.0,-10000000000.0,0.0,-10000000000.0,1.0,0.0,0.0,-10000000000.0
bloodmnist:test:2562,0f8e40d46bfda3f197da4f69c873d1cc27cefe83fb8a42283578a4c2f54a05b5,bloodmnist_demo,1729,test,5,4,1.1205703832090563,0.0,-10000000000.0,0.0,-10000000000.0,0.0,-10000000000.0,0.0,-10000000000.0,1.0,0.0,0.0,-10000000000.0
bloodmnist:test:2563,157a801f8fec46e5670a4d62864388cff2a4549af4d9088674a73c835a69773d,bloodmnist_demo,1729,test,4,4,1.1205703832090563,0.0,-10000000000.0,0.0,-10000000000.0,0.0,-10000000000.0,0.0,-10000000000.0,1.0,0.0,0.0,-10000000000.0
bloodmnist:test:2564,81e38ede206b4fe4460c3eff0729de111c4c0654d0e67259bf1a52b69d3d40a2,bloodmnist_demo,1729,test,1,4,1.1205703832090563,0.0,-10000000000.0,0.0,-10000000000.0,0.0,-10000000000.0,0.0,-10000000000.0,1.0,0.0,0.0,-10000000000.0
bloodmnist:test:2565,b6eef89affcd5697b597935cd633bf399dcb04da0f0691d9a29b5b13a7b63aba,bloodmnist_demo,1729,test,4,4,1.1205703832090563,0.0,-10000000000.0,0.0,-10000000000.0,0.0,-10000000000.0,0.0,-10000000000.0,1.0,0.0,0.0,-10000000000.0
bloodmnist:test:2566,bce453018b8bd8d603696493e49b63ec0e12e253422c54f44a1215baef5ce98e,bloodmnist_demo,1729,test,1,4,1.1205703832090563,0.0,-10000000000.0,0.0,-10000000000.0,0.0,-10000000000.0,0.0,-10000000000.0,1.0,0.0,0.0,-10000000000.0
bloodmnist:test:2567,1324a5981187d89b5d7ec45bbcc8b251fc8c7ab4be7e8afa2b5022ada31061f0,bloodmnist_demo,1729,test,5,4,1.1205703832090563,0.0,-10000000000.0,0.0,-10000000000.0,0.0,-10000000000.0,0.0,-10000000000.0,1.0,0.0,0.0,-10000000000.0
bloodmnist:test:2568,4f801a2f0f135de7a14652efad458b85db9dbc2fa9dce814075097ccdbfbd1d7,bloodmnist_demo,1729,test,5,4,1.1205703832090563,0.0,-10000000000.0,0.0,-10000000000.0,0.0,-10000000000.0,0.0,-10000000000.0,1.0,0.0,0.0,-10000000000.0
bloodmnist:test:2569,9f1a2b4ef22ee211a68f0339dd0f6e410defdb4e1b31dc5c451cf13ada6d6392,bloodmnist_demo,1729,test,5,4,1.1205703832090563,0.0,-10000000000.0,0.0,-10000000000.0,0.0,-10000000000.0,0.0,-10000000000.0,1.0,0.0,0.0,-10000000000.0
bloodmnist:test:2571,5c382909946f4821d7d178bfac81e227ff6b0173f4cb5f208654e06e21f409d3,bloodmnist_demo,1729,test,5,4,1.1205703832090563,0.0,-10000000000.0,0.0,-10000000000.0,0.0,-10000000000.0,0.0,-10000000000.0,1.0,0.0,0.0,-10000000000.0
bloodmnist:test:2572,a2995de29a9ad86797d65e7e7989ee8278586b634e9c04acf0e945ec00165391,bloodmnist_demo,1729,test,5,4,1.1205703832090563,0.0,-10000000000.0,0.0,-10000000000.0,0.0,-10000000000.0,0.0,-10000000000.0,1.0,0.0,0.0,-10000000000.0
bloodmnist:test:2573,f94a560cbfafd76d07201c3de49bce7837cb1b1e97ec181710974e66780c6b1b,bloodmnist_demo,1729,test,4,4,1.1205703832090563,0.0,-10000000000.0,0.0,-10000000000.0,0.0,-10000000000.0,0.0,-10000000000.0,1.0,0.0,0.0,-10000000000.0
bloodmnist:test:2575,8a7ec2c0bbf7765b7e4a873b1a88a62b03861f38a92c92c9675bb3cd2b7358eb,bloodmnist_demo,1729,test,2,4,1.1205703832090563,0.0,-10000000000.0,0.0,-10000000000.0,0.0,-10000000000.0,0.0,-10000000000.0,1.0,0.0,0.0,-10000000000.0
bloodmnist:test:2576,cb2d87f6197b3f3be01835d9e6f37c204153cb50b2e4225cbe472784d9adf729,bloodmnist_demo,1729,test,4,4,1.1205703832090563,0.0,-10000000000.0,0.0,-10000000000.0,0.0,-10000000000.0,0.0,-10000000000.0,1.0,0.0,0.0,-10000000000.0
bloodmnist:test:2578,d79c9f9db37ab754b4fe0c7bf7d52b04ac03bdbb763092ba63eb618df3e18f5e,bloodmnist_demo,1729,test,3,4,1.1205703832090563,0.0,-10000000000.0,0.0,-10000000000.0,0.0,-10000000000.0,0.0,-10000000000.0,1.0,0.0,0.0,-10000000000.0
bloodmnist:test:2580,41a71c178c1f709d99c3cd697aa98749140c0d6dee848e7aab3d1e842c0462ba,bloodmnist_demo,1729,test,0,4,1.1205703832090563,0.0,-10000000000.0,0.0,-10000000000.0,0.0,-10000000000.0,0.0,-10000000000.0,1.0,0.0,0.0,-10000000000.0
bloodmnist:test:2581,60238607cb07bb2d8433caf685e5c223caaea274f1ec8df272232568b3cb1db5,bloodmnist_demo,1729,test,5,4,1.1205703832090563,0.0,-10000000000.0,0.0,-10000000000.0,0.0,-10000000000.0,0.0,-10000000000.0,1.0,0.0,0.0,-10000000000.0
bloodmnist:test:2582,6c5a74509cb981e4bc19970da7f72ffae38f3adb904ea482330eb84502d05623,bloodmnist_demo,1729,test,1,4,1.1205703832090563,0.0,-10000000000.0,0.0,-10000000000.0,0.0,-10000000000.0,0.0,-10000000000.0,1.0,0.0,0.0,-10000000000.0
bloodmnist:test:2583,cb38ea292ffbb163f486ae17a899a61795e041346ee982d9d6d654f7d0e862c0,bloodmnist_demo,1729,test,1,4,1.1205703832090563,0.0,-10000000000.0,0.0,-10000000000.0,0.0,-10000000000.0,0.0,-10000000000.0,1.0,0.0,0.0,-10000000000.0
bloodmnist:test:2585,50226cb5c230fd88f8525253b86a944f9e2fb810f65fbde5817900e65c1a4ed2,bloodmnist_demo,1729,test,3,4,1.1205703832090563,0.0,-10000000000.0,0.0,-10000000000.0,0.0,-10000000000.0,0.0,-10000000000.0,1.0,0.0,0.0,-10000000000.0
bloodmnist:test:2587,214705ac99d6769608382a7aba2e2b5bb7fd301b3c9f33ed48ef31436b767cd0,bloodmnist_demo,1729,test,0,4,1.1205703832090563,0.0,-10000000000.0,0.0,-10000000000.0,0.0,-10000000000.0,0.0,-10000000000.0,1.0,0.0,0.0,-10000000000.0
bloodmnist:test:2589,8a69d9a638e31ffaf2477d8bba6255d7f6b5cf13b949982d487ab39fba2355b6,bloodmnist_demo,1729,test,1,4,1.1205703832090563,0.0,-10000000000.0,0.0,-10000000000.0,0.0,-10000000000.0,0.0,-10000000000.0,1.0,0.0,0.0,-10000000000.0
bloodmnist:test:2591,15f16f55ec905f96963c343efa3fdd2440f1964a0df027df33b3e8157c25671e,bloodmnist_demo,1729,test,1,4,1.1205703832090563,0.0,-10000000000.0,0.0,-10000000000.0,0.0,-10000000000.0,0.0,-10000000000.0,1.0,0.0,0.0,-10000000000.0
bloodmnist:test:2593,0e6775b1db2aea70f7c97537ecb7c3575f49849317931309dad0b0c71e68649d,bloodmnist_demo,1729,test,5,4,1.1205703832090563,0.0,-10000000000.0,0.0,-10000000000.0,0.0,-10000000000.0,0.0,-10000000000.0,1.0,0.0,0.0,-10000000000.0
bloodmnist:test:2595,f0d57d2fadcfce066928a0c9ecd62e8323dfeb1db81ac2df75c92ebc4d591725,bloodmnist_demo,1729,test,3,4,1.1205703832090563,0.0,-10000000000.0,0.0,-10000000000.0,0.0,-10000000000.0,0.0,-10000000000.0,1.0,0.0,0.0,-10000000000.0
bloodmnist:test:2596,ab96465d640955c17d8ee69a9c1d5aea4f6fb36fc5f7ae152cbf3fdef555fbeb,bloodmnist_demo,1729,test,1,4,1.1205703832090563,0.0,-10000000000.0,0.0,-10000000000.0,0.0,-10000000000.0,0.0,-10000000000.0,1.0,0.0,0.0,-10000000000.0
bloodmnist:test:2597,c4464c74c8d3fa37fee7b0d4b5539533bdeb383acd9dba6c787169cc337e4579,bloodmnist_demo,1729,test,2,4,1.1205703832090563,0.0,-10000000000.0,0.0,-10000000000.0,0.0,-10000000000.0,0.0,-10000000000.0,1.0,0.0,0.0,-10000000000.0
bloodmnist:test:2598,d14e89e0ac1d81bef7cc4a35bd2d72e3077ae0717f07c38da50f3d3b020df285,bloodmnist_demo,1729,test,4,4,1.1205703832090563,0.0,-10000000000.0,0.0,-10000000000.0,0.0,-10000000000.0,0.0,-10000000000.0,1.0,0.0,0.0,-10000000000.0
bloodmnist:test:2601,c85909fdec09a75ff78c65a6e3bf436343ee62e238728334ed689e817ab2f4ce,bloodmnist_demo,1729,test,1,4,1.1205703832090563,0.0,-10000000000.0,0.0,-10000000000.0,0.0,-10000000000.0,0.0,-10000000000.0,1.0,0.0,0.0,-10000000000.0
bloodmnist:test:2602,91ce1cbf5fae3515ba735a08dc05e1a70ca12108de410d71482a824e1ccf88b6,bloodmnist_demo,1729,test,5,4,1.1205703832090563,0.0,-10000000000.0,0.0,-10000000000.0,0.0,-10000000000.0,0.0,-10000000000.0,1.0,0.0,0.0,-10000000000.0
bloodmnist:test:2603,d24d217c62e65f6909b352a706c6db5e6b55b09f84cef852055d7fe0e966deeb,bloodmnist_demo,1729,test,0,4,1.1205703832090563,0.0,-10000000000.0,0.0,-10000000000.0,0.0,-10000000000.0,0.0,-10000000000.0,1.0,0.0,0.0,-10000000000.0
bloodmnist:test:2604,3092ead4e2359d01d95fcefe17c71ba4176db201622923ad9a2075043b404d5f,bloodmnist_demo,1729,test,5,4,1.1205703832090563,0.0,-10000000000.0,0.0,-10000000000.0,0.0,-10000000000.0,0.0,-10000000000.0,1.0,0.0,0.0,-10000000000.0
bloodmnist:test:2605,8d1866caac5ddb99c4997bfe1cf9a0413d19780d8a8a54c7d47dbb962f8e19c7,bloodmnist_demo,1729,test,2,4,1.1205703832090563,0.0,-10000000000.0,0.0,-10000000000.0,0.0,-10000000000.0,0.0,-10000000000.0,1.0,0.0,0.0,-10000000000.0
bloodmnist:test:2607,4ca36258229c706761f0b5657846f73e3d3471fbdf6034d627cbd044eee33b23,bloodmnist_demo,1729,test,4,4,1.1205703832090563,0.0,-10000000000.0,0.0,-10000000000.0,0.0,-10000000000.0,0.0,-10000000000.0,1.0,0.0,0.0,-10000000000.0
bloodmnist:test:2608,ead6bdbdd57f8a4f5c6ab0b19cb1bb881ff4e20b66a2f9a0245167936d4b22a2,bloodmnist_demo,1729,test,2,4,1.1205703832090563,0.0,-10000000000.0,0.0,-10000000000.0,0.0,-10000000000.0,0.0,-10000000000.0,1.0,0.0,0.0,-10000000000.0
bloodmnist:test:2609,9fbe77ac7adea5d58530718f0304c298fb935abfa3f04d832f53355f2d0682cd,bloodmnist_demo,1729,test,4,4,1.1205703832090563,0.0,-10000000000.0,0.0,-10000000000.0,0.0,-10000000000.0,0.0,-10000000000.0,1.0,0.0,0.0,-10000000000.0
bloodmnist:test:2610,4e7fd3b3b5f719fec2a04f83574a2ffbfebb3e8f0453270f040d06d52e66ea3a,bloodmnist_demo,1729,test,0,4,1.1205703832090563,0.0,-10000000000.0,0.0,-10000000000.0,0.0,-10000000000.0,0.0,-10000000000.0,1.0,0.0,0.0,-10000000000.0
bloodmnist:test:2611,82480928881c7d1d532451d73b442edcca3ed378dd1fd1fc33f0ded1512411c9,bloodmnist_demo,1729,test,1,4,1.1205703832090563,0.0,-10000000000.0,0.0,-10000000000.0,0.0,-10000000000.0,0.0,-10000000000.0,1.0,0.0,0.0,-10000000000.0
bloodmnist:test:2613,a990000285f6f9a0b8988ebb64eb988661e6dec97dc37d1cd73339bd7f137c56,bloodmnist_demo,1729,test,4,4,1.1205703832090563,0.0,-10000000000.0,0.0,-10000000000.0,0.0,-10000000000.0,0.0,-10000000000.0,1.0,0.0,0.0,-10000000000.0
bloodmnist:test:2614,dcf94e28bfeb2da3aa9441596d336fc8e1296881f7846666253ab1f0232a72b4,bloodmnist_demo,1729,test,5,4,1.1205703832090563,0.0,-10000000000.0,0.0,-10000000000.0,0.0,-10000000000.0,0.0,-10000000000.0,1.0,0.0,0.0,-10000000000.0
bloodmnist:test:2615,443a0f1f5d5fa75029dbaf2050ad958a7c0679c0a24a5404f052b0eae9649660,bloodmnist_demo,1729,test,1,4,1.1205703832090563,0.0,-10000000000.0,0.0,-10000000000.0,0.0,-10000000000.0,0.0,-10000000000.0,1.0,0.0,0.0,-10000000000.0
bloodmnist:test:2616,465543f4e92e8c255ad32b64df4127274d0fe3ff046e0d80cab1af2bf1cc5280,bloodmnist_demo,1729,test,2,4,1.1205703832090563,0.0,-10000000000.0,0.0,-10000000000.0,0.0,-10000000000.0,0.0,-10000000000.0,1.0,0.0,0.0,-10000000000.0
bloodmnist:test:2617,f8f8ee8ad8d9f98c16244b115f1c9ec209b6824663d9424ae5038568b01aaf64,bloodmnist_demo,1729,test,5,4,1.1205703832090563,0.0,-10000000000.0,0.0,-10000000000.0,0.0,-10000000000.0,0.0,-10000000000.0,1.0,0.0,0.0,-10000000000.0
bloodmnist:test:2618,ad0d5f878236cfc4c8cbe5e8ada9ddbe4a1e39d0882fd1c0324762824cfe80f0,bloodmnist_demo,1729,test,1,4,1.1205703832090563,0.0,-10000000000.0,0.0,-10000000000.0,0.0,-10000000000.0,0.0,-10000000000.0,1.0,0.0,0.0,-10000000000.0
bloodmnist:test:2620,8ace918180ea20918513d849121a9fee04e7ea4259e03c7ad29caa2483aab6df,bloodmnist_demo,1729,test,4,4,1.1205703832090563,0.0,-10000000000.0,0.0,-10000000000.0,0.0,-10000000000.0,0.0,-10000000000.0,1.0,0.0,0.0,-10000000000.0
bloodmnist:test:2621,7ca20b346124445c20b31f2dfa07d2a0917295e4941369352f2afcf5ff9e95b3,bloodmnist_demo,1729,test,5,4,1.1205703832090563,0.0,-10000000000.0,0.0,-10000000000.0,0.0,-10000000000.0,0.0,-10000000000.0,1.0,0.0,0.0,-10000000000.0
bloodmnist:test:2623,75788e8bc09160979d0089a20ff299dc50154190c69b6823d5059db8077c708d,bloodmnist_demo,1729,test,2,4,1.1205703832090563,0.0,-10000000000.0,0.0,-10000000000.0,0.0,-10000000000.0,0.0,-10000000000.0,1.0,0.0,0.0,-10000000000.0
bloodmnist:test:2624,bb1619038b93fa7f4a1e180e01ed2daba494a3257001353337e879ba9b6ef655,bloodmnist_demo,1729,test,4,4,1.1205703832090563,0.0,-10000000000.0,0.0,-10000000000.0,0.0,-10000000000.0,0.0,-10000000000.0,1.0,0.0,0.0,-10000000000.0
bloodmnist:test:2625,ab997b45d1856791fe698317d2bb1ee3a50c892916c21fbc52858441396a6ee4,bloodmnist_demo,1729,test,4,4,1.1205703832090563,0.0,-10000000000.0,0.0,-10000000000.0,0.0,-10000000000.0,0.0,-10000000000.0,1.0,0.0,0.0,-10000000000.0
bloodmnist:test:2626,e985db2479fcbe7a4cf9f4722dccc4471df3e1290db999bd74eb40a775c741e5,bloodmnist_demo,1729,test,1,4,1.1205703832090563,0.0,-10000000000.0,0.0,-10000000000.0,0.0,-10000000000.0,0.0,-10000000000.0,1.0,0.0,0.0,-10000000000.0
bloodmnist:test:2629,725a4c53e42ce81d08606509ba4873b7539b3026594fe5c87991b4adc991ee18,bloodmnist_demo,1729,test,5,4,1.1205703832090563,0.0,-10000000000.0,0.0,-10000000000.0,0.0,-10000000000.0,0.0,-10000000000.0,1.0,0.0,0.0,-10000000000.0
bloodmnist:test:2630,d9c76854e9e9aee97faab7f6530c7bad754864388dc415253b350ba6eb9951f5,bloodmnist_demo,1729,test,5,4,1.1205703832090563,0.0,-10000000000.0,0.0,-10000000000.0,0.0,-10000000000.0,0.0,-10000000000.0,1.0,0.0,0.0,-10000000000.0
bloodmnist:test:2631,35a0abf90efcbe933239e26a76904d959b2f0c3555ff19827f952eaa2bc7a81b,bloodmnist_demo,1729,test,1,4,1.1205703832090563,0.0,-10000000000.0,0.0,-10000000000.0,0.0,-10000000000.0,0.0,-10000000000.0,1.0,0.0,0.0,-10000000000.0
bloodmnist:test:2632,a71fd125d94429f5414c8a944e6023148810fa30b52ef46650bdebb49dc7371f,bloodmnist_demo,1729,test,5,4,1.1205703832090563,0.0,-10000000000.0,0.0,-10000000000.0,0.0,-10000000000.0,0.0,-10000000000.0,1.0,0.0,0.0,-10000000000.0
bloodmnist:test:2633,8fddaedc493c84de9825de5bf48e6aa5d71578171b86d17b04528725f5a51d3d,bloodmnist_demo,1729,test,1,4,1.1205703832090563,0.0,-10000000000.0,0.0,-10000000000.0,0.0,-10000000000.0,0.0,-10000000000.0,1.0,0.0,0.0,-10000000000.0
bloodmnist:test:2634,16b7c025489288ecb2c65733f9d0410c5e2143719e8d1faed126f43c0210e173,bloodmnist_demo,1729,test,4,4,1.1205703832090563,0.0,-10000000000.0,0.0,-10000000000.0,0.0,-10000000000.0,0.0,-10000000000.0,1.0,0.0,0.0,-10000000000.0
bloodmnist:test:2635,c4d3a0ae61ff0be84590effb00a45a4ce35e21459927295b39d44bdaa4ee6996,bloodmnist_demo,1729,test,5,4,1.1205703832090563,0.0,-10000000000.0,0.0,-10000000000.0,0.0,-10000000000.0,0.0,-10000000000.0,1.0,0.0,0.0,-10000000000.0
bloodmnist:test:2636,908f651d3f4446a0637fdc9be8a3d164d33c2c22a7f0c17e6820c80e8afb5429,bloodmnist_demo,1729,test,5,4,1.1205703832090563,0.0,-10000000000.0,0.0,-10000000000.0,0.0,-10000000000.0,0.0,-10000000000.0,1.0,0.0,0.0,-10000000000.0
bloodmnist:test:2638,70c6a7defb3ef79cbd517047df275c6f4a7b5c4e05def291c488fdb5564fc33e,bloodmnist_demo,1729,test,5,4,1.1205703832090563,0.0,-10000000000.0,0.0,-10000000000.0,0.0,-10000000000.0,0.0,-10000000000.0,1.0,0.0,0.0,-10000000000.0
bloodmnist:test:2639,64ea96147758bfc1ac3754926364be6027428f7b94f4aff8e98191e9762eb34f,bloodmnist_demo,1729,test,3,4,1.1205703832090563,0.0,-10000000000.0,0.0,-10000000000.0,0.0,-10000000000.0,0.0,-10000000000.0,1.0,0.0,0.0,-10000000000.0
bloodmnist:test:2640,eb334265416dcc1e4bb210068e50538e3f9b99012259961f56aad304e614195d,bloodmnist_demo,1729,test,4,4,1.1205703832090563,0.0,-10000000000.0,0.0,-10000000000.0,0.0,-10000000000.0,0.0,-10000000000.0,1.0,0.0,0.0,-10000000000.0
bloodmnist:test:2641,4189e7959ccdae2af9456744201cd72c9f289495f1ea77403231182ff6da0810,bloodmnist_demo,1729,test,1,4,1.1205703832090563,0.0,-10000000000.0,0.0,-10000000000.0,0.0,-10000000000.0,0.0,-10000000000.0,1.0,0.0,0.0,-10000000000.0
bloodmnist:test:2642,95a2b3eab940ea19887dfafddfca47225c191916e845f2910663e42790b39530,bloodmnist_demo,1729,test,2,4,1.1205703832090563,0.0,-10000000000.0,0.0,-10000000000.0,0.0,-10000000000.0,0.0,-10000000000.0,1.0,0.0,0.0,-10000000000.0
bloodmnist:test:2644,95ca9e716220e47f976745c5bd571accf50b92326c0f27ae9473c03e5154ee11,bloodmnist_demo,1729,test,3,4,1.1205703832090563,0.0,-10000000000.0,0.0,-10000000000.0,0.0,-10000000000.0,0.0,-10000000000.0,1.0,0.0,0.0,-10000000000.0
bloodmnist:test:2645,3ec587c198c64886c2d3dfa496b81afe19647bf66597fd89e1ee64a25e194d0f,bloodmnist_demo,1729,test,4,4,1.1205703832090563,0.0,-10000000000.0,0.0,-10000000000.0,0.0,-10000000000.0,0.0,-10000000000.0,1.0,0.0,0.0,-10000000000.0
bloodmnist:test:2646,2ee19b4acadb635aa262e5e41eca20305ea8ee93b9c5e3a01bb01c5ce91dbd60,bloodmnist_demo,1729,test,2,4,1.1205703832090563,0.0,-10000000000.0,0.0,-10000000000.0,0.0,-10000000000.0,0.0,-10000000000.0,1.0,0.0,0.0,-10000000000.0
bloodmnist:test:2647,e324e3b45584a5459754dd6cb81d291a61e5067a5d863b4eeef1bc3e77c16ec0,bloodmnist_demo,1729,test,4,4,1.1205703832090563,0.0,-10000000000.0,0.0,-10000000000.0,0.0,-10000000000.0,0.0,-10000000000.0,1.0,0.0,0.0,-10000000000.0
bloodmnist:test:2648,ca533a60e444e30c11141c24d4994e80286b107c75c92e316408a6d7825ce504,bloodmnist_demo,1729,test,5,4,1.1205703832090563,0.0,-10000000000.0,0.0,-10000000000.0,0.0,-10000000000.0,0.0,-10000000000.0,1.0,0.0,0.0,-10000000000.0
bloodmnist:test:2649,6ab18300fea6468e18f84d8ad3f8a2eaa3e8798cc58d0d651606f6c519e3aad4,bloodmnist_demo,1729,test,3,4,1.1205703832090563,0.0,-10000000000.0,0.0,-10000000000.0,0.0,-10000000000.0,0.0,-10000000000.0,1.0,0.0,0.0,-10000000000.0
bloodmnist:test:2650,b1323bd94aef6a200e16453a521001f242e26021a17e012dc4326f4c59e99fd9,bloodmnist_demo,1729,test,4,4,1.1205703832090563,0.0,-10000000000.0,0.0,-10000000000.0,0.0,-10000000000.0,0.0,-10000000000.0,1.0,0.0,0.0,-10000000000.0
bloodmnist:test:2651,d2e5de856c2711630463a22fa518907afb1a05438d4793b7baced9c90d1aed97,bloodmnist_demo,1729,test,4,4,1.1205703832090563,0.0,-10000000000.0,0.0,-10000000000.0,0.0,-10000000000.0,0.0,-10000000000.0,1.0,0.0,0.0,-10000000000.0
bloodmnist:test:2652,76f5dcd39d075305ac349f90027fa7f201ade1dfb28acab45debb2b8598375e9,bloodmnist_demo,1729,test,1,4,1.1205703832090563,0.0,-10000000000.0,0.0,-10000000000.0,0.0,-10000000000.0,0.0,-10000000000.0,1.0,0.0,0.0,-10000000000.0
bloodmnist:test:2653,e93f3192e7a96cf9e93b4e9148402a83e2d66a9b1a86935464a90ac1fce2ef15,bloodmnist_demo,1729,test,4,4,1.1205703832090563,0.0,-10000000000.0,0.0,-10000000000.0,0.0,-10000000000.0,0.0,-10000000000.0,1.0,0.0,0.0,-10000000000.0
bloodmnist:test:2655,2056c0c2625d75ae9b0fee07a3a42065af9a0f26d613b65236776dcd55875d19,bloodmnist_demo,1729,test,1,4,1.1205703832090563,0.0,-10000000000.0,0.0,-10000000000.0,0.0,-10000000000.0,0.0,-10000000000.0,1.0,0.0,0.0,-10000000000.0
bloodmnist:test:2656,be7b89475f01a1c58fd5c131679bb8aeb07e67738b9245b74455829c6ba8899c,bloodmnist_demo,1729,test,4,4,1.1205703832090563,0.0,-10000000000.0,0.0,-10000000000.0,0.0,-10000000000.0,0.0,-10000000000.0,1.0,0.0,0.0,-10000000000.0
bloodmnist:test:2658,35e9652d28f24e5bbd85ab5e6b7c341302bd3f21b8364f4abf3542f723687670,bloodmnist_demo,1729,test,1,4,1.1205703832090563,0.0,-10000000000.0,0.0,-10000000000.0,0.0,-10000000000.0,0.0,-10000000000.0,1.0,0.0,0.0,-10000000000.0
bloodmnist:test:2659,d254d782a61d39581552414c0f7d3bce94b8060b2c21eb5ad28dcda6cb9451e2,bloodmnist_demo,1729,test,1,4,1.1205703832090563,0.0,-10000000000.0,0.0,-10000000000.0,0.0,-10000000000.0,0.0,-10000000000.0,1.0,0.0,0.0,-10000000000.0
bloodmnist:test:2661,597882208f5c539d33ef133613448fe4ec42bb8e70ccd6c1dc8863ca80e9f465,bloodmnist_demo,1729,test,1,4,1.1205703832090563,0.0,-10000000000.0,0.0,-10000000000.0,0.0,-10000000000.0,0.0,-10000000000.0,1.0,0.0,0.0,-10000000000.0
bloodmnist:test:2662,8ca58c4fd3a73f7dfbd6137109e4ddeede1efbdceb2c0671111c06d9f99acfdb,bloodmnist_demo,1729,test,5,4,1.1205703832090563,0.0,-10000000000.0,0.0,-10000000000.0,0.0,-10000000000.0,0.0,-10000000000.0,1.0,0.0,0.0,-10000000000.0
bloodmnist:test:2664,97602e645fdbd314feaf0f4e9077e7b21c45123fdf9e46b636c73a3cc00ea8f1,bloodmnist_demo,1729,test,0,4,1.1205703832090563,0.0,-10000000000.0,0.0,-10000000000.0,0.0,-10000000000.0,0.0,-10000000000.0,1.0,0.0,0.0,-10000000000.0
bloodmnist:test:2666,e02d68b3b88fe957f26929187ff6302b0e01e495539440ff5c2e66c979012baa,bloodmnist_demo,1729,test,2,4,1.1205703832090563,0.0,-10000000000.0,0.0,-10000000000.0,0.0,-10000000000.0,0.0,-10000000000.0,1.0,0.0,0.0,-10000000000.0
bloodmnist:test:2667,5e429e127aeb5644cac74332b3cbc021986637f143a565890039ea3912dce306,bloodmnist_demo,1729,test,1,4,1.1205703832090563,0.0,-10000000000.0,0.0,-10000000000.0,0.0,-10000000000.0,0.0,-10000000000.0,1.0,0.0,0.0,-10000000000.0
bloodmnist:test:2668,747b064fc9de17fc966ae1cd14ba7917851f98119ecd7165bf241a9c1b71e581,bloodmnist_demo,1729,test,2,4,1.1205703832090563,0.0,-10000000000.0,0.0,-10000000000.0,0.0,-10000000000.0,0.0,-10000000000.0,1.0,0.0,0.0,-10000000000.0
bloodmnist:test:2669,1f0962bd46b92576b94fae08f714f1fd6bcbe34fff764e4c9f9a1f4594381c4f,bloodmnist_demo,1729,test,5,4,1.1205703832090563,0.0,-10000000000.0,0.0,-10000000000.0,0.0,-10000000000.0,0.0,-10000000000.0,1.0,0.0,0.0,-10000000000.0
bloodmnist:test:2670,a1e14f3a5630710f22ace0044c00f2e0964e226578b1f61553f43864daaeee52,bloodmnist_demo,1729,test,2,4,1.1205703832090563,0.0,-10000000000.0,0.0,-10000000000.0,0.0,-10000000000.0,0.0,-10000000000.0,1.0,0.0,0.0,-10000000000.0
bloodmnist:test:2671,6aa4817af779b3d7eb3f6bde89d0300cd9a9bec887803c0997e0535b3a79734a,bloodmnist_demo,1729,test,1,4,1.1205703832090563,0.0,-10000000000.0,0.0,-10000000000.0,0.0,-10000000000.0,0.0,-10000000000.0,1.0,0.0,0.0,-10000000000.0
bloodmnist:test:2673,959213b3882bf0e6c29de295d76447075898abea8a011597271c937d656cbe7c,bloodmnist_demo,1729,test,1,4,1.1205703832090563,0.0,-10000000000.0,0.0,-10000000000.0,0.0,-10000000000.0,0.0,-10000000000.0,1.0,0.0,0.0,-10000000000.0
bloodmnist:test:2674,40c4c19c8d65458be692157c48ed1385bdf27d870f61a1a8a36ac6a70b046959,bloodmnist_demo,1729,test,4,4,1.1205703832090563,0.0,-10000000000.0,0.0,-10000000000.0,0.0,-10000000000.0,0.0,-10000000000.0,1.0,0.0,0.0,-10000000000.0
bloodmnist:test:2675,eb940e54a1306c2779550f4ede4ea8d54cf9f98310d36a6de153032bfa1eddeb,bloodmnist_demo,1729,test,1,4,1.1205703832090563,0.0,-10000000000.0,0.0,-10000000000.0,0.0,-10000000000.0,0.0,-10000000000.0,1.0,0.0,0.0,-10000000000.0
bloodmnist:test:2676,aca474802e96c62d66d2a43a9995455b6f92e9f3ea351d616f0d00c8f4a83172,bloodmnist_demo,1729,test,1,4,1.1205703832090563,0.0,-10000000000.0,0.0,-10000000000.0,0.0,-10000000000.0,0.0,-10000000000.0,1.0,0.0,0.0,-10000000000.0
bloodmnist:test:2677,3b5cfcfc6ea4689e562abf43284829c15df6dee78a6b283d7c234e384e860d32,bloodmnist_demo,1729,test,4,4,1.1205703832090563,0.0,-10000000000.0,0.0,-10000000000.0,0.0,-10000000000.0,0.0,-10000000000.0,1.0,0.0,0.0,-10000000000.0
bloodmnist:test:2678,38a832aaab03787ae046b452565c82c4914c4260ad43c324636b98b4f86cb475,bloodmnist_demo,1729,test,4,4,1.1205703832090563,0.0,-10000000000.0,0.0,-10000000000.0,0.0,-10000000000.0,0.0,-10000000000.0,1.0,0.0,0.0,-10000000000.0
bloodmnist:test:2679,61b8ed0e51bc83eb7ead391ce2db30a425c729eb5ed939bb6bf48ec7f34e35df,bloodmnist_demo,1729,test,5,4,1.1205703832090563,0.0,-10000000000.0,0.0,-10000000000.0,0.0,-10000000000.0,0.0,-10000000000.0,1.0,0.0,0.0,-10000000000.0
bloodmnist:test:2680,6559a9621b6a00739b599036dc030c4a87bbe587c311692dd3f178183ef51f3e,bloodmnist_demo,1729,test,1,4,1.1205703832090563,0.0,-10000000000.0,0.0,-10000000000.0,0.0,-10000000000.0,0.0,-10000000000.0,1.0,0.0,0.0,-10000000000.0
bloodmnist:test:2681,b4d163c5fc380e33aa155755bd264af19bfad88c4c12bb592af4e86f9188eb71,bloodmnist_demo,1729,test,1,4,1.1205703832090563,0.0,-10000000000.0,0.0,-10000000000.0,0.0,-10000000000.0,0.0,-10000000000.0,1.0,0.0,0.0,-10000000000.0
bloodmnist:test:2683,9a6c51bd428cd71da602114e80694c6a648b36b8db305efe34919ffb24a4f116,bloodmnist_demo,1729,test,4,4,1.1205703832090563,0.0,-10000000000.0,0.0,-10000000000.0,0.0,-10000000000.0,0.0,-10000000000.0,1.0,0.0,0.0,-10000000000.0
bloodmnist:test:2684,5dd01393b63c1ccc9dc225e5ead593240048be4b9ee3e75a6ff8a4c217c64639,bloodmnist_demo,1729,test,1,4,1.1205703832090563,0.0,-10000000000.0,0.0,-10000000000.0,0.0,-10000000000.0,0.0,-10000000000.0,1.0,0.0,0.0,-10000000000.0
bloodmnist:test:2685,0b9ec4b1ac6f2059e89ecc9728787299ff7ce0146f62def91e20b1f0816d3f76,bloodmnist_demo,1729,test,5,4,1.1205703832090563,0.0,-10000000000.0,0.0,-10000000000.0,0.0,-10000000000.0,0.0,-10000000000.0,1.0,0.0,0.0,-10000000000.0
bloodmnist:test:2686,889b4228f73b873b0fe84562b1f0a0d5e866cc7299352f26b2f1d9d89ab98b16,bloodmnist_demo,1729,test,2,4,1.1205703832090563,0.0,-10000000000.0,0.0,-10000000000.0,0.0,-10000000000.0,0.0,-10000000000.0,1.0,0.0,0.0,-10000000000.0
bloodmnist:test:2687,77834160495e62283277823c651bf9b82b34c179ece0847fdff28dfc9eb72276,bloodmnist_demo,1729,test,1,4,1.1205703832090563,0.0,-10000000000.0,0.0,-10000000000.0,0.0,-10000000000.0,0.0,-10000000000.0,1.0,0.0,0.0,-10000000000.0
bloodmnist:test:2688,69ad9663f315bb83efa798455e8b2316084b7b7e1890c1197b4dee9ba1a0aef5,bloodmnist_demo,1729,test,2,4,1.1205703832090563,0.0,-10000000000.0,0.0,-10000000000.0,0.0,-10000000000.0,0.0,-10000000000.0,1.0,0.0,0.0,-10000000000.0
bloodmnist:test:2690,352ab92e6c0b0d300b6db4591f3adc0fdaeb207c4bc8a0c07dd2e1f499b9020c,bloodmnist_demo,1729,test,3,4,1.1205703832090563,0.0,-10000000000.0,0.0,-10000000000.0,0.0,-10000000000.0,0.0,-10000000000.0,1.0,0.0,0.0,-10000000000.0
bloodmnist:test:2691,a82fdbe31b740877955d921cd20273fa37805e07b12d35a1063117c46d641ec6,bloodmnist_demo,1729,test,1,4,1.1205703832090563,0.0,-10000000000.0,0.0,-10000000000.0,0.0,-10000000000.0,0.0,-10000000000.0,1.0,0.0,0.0,-10000000000.0
bloodmnist:test:2692,42a7cccfd1b421c94589d179cd38622616c4b7c562e95ade880f1fc6225f2032,bloodmnist_demo,1729,test,4,4,1.1205703832090563,0.0,-10000000000.0,0.0,-10000000000.0,0.0,-10000000000.0,0.0,-10000000000.0,1.0,0.0,0.0,-10000000000.0
bloodmnist:test:2693,1ba41563cec7076b6f3fd9cb79c0602d518b251609338e0d1d95af29d9dfbf96,bloodmnist_demo,1729,test,2,4,1.1205703832090563,0.0,-10000000000.0,0.0,-10000000000.0,0.0,-10000000000.0,0.0,-10000000000.0,1.0,0.0,0.0,-10000000000.0
bloodmnist:test:2694,f571fa1db53158ddd068b87b4d18887036adeec3093dcf62502bbf108dbf4da0,bloodmnist_demo,1729,test,1,4,1.1205703832090563,0.0,-10000000000.0,0.0,-10000000000.0,0.0,-10000000000.0,0.0,-10000000000.0,1.0,0.0,0.0,-10000000000.0
bloodmnist:test:2695,88536a1b67a5f76f28e555b4d31b3bd78a1402a116d46ca9bed5aa62c7b45512,bloodmnist_demo,1729,test,3,4,1.1205703832090563,0.0,-10000000000.0,0.0,-10000000000.0,0.0,-10000000000.0,0.0,-10000000000.0,1.0,0.0,0.0,-10000000000.0
bloodmnist:test:2696,01f5ea5bc2925ff176e49c65c866be50bef7e2c806877b0546d644d8bf4258fe,bloodmnist_demo,1729,test,4,4,1.1205703832090563,0.0,-10000000000.0,0.0,-10000000000.0,0.0,-10000000000.0,0.0,-10000000000.0,1.0,0.0,0.0,-10000000000.0
bloodmnist:test:2699,90f38c04efd8c9b4a87978034f2c06b3a2c13de67d417253f8eee3656eaa4edc,bloodmnist_demo,1729,test,1,4,1.1205703832090563,0.0,-10000000000.0,0.0,-10000000000.0,0.0,-10000000000.0,0.0,-10000000000.0,1.0,0.0,0.0,-10000000000.0
bloodmnist:test:2701,7c5e02caba02d614e0b089ffa12279dcbf77a48af2462edfdb826d52cd528428,bloodmnist_demo,1729,test,0,4,1.1205703832090563,0.0,-10000000000.0,0.0,-10000000000.0,0.0,-10000000000.0,0.0,-10000000000.0,1.0,0.0,0.0,-10000000000.0
bloodmnist:test:2702,03967a3d2444079c7b9839a1e50bd2037ae0762a507bedfab04fbad76309b0f3,bloodmnist_demo,1729,test,1,4,1.1205703832090563,0.0,-10000000000.0,0.0,-10000000000.0,0.0,-10000000000.0,0.0,-10000000000.0,1.0,0.0,0.0,-10000000000.0
bloodmnist:test:2703,9c4d20b7b039d87a847fc050eeb6bdf5bade1f2d8fa0196238b6ba4a2a620b79,bloodmnist_demo,1729,test,4,4,1.1205703832090563,0.0,-10000000000.0,0.0,-10000000000.0,0.0,-10000000000.0,0.0,-10000000000.0,1.0,0.0,0.0,-10000000000.0
bloodmnist:test:2706,3009fc31853799f525df9f71ccbacf0d907bb58d0b87b1f7b2e0123add8fa15e,bloodmnist_demo,1729,test,5,4,1.1205703832090563,0.0,-10000000000.0,0.0,-10000000000.0,0.0,-10000000000.0,0.0,-10000000000.0,1.0,0.0,0.0,-10000000000.0
bloodmnist:test:2707,4c621401e860a44aef0b594a9c9d22716950c903cd25c569b4dd438db387454e,bloodmnist_demo,1729,test,3,4,1.1205703832090563,0.0,-10000000000.0,0.0,-10000000000.0,0.0,-10000000000.0,0.0,-10000000000.0,1.0,0.0,0.0,-10000000000.0
bloodmnist:test:2708,723660456a2aa185a924fd55d1c360c65d61732fc24dd0a17a22f4d1e57accaa,bloodmnist_demo,1729,test,5,4,1.1205703832090563,0.0,-10000000000.0,0.0,-10000000000.0,0.0,-10000000000.0,0.0,-10000000000.0,1.0,0.0,0.0,-10000000000.0
bloodmnist:test:2709,31761194fe33f610c1c7ec6130672eeb8a7f14a850a40c6a3a4afd2ccb04e112,bloodmnist_demo,1729,test,3,4,1.1205703832090563,0.0,-10000000000.0,0.0,-10000000000.0,0.0,-10000000000.0,0.0,-10000000000.0,1.0,0.0,0.0,-10000000000.0
bloodmnist:test:2710,4dd98d35b5d2003ccea758ab6f15fed7eadb74189c3c6bb1e1cfd8bd05b49e8e,bloodmnist_demo,1729,test,2,4,1.1205703832090563,0.0,-10000000000.0,0.0,-10000000000.0,0.0,-10000000000.0,0.0,-10000000000.0,1.0,0.0,0.0,-10000000000.0
bloodmnist:test:2712,b8aa865671fcf82c69c3c9d69d2aa2e27e41841e371ff871a59bbb293ad97070,bloodmnist_demo,1729,test,1,4,1.1205703832090563,0.0,-10000000000.0,0.0,-10000000000.0,0.0,-10000000000.0,0.0,-10000000000.0,1.0,0.0,0.0,-10000000000.0
bloodmnist:test:2713,7279cd8e2fdb32ced5beb2f994bac766441c8ad0daf00943f0e299b005cf64c1,bloodmnist_demo,1729,test,0,4,1.1205703832090563,0.0,-10000000000.0,0.0,-10000000000.0,0.0,-10000000000.0,0.0,-10000000000.0,1.0,0.0,0.0,-10000000000.0
bloodmnist:test:2714,f03a6c9fb2f4cb789e35558ddad4574c85cf4b0448fd53740326194d20854bed,bloodmnist_demo,1729,test,0,4,1.1205703832090563,0.0,-10000000000.0,0.0,-10000000000.0,0.0,-10000000000.0,0.0,-10000000000.0,1.0,0.0,0.0,-10000000000.0
bloodmnist:test:2715,45ff802be4154ea299420659cfe612564628a815d5add9a03bd7d99169deca56,bloodmnist_demo,1729,test,4,4,1.1205703832090563,0.0,-10000000000.0,0.0,-10000000000.0,0.0,-10000000000.0,0.0,-10000000000.0,1.0,0.0,0.0,-10000000000.0
bloodmnist:test:2716,faa7904c44d9d5236eeb063fd719a6519b0bd969b5b655514c166f169ed726a9,bloodmnist_demo,1729,test,4,4,1.1205703832090563,0.0,-10000000000.0,0.0,-10000000000.0,0.0,-10000000000.0,0.0,-10000000000.0,1.0,0.0,0.0,-10000000000.0
bloodmnist:test:2717,45aa2302459461d4a2ba341131fc74eda313bead6d119a5bf7bc996cbdc1fe87,bloodmnist_demo,1729,test,1,4,1.1205703832090563,0.0,-10000000000.0,0.0,-10000000000.0,0.0,-10000000000.0,0.0,-10000000000.0,1.0,0.0,0.0,-10000000000.0
bloodmnist:test:2718,0ccefc6f60286b72e2a299d85fd115f3ff3f7cf6c35b4feadbd7643e7efb9f43,bloodmnist_demo,1729,test,1,4,1.1205703832090563,0.0,-10000000000.0,0.0,-10000000000.0,0.0,-10000000000.0,0.0,-10000000000.0,1.0,0.0,0.0,-10000000000.0
bloodmnist:test:2720,3ed26a2a3e3291fd30532ac7dd10decf081f7bc3ce17cb19d98c3484dd1e713d,bloodmnist_demo,1729,test,4,4,1.1205703832090563,0.0,-10000000000.0,0.0,-10000000000.0,0.0,-10000000000.0,0.0,-10000000000.0,1.0,0.0,0.0,-10000000000.0
bloodmnist:test:2721,a9fd5864d8826cdf665abd3cbb4b2c106cdd2c68469cd64b02c5ecf7c8da1490,bloodmnist_demo,1729,test,0,4,1.1205703832090563,0.0,-10000000000.0,0.0,-10000000000.0,0.0,-10000000000.0,0.0,-10000000000.0,1.0,0.0,0.0,-10000000000.0
bloodmnist:test:2722,39f6df95efb3533720ff03ddd544648e8951cf221df787d5c45068fc1df6179d,bloodmnist_demo,1729,test,4,4,1.1205703832090563,0.0,-10000000000.0,0.0,-10000000000.0,0.0,-10000000000.0,0.0,-10000000000.0,1.0,0.0,0.0,-10000000000.0
bloodmnist:test:2726,cb956d27e63b4dad8674f2f6bb92a95aa0aa6f7e19ac61bf574fb377f14ce38d,bloodmnist_demo,1729,test,5,4,1.1205703832090563,0.0,-10000000000.0,0.0,-10000000000.0,0.0,-10000000000.0,0.0,-10000000000.0,1.0,0.0,0.0,-10000000000.0
bloodmnist:test:2728,8d748d56e8b4373709c06197f8e4619a34a7f7c04cd1cb56fc170394c23f29f6,bloodmnist_demo,1729,test,5,4,1.1205703832090563,0.0,-10000000000.0,0.0,-10000000000.0,0.0,-10000000000.0,0.0,-10000000000.0,1.0,0.0,0.0,-10000000000.0
bloodmnist:test:2729,911be6fa4f92f162218b498f90bffc67311dd7e556b0020f27b94bca60b04b23,bloodmnist_demo,1729,test,1,4,1.1205703832090563,0.0,-10000000000.0,0.0,-10000000000.0,0.0,-10000000000.0,0.0,-10000000000.0,1.0,0.0,0.0,-10000000000.0
bloodmnist:test:2730,873b55dca79429054ad504a18f1f1675f2d1b3a0c3df8d2f9b9fbec69823a9c6,bloodmnist_demo,1729,test,4,4,1.1205703832090563,0.0,-10000000000.0,0.0,-10000000000.0,0.0,-10000000000.0,0.0,-10000000000.0,1.0,0.0,0.0,-10000000000.0
bloodmnist:test:2732,a9722012c09722b4407d9768fd7968c586c87fb04328dc1b8560d95c604d9043,bloodmnist_demo,1729,test,1,4,1.1205703832090563,0.0,-10000000000.0,0.0,-10000000000.0,0.0,-10000000000.0,0.0,-10000000000.0,1.0,0.0,0.0,-10000000000.0
bloodmnist:test:2733,3ffa058f75990b021a0682a5aeff1ba7636df180e7e1eebc886ce8a298be541f,bloodmnist_demo,1729,test,5,4,1.1205703832090563,0.0,-10000000000.0,0.0,-10000000000.0,0.0,-10000000000.0,0.0,-10000000000.0,1.0,0.0,0.0,-10000000000.0
bloodmnist:test:2734,945ba7a15275d58137c4d7560ac105a8c91acaf1f6a41a9a2e1d8d3cfc8cd79d,bloodmnist_demo,1729,test,0,4,1.1205703832090563,0.0,-10000000000.0,0.0,-10000000000.0,0.0,-10000000000.0,0.0,-10000000000.0,1.0,0.0,0.0,-10000000000.0
bloodmnist:test:2735,0935da7de727fa6a14a54a88ddb144010b7298fcf05073ea245d7aae3aceb725,bloodmnist_demo,1729,test,5,4,1.1205703832090563,0.0,-10000000000.0,0.0,-10000000000.0,0.0,-10000000000.0,0.0,-10000000000.0,1.0,0.0,0.0,-10000000000.0
bloodmnist:test:2736,34aedecc35c00df4939f46f863342bbc96e4983be7a0fc44b073b6a75c4dcf7c,bloodmnist_demo,1729,test,2,4,1.1205703832090563,0.0,-10000000000.0,0.0,-10000000000.0,0.0,-10000000000.0,0.0,-10000000000.0,1.0,0.0,0.0,-10000000000.0
bloodmnist:test:2738,5bda3a1cbd32a07f987dde9d0e4d09e20d3f511ac0828d57fdf64685e1437a6a,bloodmnist_demo,1729,test,2,4,1.1205703832090563,0.0,-10000000000.0,0.0,-10000000000.0,0.0,-10000000000.0,0.0,-10000000000.0,1.0,0.0,0.0,-10000000000.0
bloodmnist:test:2740,6b12b9da066a0ef29ade0c69657fc6e25a1943ac262bf02ae1bfe9667b3c8469,bloodmnist_demo,1729,test,5,4,1.1205703832090563,0.0,-10000000000.0,0.0,-10000000000.0,0.0,-10000000000.0,0.0,-10000000000.0,1.0,0.0,0.0,-10000000000.0
bloodmnist:test:2742,0d1f4c31fc537eab8c9eb0103d1a0e3d726d73340d1daa0e230bdb54037443f2,bloodmnist_demo,1729,test,5,4,1.1205703832090563,0.0,-10000000000.0,0.0,-10000000000.0,0.0,-10000000000.0,0.0,-10000000000.0,1.0,0.0,0.0,-10000000000.0
bloodmnist:test:2743,76204c1b07a4a53a0d3584d1da5dc0a2b59c875e58e1ba24c0f4433a54d32fb4,bloodmnist_demo,1729,test,0,4,1.1205703832090563,0.0,-10000000000.0,0.0,-10000000000.0,0.0,-10000000000.0,0.0,-10000000000.0,1.0,0.0,0.0,-10000000000.0
bloodmnist:test:2744,396af76b8ee44786da7d9f577fe020da2aecf77beee5002b4e56607ce6c608aa,bloodmnist_demo,1729,test,1,4,1.1205703832090563,0.0,-10000000000.0,0.0,-10000000000.0,0.0,-10000000000.0,0.0,-10000000000.0,1.0,0.0,0.0,-10000000000.0
bloodmnist:test:2745,731e70a8a0fc05a3ca218d89f5848482538b022ba567ccf517a0cf2a06c49860,bloodmnist_demo,1729,test,3,4,1.1205703832090563,0.0,-10000000000.0,0.0,-10000000000.0,0.0,-10000000000.0,0.0,-10000000000.0,1.0,0.0,0.0,-10000000000.0
bloodmnist:test:2746,fc3dfea07eac8b4b51b23634de4bf85d1f9f3fcbf0fea4293220fb62d4413d9b,bloodmnist_demo,1729,test,5,4,1.1205703832090563,0.0,-10000000000.0,0.0,-10000000000.0,0.0,-10000000000.0,0.0,-10000000000.0,1.0,0.0,0.0,-10000000000.0
bloodmnist:test:2747,54f8b9b9a674629b03c2ffc9821a2da4bc62ad21a8abee506e670b6b12b30b4c,bloodmnist_demo,1729,test,4,4,1.1205703832090563,0.0,-10000000000.0,0.0,-10000000000.0,0.0,-10000000000.0,0.0,-10000000000.0,1.0,0.0,0.0,-10000000000.0
bloodmnist:test:2749,3f287836512cc42c504894315e545abf88a0b213fbab82011a996716ef163f51,bloodmnist_demo,1729,test,5,4,1.1205703832090563,0.0,-10000000000.0,0.0,-10000000000.0,0.0,-10000000000.0,0.0,-10000000000.0,1.0,0.0,0.0,-10000000000.0
bloodmnist:test:2750,b40f13d50b53b562b604642539eb2a37e5dc5f0d74beddf82ed985961144acb2,bloodmnist_demo,1729,test,4,4,1.1205703832090563,0.0,-10000000000.0,0.0,-10000000000.0,0.0,-10000000000.0,0.0,-10000000000.0,1.0,0.0,0.0,-10000000000.0
bloodmnist:test:2751,a9857e3ee48ad5446034a05d639c711d13265e0225495bf7eace31679a1d12e0,bloodmnist_demo,1729,test,5,4,1.1205703832090563,0.0,-10000000000.0,0.0,-10000000000.0,0.0,-10000000000.0,0.0,-10000000000.0,1.0,0.0,0.0,-10000000000.0
bloodmnist:test:2752,100e51f773b9acc6b7fab8850bfc436bb12fe4bc3067eb1d8adba47006845560,bloodmnist_demo,1729,test,1,4,1.1205703832090563,0.0,-10000000000.0,0.0,-10000000000.0,0.0,-10000000000.0,0.0,-10000000000.0,1.0,0.0,0.0,-10000000000.0
bloodmnist:test:2753,98c8b98d39269947c64f410cdf975560c3fdb7bf23a486973cdd3f86bf1fe30b,bloodmnist_demo,1729,test,4,4,1.1205703832090563,0.0,-10000000000.0,0.0,-10000000000.0,0.0,-10000000000.0,0.0,-10000000000.0,1.0,0.0,0.0,-10000000000.0
bloodmnist:test:2754,4fe4aec5d571d1d7d2bb6ae4b306f4c1f5d3008d57cf181870f6188d713049df,bloodmnist_demo,1729,test,4,4,1.1205703832090563,0.0,-10000000000.0,0.0,-10000000000.0,0.0,-10000000000.0,0.0,-10000000000.0,1.0,0.0,0.0,-10000000000.0
bloodmnist:test:2755,6accef5768ef3f9cf59d9db25f67a83211797f77c1a1cc38e838d9be2b272fff,bloodmnist_demo,1729,test,5,4,1.1205703832090563,0.0,-10000000000.0,0.0,-10000000000.0,0.0,-10000000000.0,0.0,-10000000000.0,1.0,0.0,0.0,-10000000000.0
bloodmnist:test:2756,b4f5b98bdd745210fe0623b7b4f2e0ae928d1fc56148a9cd16abd633905b7447,bloodmnist_demo,1729,test,3,4,1.1205703832090563,0.0,-10000000000.0,0.0,-10000000000.0,0.0,-10000000000.0,0.0,-10000000000.0,1.0,0.0,0.0,-10000000000.0
bloodmnist:test:2757,5cd9943021f0896ccd0e5f971bcfa12c1539199014579c59361d2c5843a5911f,bloodmnist_demo,1729,test,4,4,1.1205703832090563,0.0,-10000000000.0,0.0,-10000000000.0,0.0,-10000000000.0,0.0,-10000000000.0,1.0,0.0,0.0,-10000000000.0
bloodmnist:test:2758,8f89c3db352b2f0cd7aa25304c2e76c88f50d8c3338bff29823d3b7cf78eea6f,bloodmnist_demo,1729,test,4,4,1.1205703832090563,0.0,-10000000000.0,0.0,-10000000000.0,0.0,-10000000000.0,0.0,-10000000000.0,1.0,0.0,0.0,-10000000000.0
bloodmnist:test:2759,a9e4be43ac59da2eb5a68218d50ad5ee3a76202d4c63748cf39526669dcd0fb5,bloodmnist_demo,1729,test,3,4,1.1205703832090563,0.0,-10000000000.0,0.0,-10000000000.0,0.0,-10000000000.0,0.0,-10000000000.0,1.0,0.0,0.0,-10000000000.0
bloodmnist:test:2760,4a7d7c1d5efec9b3f48c09a912d1741236ad38886fb4e83bd2d9f620af9dd61e,bloodmnist_demo,1729,test,3,4,1.1205703832090563,0.0,-10000000000.0,0.0,-10000000000.0,0.0,-10000000000.0,0.0,-10000000000.0,1.0,0.0,0.0,-10000000000.0
bloodmnist:test:2761,c9d9807cdb74b2219abb104ce6fb7b911b4910f2a64946d70a47828e9d619d35,bloodmnist_demo,1729,test,5,4,1.1205703832090563,0.0,-10000000000.0,0.0,-10000000000.0,0.0,-10000000000.0,0.0,-10000000000.0,1.0,0.0,0.0,-10000000000.0
bloodmnist:test:2762,97d1a0d3c24b6fec65e8792fcb23303bb86cf9bd511a7b7a295b729ec8773088,bloodmnist_demo,1729,test,4,4,1.1205703832090563,0.0,-10000000000.0,0.0,-10000000000.0,0.0,-10000000000.0,0.0,-10000000000.0,1.0,0.0,0.0,-10000000000.0
bloodmnist:test:2763,5e98b454d327882aa6b1c4350318e85cda7e16b12681ba8b27f36e070f4448ea,bloodmnist_demo,1729,test,4,4,1.1205703832090563,0.0,-10000000000.0,0.0,-10000000000.0,0.0,-10000000000.0,0.0,-10000000000.0,1.0,0.0,0.0,-10000000000.0
bloodmnist:test:2765,078745128ff76361f85c7befe9883b709cca8d7b13e9afcbd402652321d18a1b,bloodmnist_demo,1729,test,0,4,1.1205703832090563,0.0,-10000000000.0,0.0,-10000000000.0,0.0,-10000000000.0,0.0,-10000000000.0,1.0,0.0,0.0,-10000000000.0
bloodmnist:test:2766,d097698838a4f297e26a6222238d58181c6bdf91386e92cde77a7b9010c2de23,bloodmnist_demo,1729,test,5,4,1.1205703832090563,0.0,-10000000000.0,0.0,-10000000000.0,0.0,-10000000000.0,0.0,-10000000000.0,1.0,0.0,0.0,-10000000000.0
bloodmnist:test:2767,fc86bc5973c55501b0562ab7a0783cf72101e666b6e3784ab08e5fa52ab9b130,bloodmnist_demo,1729,test,3,4,1.1205703832090563,0.0,-10000000000.0,0.0,-10000000000.0,0.0,-10000000000.0,0.0,-10000000000.0,1.0,0.0,0.0,-10000000000.0
bloodmnist:test:2768,c101847aa94f420f7154613171f42d9403e85035c28b07f4654a4c36cd18ee53,bloodmnist_demo,1729,test,5,4,1.1205703832090563,0.0,-10000000000.0,0.0,-10000000000.0,0.0,-10000000000.0,0.0,-10000000000.0,1.0,0.0,0.0,-10000000000.0
bloodmnist:test:2769,d8fc52521b2a70d5e17a4710802eea06ac188e4f80214d2c7d75c6a919ec7e29,bloodmnist_demo,1729,test,4,4,1.1205703832090563,0.0,-10000000000.0,0.0,-10000000000.0,0.0,-10000000000.0,0.0,-10000000000.0,1.0,0.0,0.0,-10000000000.0
bloodmnist:test:2770,d1a2b1ee44885e4084fcb7f8220c09a91e8182afe6a8173f113cfdeb67e971cf,bloodmnist_demo,1729,test,2,4,1.1205703832090563,0.0,-10000000000.0,0.0,-10000000000.0,0.0,-10000000000.0,0.0,-10000000000.0,1.0,0.0,0.0,-10000000000.0
bloodmnist:test:2771,8a9549788dfacbda67ee69fc477dffb94691b66db695d282e0939e6295a8b36f,bloodmnist_demo,1729,test,5,4,1.1205703832090563,0.0,-10000000000.0,0.0,-10000000000.0,0.0,-10000000000.0,0.0,-10000000000.0,1.0,0.0,0.0,-10000000000.0
bloodmnist:test:2772,8f38fb0bfd7b890aacac7f043c7cee6a5db717461eb4646d55a163c4d350884c,bloodmnist_demo,1729,test,1,4,1.1205703832090563,0.0,-10000000000.0,0.0,-10000000000.0,0.0,-10000000000.0,0.0,-10000000000.0,1.0,0.0,0.0,-10000000000.0
bloodmnist:test:2773,dfe396a8418fedff52c2da8b2a9b0aaa019374cbeb368dec92b695d9cd3caa75,bloodmnist_demo,1729,test,3,4,1.1205703832090563,0.0,-10000000000.0,0.0,-10000000000.0,0.0,-10000000000.0,0.0,-10000000000.0,1.0,0.0,0.0,-10000000000.0
bloodmnist:test:2775,0ff459c0dc7f09ba4629fd52cc2ae7677918b525c3a07290c3adfb8a702e431b,bloodmnist_demo,1729,test,4,4,1.1205703832090563,0.0,-10000000000.0,0.0,-10000000000.0,0.0,-10000000000.0,0.0,-10000000000.0,1.0,0.0,0.0,-10000000000.0
bloodmnist:test:2776,c028b66b51fea676810d913601e8b17dcc11148245736c5ae9e61c267cadc3b0,bloodmnist_demo,1729,test,5,4,1.1205703832090563,0.0,-10000000000.0,0.0,-10000000000.0,0.0,-10000000000.0,0.0,-10000000000.0,1.0,0.0,0.0,-10000000000.0
bloodmnist:test:2779,62fce1aa2d74694a5014bff3b200c47ce7a9933a54dd17db8222abcbdcbb2b0a,bloodmnist_demo,1729,test,5,4,1.1205703832090563,0.0,-10000000000.0,0.0,-10000000000.0,0.0,-10000000000.0,0.0,-10000000000.0,1.0,0.0,0.0,-10000000000.0
bloodmnist:test:2780,fc12f25094ae22cd91f3e37082082c89bdedc48acd03a8b9e7b86b3635624825,bloodmnist_demo,1729,test,3,4,1.1205703832090563,0.0,-10000000000.0,0.0,-10000000000.0,0.0,-10000000000.0,0.0,-10000000000.0,1.0,0.0,0.0,-10000000000.0
bloodmnist:test:2781,c0e290de581715282724d0ebc65b93149583f9e6016e5977fddc0394de59efcc,bloodmnist_demo,1729,test,3,4,1.1205703832090563,0.0,-10000000000.0,0.0,-10000000000.0,0.0,-10000000000.0,0.0,-10000000000.0,1.0,0.0,0.0,-10000000000.0
bloodmnist:test:2782,e2646267b88eda7e2eb75f3ef8369cb9758a4bd19ab31cb879e72b18a3e144b5,bloodmnist_demo,1729,test,1,4,1.1205703832090563,0.0,-10000000000.0,0.0,-10000000000.0,0.0,-10000000000.0,0.0,-10000000000.0,1.0,0.0,0.0,-10000000000.0
bloodmnist:test:2783,18f6d99414282da4175a1a65760c5c6c963a92f4eba89e52ae13c19b0ac61f1f,bloodmnist_demo,1729,test,1,4,1.1205703832090563,0.0,-10000000000.0,0.0,-10000000000.0,0.0,-10000000000.0,0.0,-10000000000.0,1.0,0.0,0.0,-10000000000.0
bloodmnist:test:2784,bde1974b1395e8eaaec7828358feb77601cbb458de049ce425eca8196b6ba45b,bloodmnist_demo,1729,test,5,4,1.1205703832090563,0.0,-10000000000.0,0.0,-10000000000.0,0.0,-10000000000.0,0.0,-10000000000.0,1.0,0.0,0.0,-10000000000.0
bloodmnist:test:2785,7da486e711bc5e0a9506429592d42e8aa47d1ec57277a5fe37135d4e7ce1b2d0,bloodmnist_demo,1729,test,1,4,1.1205703832090563,0.0,-10000000000.0,0.0,-10000000000.0,0.0,-10000000000.0,0.0,-10000000000.0,1.0,0.0,0.0,-10000000000.0
bloodmnist:test:2786,4af21dac321b676e42cd44b9349b65a38de9741835ce33e06fb614748a390017,bloodmnist_demo,1729,test,2,4,1.1205703832090563,0.0,-10000000000.0,0.0,-10000000000.0,0.0,-10000000000.0,0.0,-10000000000.0,1.0,0.0,0.0,-10000000000.0
bloodmnist:test:2788,f4342aa0d6464a66660ee86743f26f0a8353e863851398de5d0e9fdc41021314,bloodmnist_demo,1729,test,4,4,1.1205703832090563,0.0,-10000000000.0,0.0,-10000000000.0,0.0,-10000000000.0,0.0,-10000000000.0,1.0,0.0,0.0,-10000000000.0
bloodmnist:test:2789,8d31632bfae2665ab35551b74ac1dd03e33811fff14cc78cfc3d8325e25a2b36,bloodmnist_demo,1729,test,4,4,1.1205703832090563,0.0,-10000000000.0,0.0,-10000000000.0,0.0,-10000000000.0,0.0,-10000000000.0,1.0,0.0,0.0,-10000000000.0
bloodmnist:test:2790,1c44ddf600b3c3931b264115f8ac3c90790cd10427ff28cec7c99a9cd421b251,bloodmnist_demo,1729,test,2,4,1.1205703832090563,0.0,-10000000000.0,0.0,-10000000000.0,0.0,-10000000000.0,0.0,-10000000000.0,1.0,0.0,0.0,-10000000000.0
bloodmnist:test:2791,fb370fd884246cfaeb69f2ba0e7c275655e15c38a7e46cfc7dd4d64fb36c036d,bloodmnist_demo,1729,test,5,4,1.1205703832090563,0.0,-10000000000.0,0.0,-10000000000.0,0.0,-10000000000.0,0.0,-10000000000.0,1.0,0.0,0.0,-10000000000.0
bloodmnist:test:2793,a4c285ef082cbd8cb9751f1588151d3042abc2c862beb64e675ddaf0b7f35df8,bloodmnist_demo,1729,test,1,4,1.1205703832090563,0.0,-10000000000.0,0.0,-10000000000.0,0.0,-10000000000.0,0.0,-10000000000.0,1.0,0.0,0.0,-10000000000.0
bloodmnist:test:2794,0555d91c796a7165d5a80455f10d5fad70f3102165fd91038bc1164387522f49,bloodmnist_demo,1729,test,0,4,1.1205703832090563,0.0,-10000000000.0,0.0,-10000000000.0,0.0,-10000000000.0,0.0,-10000000000.0,1.0,0.0,0.0,-10000000000.0
bloodmnist:test:2795,1b30a3551e723641b71ac15bed843ef7b399103aa4be95291dd5ef4da62df13a,bloodmnist_demo,1729,test,3,4,1.1205703832090563,0.0,-10000000000.0,0.0,-10000000000.0,0.0,-10000000000.0,0.0,-10000000000.0,1.0,0.0,0.0,-10000000000.0
bloodmnist:test:2796,a4ba21fe6776303d45fb89e3543402ee7f532ad440e7b579d3500be305ecf833,bloodmnist_demo,1729,test,0,4,1.1205703832090563,0.0,-10000000000.0,0.0,-10000000000.0,0.0,-10000000000.0,0.0,-10000000000.0,1.0,0.0,0.0,-10000000000.0
bloodmnist:test:2798,d05129d64c7d1cfcdee004f88702bba1282031f5d9b41fc5de0b26dfee12ab8f,bloodmnist_demo,1729,test,4,4,1.1205703832090563,0.0,-10000000000.0,0.0,-10000000000.0,0.0,-10000000000.0,0.0,-10000000000.0,1.0,0.0,0.0,-10000000000.0
bloodmnist:test:2799,6b4c84ff5d2d585ad7a31fef67844a45a95686a0b0cd75fbe770ffa8eeba42ca,bloodmnist_demo,1729,test,2,4,1.1205703832090563,0.0,-10000000000.0,0.0,-10000000000.0,0.0,-10000000000.0,0.0,-10000000000.0,1.0,0.0,0.0,-10000000000.0
bloodmnist:test:2800,a0cd458b966231ccc3c53f9ee33aac7f66694097245681d96fb972b45590c4a7,bloodmnist_demo,1729,test,5,4,1.1205703832090563,0.0,-10000000000.0,0.0,-10000000000.0,0.0,-10000000000.0,0.0,-10000000000.0,1.0,0.0,0.0,-10000000000.0
bloodmnist:test:2801,ff1ec5975e6082c94b9f14ec4f1c05aa9a3930157dec44ce0d966aed3f1d5445,bloodmnist_demo,1729,test,5,4,1.1205703832090563,0.0,-10000000000.0,0.0,-10000000000.0,0.0,-10000000000.0,0.0,-10000000000.0,1.0,0.0,0.0,-10000000000.0
bloodmnist:test:2802,536cd2668c85b122c56f5c5384788b4983b70bac83e064e80c69a35c11b50019,bloodmnist_demo,1729,test,4,4,1.1205703832090563,0.0,-10000000000.0,0.0,-10000000000.0,0.0,-10000000000.0,0.0,-10000000000.0,1.0,0.0,0.0,-10000000000.0
bloodmnist:test:2803,e1d7b9c27b63eaa589620ad32aadaada252ae1e44fe26cd087d09a6841c4432c,bloodmnist_demo,1729,test,4,4,1.1205703832090563,0.0,-10000000000.0,0.0,-10000000000.0,0.0,-10000000000.0,0.0,-10000000000.0,1.0,0.0,0.0,-10000000000.0
bloodmnist:test:2805,5e6ce0b0bcf6548e5f059da53998008e3553ba970100e1899d6db73afd83a74e,bloodmnist_demo,1729,test,2,4,1.1205703832090563,0.0,-10000000000.0,0.0,-10000000000.0,0.0,-10000000000.0,0.0,-10000000000.0,1.0,0.0,0.0,-10000000000.0
bloodmnist:test:2806,b7ec5a3153fb732ceeeff6ee107e5c90d87841fb3541fb085aad83c4d7494e12,bloodmnist_demo,1729,test,1,4,1.1205703832090563,0.0,-10000000000.0,0.0,-10000000000.0,0.0,-10000000000.0,0.0,-10000000000.0,1.0,0.0,0.0,-10000000000.0
bloodmnist:test:2808,6867709c6100c0b0bd2cb6c6e85db49aa8a84422e5c5306a97806d4626d1901a,bloodmnist_demo,1729,test,4,4,1.1205703832090563,0.0,-10000000000.0,0.0,-10000000000.0,0.0,-10000000000.0,0.0,-10000000000.0,1.0,0.0,0.0,-10000000000.0
bloodmnist:test:2809,51c9446d92bdeb679c065017e9e5472bbd430be43cb91ef71873ee93738f1d83,bloodmnist_demo,1729,test,2,4,1.1205703832090563,0.0,-10000000000.0,0.0,-10000000000.0,0.0,-10000000000.0,0.0,-10000000000.0,1.0,0.0,0.0,-10000000000.0
bloodmnist:test:2810,c3d13c5998bc90416fdcf48f7393203c4f23c28b773aec0a0851a3b855c7f4a1,bloodmnist_demo,1729,test,1,4,1.1205703832090563,0.0,-10000000000.0,0.0,-10000000000.0,0.0,-10000000000.0,0.0,-10000000000.0,1.0,0.0,0.0,-10000000000.0
bloodmnist:test:2813,7bfe56ab633dbfca2ec19afb3c44f54d6b840e5f28731aaeba840f76f3b6e1c4,bloodmnist_demo,1729,test,2,4,1.1205703832090563,0.0,-10000000000.0,0.0,-10000000000.0,0.0,-10000000000.0,0.0,-10000000000.0,1.0,0.0,0.0,-10000000000.0
bloodmnist:test:2814,1bb9fbab593b2806dfb0873d6d2de39fa9363956acee777416fa535096229225,bloodmnist_demo,1729,test,5,4,1.1205703832090563,0.0,-10000000000.0,0.0,-10000000000.0,0.0,-10000000000.0,0.0,-10000000000.0,1.0,0.0,0.0,-10000000000.0
bloodmnist:test:2815,3aa22c3303e540414cc408298e85c6341f79d7639ac832185f0c783554014f4e,bloodmnist_demo,1729,test,1,4,1.1205703832090563,0.0,-10000000000.0,0.0,-10000000000.0,0.0,-10000000000.0,0.0,-10000000000.0,1.0,0.0,0.0,-10000000000.0
bloodmnist:test:2820,52219b0ba797144420013cb37cb507d7c5a66975491e68a45de55bbe5a224435,bloodmnist_demo,1729,test,3,4,1.1205703832090563,0.0,-10000000000.0,0.0,-10000000000.0,0.0,-10000000000.0,0.0,-10000000000.0,1.0,0.0,0.0,-10000000000.0
bloodmnist:test:2823,bb5edc2781f6d48be18bc4e01d187e2b5e081b6e57e83eaf365c38a7c432c9fe,bloodmnist_demo,1729,test,5,4,1.1205703832090563,0.0,-10000000000.0,0.0,-10000000000.0,0.0,-10000000000.0,0.0,-10000000000.0,1.0,0.0,0.0,-10000000000.0
bloodmnist:test:2824,9d5e8cd66ceda6ceef78eb6c25299ca7e8b79c12f36667c9a7aad9ffbed1f5e6,bloodmnist_demo,1729,test,1,4,1.1205703832090563,0.0,-10000000000.0,0.0,-10000000000.0,0.0,-10000000000.0,0.0,-10000000000.0,1.0,0.0,0.0,-10000000000.0
bloodmnist:test:2825,bb3cec8cb47823179df5c2ae3ffb49cf1a0be053b2c3860f42aad39d4d2140d2,bloodmnist_demo,1729,test,1,4,1.1205703832090563,0.0,-10000000000.0,0.0,-10000000000.0,0.0,-10000000000.0,0.0,-10000000000.0,1.0,0.0,0.0,-10000000000.0
bloodmnist:test:2826,26746a290a719004b606a0f5e696513af2a2178bc6251ccece139a9f0a463f35,bloodmnist_demo,1729,test,1,4,1.1205703832090563,0.0,-10000000000.0,0.0,-10000000000.0,0.0,-10000000000.0,0.0,-10000000000.0,1.0,0.0,0.0,-10000000000.0
bloodmnist:test:2827,5df721057283783eac6bd741c335407a3d44f7aa0212940fbec8051eb550c4ee,bloodmnist_demo,1729,test,4,4,1.1205703832090563,0.0,-10000000000.0,0.0,-10000000000.0,0.0,-10000000000.0,0.0,-10000000000.0,1.0,0.0,0.0,-10000000000.0
bloodmnist:test:2829,3c1a50868635f5c0e1f6ad75b70299581279e83f4473bbbb77445cece5a67757,bloodmnist_demo,1729,test,5,4,1.1205703832090563,0.0,-10000000000.0,0.0,-10000000000.0,0.0,-10000000000.0,0.0,-10000000000.0,1.0,0.0,0.0,-10000000000.0
bloodmnist:test:2830,66d26c1bc3d24eb9478d8650dfea5d43307cd8f6688fa3b1ccf167bb4d9d42a6,bloodmnist_demo,1729,test,5,4,1.1205703832090563,0.0,-10000000000.0,0.0,-10000000000.0,0.0,-10000000000.0,0.0,-10000000000.0,1.0,0.0,0.0,-10000000000.0
bloodmnist:test:2831,8f93e1e58e1206dc4143b9f521e9f7a3e207d7425d9b54d6e91724396377c06d,bloodmnist_demo,1729,test,4,4,1.1205703832090563,0.0,-10000000000.0,0.0,-10000000000.0,0.0,-10000000000.0,0.0,-10000000000.0,1.0,0.0,0.0,-10000000000.0
bloodmnist:test:2832,9199119c1c849a67b919b20f77334f71a2a06a5ff77fae7a5b6be2db8329d4be,bloodmnist_demo,1729,test,4,4,1.1205703832090563,0.0,-10000000000.0,0.0,-10000000000.0,0.0,-10000000000.0,0.0,-10000000000.0,1.0,0.0,0.0,-10000000000.0
bloodmnist:test:2835,42b60dfafa10083ca69ed6ac8b67a7262b815b84d5109ee000f1a1df62d84f13,bloodmnist_demo,1729,test,4,4,1.1205703832090563,0.0,-10000000000.0,0.0,-10000000000.0,0.0,-10000000000.0,0.0,-10000000000.0,1.0,0.0,0.0,-10000000000.0
bloodmnist:test:2836,8f3a9225e27d34d1fc752278dc7df29813b13f4f69560da6d5a30d8b1fac8878,bloodmnist_demo,1729,test,4,4,1.1205703832090563,0.0,-10000000000.0,0.0,-10000000000.0,0.0,-10000000000.0,0.0,-10000000000.0,1.0,0.0,0.0,-10000000000.0
bloodmnist:test:2837,faceeaea78aea7e688404577e7b9222c2d932ab0cb67a834ae080e9931508ade,bloodmnist_demo,1729,test,3,4,1.1205703832090563,0.0,-10000000000.0,0.0,-10000000000.0,0.0,-10000000000.0,0.0,-10000000000.0,1.0,0.0,0.0,-10000000000.0
bloodmnist:test:2838,5cd2fc0f94679c1a89f4a0e688c859bf62ad2ce94e55a7ff938f5642546053b9,bloodmnist_demo,1729,test,1,4,1.1205703832090563,0.0,-10000000000.0,0.0,-10000000000.0,0.0,-10000000000.0,0.0,-10000000000.0,1.0,0.0,0.0,-10000000000.0
bloodmnist:test:2839,7cec64850c434cd5e6b7cd94d8e971439b5cb68294da601993fc8b1267aecde0,bloodmnist_demo,1729,test,1,4,1.1205703832090563,0.0,-10000000000.0,0.0,-10000000000.0,0.0,-10000000000.0,0.0,-10000000000.0,1.0,0.0,0.0,-10000000000.0
bloodmnist:test:2840,5c650a29d7cd0fe62661e8ceac2cc70bb1df9fdb300808681bed6a1a93fe59a9,bloodmnist_demo,1729,test,1,4,1.1205703832090563,0.0,-10000000000.0,0.0,-10000000000.0,0.0,-10000000000.0,0.0,-10000000000.0,1.0,0.0,0.0,-10000000000.0
bloodmnist:test:2842,d7f1999456fc0edf0043a3b68f3580b291d32869458dea5f9781eb8de077a012,bloodmnist_demo,1729,test,1,4,1.1205703832090563,0.0,-10000000000.0,0.0,-10000000000.0,0.0,-10000000000.0,0.0,-10000000000.0,1.0,0.0,0.0,-10000000000.0
bloodmnist:test:2843,c303b9b27adec01341eacc9fedce20587e7688d40ce395f9f2d9f78e04813a20,bloodmnist_demo,1729,test,0,4,1.1205703832090563,0.0,-10000000000.0,0.0,-10000000000.0,0.0,-10000000000.0,0.0,-10000000000.0,1.0,0.0,0.0,-10000000000.0
bloodmnist:test:2844,09e9242c02e948b83391ec7f571a7575415c345912adb6dfd8366128551507b0,bloodmnist_demo,1729,test,4,4,1.1205703832090563,0.0,-10000000000.0,0.0,-10000000000.0,0.0,-10000000000.0,0.0,-10000000000.0,1.0,0.0,0.0,-10000000000.0
bloodmnist:test:2845,fe394f7dfbadb9497cd421cfdc47eedfc2f2ab0297f4364f47e84603c0163b98,bloodmnist_demo,1729,test,5,4,1.1205703832090563,0.0,-10000000000.0,0.0,-10000000000.0,0.0,-10000000000.0,0.0,-10000000000.0,1.0,0.0,0.0,-10000000000.0
bloodmnist:test:2847,aaa9c9e3f45f01dee423d9f939816d2bf7a1366c0121af44f14fb8dbbcd68daa,bloodmnist_demo,1729,test,5,4,1.1205703832090563,0.0,-10000000000.0,0.0,-10000000000.0,0.0,-10000000000.0,0.0,-10000000000.0,1.0,0.0,0.0,-10000000000.0
bloodmnist:test:2848,32cbd31574d64e375db36e52b29ba14c36554dfdc6c8eaef16c6a80bb0802251,bloodmnist_demo,1729,test,1,4,1.1205703832090563,0.0,-10000000000.0,0.0,-10000000000.0,0.0,-10000000000.0,0.0,-10000000000.0,1.0,0.0,0.0,-10000000000.0
bloodmnist:test:2849,e006310cd64b36d41778f39aad923ea32f4a7d6d7b33810e31ae5e84a19196fb,bloodmnist_demo,1729,test,2,4,1.1205703832090563,0.0,-10000000000.0,0.0,-10000000000.0,0.0,-10000000000.0,0.0,-10000000000.0,1.0,0.0,0.0,-10000000000.0
bloodmnist:test:2850,a0ff2cac28d327b6f3d92bfe668238403e821f8bec67a449aa65eeccb852bb18,bloodmnist_demo,1729,test,2,4,1.1205703832090563,0.0,-10000000000.0,0.0,-10000000000.0,0.0,-10000000000.0,0.0,-10000000000.0,1.0,0.0,0.0,-10000000000.0
bloodmnist:test:2851,0208f7b1e82077d6e807e012572c1d7cada341fbf01d4eb442f82124f2669d6a,bloodmnist_demo,1729,test,2,4,1.1205703832090563,0.0,-10000000000.0,0.0,-10000000000.0,0.0,-10000000000.0,0.0,-10000000000.0,1.0,0.0,0.0,-10000000000.0
bloodmnist:test:2852,00afd3937d3b0e6a6d85da431b038a1a67471ca6a505cb7864d8350157b87b3e,bloodmnist_demo,1729,test,2,4,1.1205703832090563,0.0,-10000000000.0,0.0,-10000000000.0,0.0,-10000000000.0,0.0,-10000000000.0,1.0,0.0,0.0,-10000000000.0
bloodmnist:test:2854,e34a036e64ac19b8bce4d817decd5534d40d4c146317b50188e75d782f883888,bloodmnist_demo,1729,test,1,4,1.1205703832090563,0.0,-10000000000.0,0.0,-10000000000.0,0.0,-10000000000.0,0.0,-10000000000.0,1.0,0.0,0.0,-10000000000.0
bloodmnist:test:2855,c4c14a99db965d099bc914e07861a5c06d56b7b2c6e3deca3779d30a0648d17a,bloodmnist_demo,1729,test,3,4,1.1205703832090563,0.0,-10000000000.0,0.0,-10000000000.0,0.0,-10000000000.0,0.0,-10000000000.0,1.0,0.0,0.0,-10000000000.0
bloodmnist:test:2856,126bdd9b0975dd6a3c5a36a7b10835f0b8c5ef020cadd560b83b6b270aff3bb7,bloodmnist_demo,1729,test,5,4,1.1205703832090563,0.0,-10000000000.0,0.0,-10000000000.0,0.0,-10000000000.0,0.0,-10000000000.0,1.0,0.0,0.0,-10000000000.0
bloodmnist:test:2859,eae20f5435ecbf0f2058b0d45d9d02f7abf64632e1637310362f423254972976,bloodmnist_demo,1729,test,4,4,1.1205703832090563,0.0,-10000000000.0,0.0,-10000000000.0,0.0,-10000000000.0,0.0,-10000000000.0,1.0,0.0,0.0,-10000000000.0
bloodmnist:test:2860,5f9e34d19e5c9f026b0785c18e3e62c2e8952c04f763fd9f7e9d91eb304c5a34,bloodmnist_demo,1729,test,1,4,1.1205703832090563,0.0,-10000000000.0,0.0,-10000000000.0,0.0,-10000000000.0,0.0,-10000000000.0,1.0,0.0,0.0,-10000000000.0
bloodmnist:test:2861,cb8a8af33c123799053397c0e332a89798d4c4c7b2b382230ebc15fa674179a5,bloodmnist_demo,1729,test,4,4,1.1205703832090563,0.0,-10000000000.0,0.0,-10000000000.0,0.0,-10000000000.0,0.0,-10000000000.0,1.0,0.0,0.0,-10000000000.0
bloodmnist:test:2862,92940ef580644995afd7b25564f9c68bfd81d507731cfa7b8780786ba0727789,bloodmnist_demo,1729,test,2,4,1.1205703832090563,0.0,-10000000000.0,0.0,-10000000000.0,0.0,-10000000000.0,0.0,-10000000000.0,1.0,0.0,0.0,-10000000000.0
bloodmnist:test:2865,67c2891b2c0e4ca927e87b4ef1498c39a9774d977752da150fbbfa75cf3b0e14,bloodmnist_demo,1729,test,5,4,1.1205703832090563,0.0,-10000000000.0,0.0,-10000000000.0,0.0,-10000000000.0,0.0,-10000000000.0,1.0,0.0,0.0,-10000000000.0
bloodmnist:test:2866,dab8237fbac73f63d3b6c2e7b9ee189c72390aa15efad86a5c93d47ab85750c6,bloodmnist_demo,1729,test,5,4,1.1205703832090563,0.0,-10000000000.0,0.0,-10000000000.0,0.0,-10000000000.0,0.0,-10000000000.0,1.0,0.0,0.0,-10000000000.0
bloodmnist:test:2869,3a22b430a4bbfb67777fbca2b4eceea253020ceae0384b04a91fd79f01e3f1c3,bloodmnist_demo,1729,test,5,4,1.1205703832090563,0.0,-10000000000.0,0.0,-10000000000.0,0.0,-10000000000.0,0.0,-10000000000.0,1.0,0.0,0.0,-10000000000.0
bloodmnist:test:2870,e3954d0804cf22e7cffdf27af0cbc073165adaa864ebdc7bae972bf04af86e45,bloodmnist_demo,1729,test,5,4,1.1205703832090563,0.0,-10000000000.0,0.0,-10000000000.0,0.0,-10000000000.0,0.0,-10000000000.0,1.0,0.0,0.0,-10000000000.0
bloodmnist:test:2871,8a328b26fcae2ef7352c9ce97382bed07c592b0fa6898d97784bb8578295e011,bloodmnist_demo,1729,test,1,4,1.1205703832090563,0.0,-10000000000.0,0.0,-10000000000.0,0.0,-10000000000.0,0.0,-10000000000.0,1.0,0.0,0.0,-10000000000.0
bloodmnist:test:2872,fc7791f515bcad2ec5df1c47cf5216b010937f005762b991e8431eeaa6f30071,bloodmnist_demo,1729,test,0,4,1.1205703832090563,0.0,-10000000000.0,0.0,-10000000000.0,0.0,-10000000000.0,0.0,-10000000000.0,1.0,0.0,0.0,-10000000000.0
bloodmnist:test:2873,b084c875c8ac5e97b441d9a3006b0ac7badcf50ede93a40070ad49ed430a69c2,bloodmnist_demo,1729,test,4,4,1.1205703832090563,0.0,-10000000000.0,0.0,-10000000000.0,0.0,-10000000000.0,0.0,-10000000000.0,1.0,0.0,0.0,-10000000000.0
bloodmnist:test:2875,47eb49b1dc2bf1e7eb7883571df8c0b35be3c1d9847833d581a74b5be84b3da1,bloodmnist_demo,1729,test,1,4,1.1205703832090563,0.0,-10000000000.0,0.0,-10000000000.0,0.0,-10000000000.0,0.0,-10000000000.0,1.0,0.0,0.0,-10000000000.0
bloodmnist:test:2876,b2d0b7d4e6f5f2260d48385548361e5ffbcb5e9a1de2cd1b09f8902f8f16ecc0,bloodmnist_demo,1729,test,0,4,1.1205703832090563,0.0,-10000000000.0,0.0,-10000000000.0,0.0,-10000000000.0,0.0,-10000000000.0,1.0,0.0,0.0,-10000000000.0
bloodmnist:test:2878,195bcfc07a16b0c2309c88745418af97a9d8b7b8133b0ef6793b955725421e11,bloodmnist_demo,1729,test,3,4,1.1205703832090563,0.0,-10000000000.0,0.0,-10000000000.0,0.0,-10000000000.0,0.0,-10000000000.0,1.0,0.0,0.0,-10000000000.0
bloodmnist:test:2882,67d39e6b28b487178c04889eccf08cf65fe4f342bdc020ae9459dbc0b5bffa7c,bloodmnist_demo,1729,test,4,4,1.1205703832090563,0.0,-10000000000.0,0.0,-10000000000.0,0.0,-10000000000.0,0.0,-10000000000.0,1.0,0.0,0.0,-10000000000.0
bloodmnist:test:2883,aeb96bb391b86e37d3ad85ff03831697b6dd7d4b1d073fb031165e1fe14b3982,bloodmnist_demo,1729,test,3,4,1.1205703832090563,0.0,-10000000000.0,0.0,-10000000000.0,0.0,-10000000000.0,0.0,-10000000000.0,1.0,0.0,0.0,-10000000000.0
bloodmnist:test:2884,94775841df65667328c3ce5c61b921ebaa9b9e1117f8d15fdba4b2287b7c7b4e,bloodmnist_demo,1729,test,1,4,1.1205703832090563,0.0,-10000000000.0,0.0,-10000000000.0,0.0,-10000000000.0,0.0,-10000000000.0,1.0,0.0,0.0,-10000000000.0
bloodmnist:test:2885,49046101bf2d59d66da693f87bf209e379294381c19acecec98202b8a1c53a64,bloodmnist_demo,1729,test,4,4,1.1205703832090563,0.0,-10000000000.0,0.0,-10000000000.0,0.0,-10000000000.0,0.0,-10000000000.0,1.0,0.0,0.0,-10000000000.0
bloodmnist:test:2886,40ad5dbe8af0fe963236ec50322d6033bb998a4e8028be5297e913c17e542367,bloodmnist_demo,1729,test,3,4,1.1205703832090563,0.0,-10000000000.0,0.0,-10000000000.0,0.0,-10000000000.0,0.0,-10000000000.0,1.0,0.0,0.0,-10000000000.0
bloodmnist:test:2887,e97a46b1b50b02595fc86d2be84755b623b8386c5e4a1526a37bfdeb0e26f7d4,bloodmnist_demo,1729,test,5,4,1.1205703832090563,0.0,-10000000000.0,0.0,-10000000000.0,0.0,-10000000000.0,0.0,-10000000000.0,1.0,0.0,0.0,-10000000000.0
bloodmnist:test:2888,b4cfa97d10105fb8799034a7111f38e229091db81f4aab9d773d51e9b68c4d87,bloodmnist_demo,1729,test,4,4,1.1205703832090563,0.0,-10000000000.0,0.0,-10000000000.0,0.0,-10000000000.0,0.0,-10000000000.0,1.0,0.0,0.0,-10000000000.0
bloodmnist:test:2889,dbba41e8bbd15c4d5f2fce10bbce02fe81480fdf457fd56b6267d9e4a2f4d604,bloodmnist_demo,1729,test,1,4,1.1205703832090563,0.0,-10000000000.0,0.0,-10000000000.0,0.0,-10000000000.0,0.0,-10000000000.0,1.0,0.0,0.0,-10000000000.0
bloodmnist:test:2890,817920f57e940b16eef0f14255a9007db56bd2326f00b2d234551b541d2f2fd2,bloodmnist_demo,1729,test,1,4,1.1205703832090563,0.0,-10000000000.0,0.0,-10000000000.0,0.0,-10000000000.0,0.0,-10000000000.0,1.0,0.0,0.0,-10000000000.0
bloodmnist:test:2892,1f4155d3e577deb91bf812cf5a499435f0108ec5e250b2bbe6dfc1613dfdc84e,bloodmnist_demo,1729,test,3,4,1.1205703832090563,0.0,-10000000000.0,0.0,-10000000000.0,0.0,-10000000000.0,0.0,-10000000000.0,1.0,0.0,0.0,-10000000000.0
bloodmnist:test:2894,95a94b34978323ce75e363266689aa487c8546a003b53e471f9ac6078dc13773,bloodmnist_demo,1729,test,3,4,1.1205703832090563,0.0,-10000000000.0,0.0,-10000000000.0,0.0,-10000000000.0,0.0,-10000000000.0,1.0,0.0,0.0,-10000000000.0
bloodmnist:test:2895,215b2f8b872fba42ea4d430ad357a23883f8b65b0d1a3d454486555a5fee758b,bloodmnist_demo,1729,test,2,4,1.1205703832090563,0.0,-10000000000.0,0.0,-10000000000.0,0.0,-10000000000.0,0.0,-10000000000.0,1.0,0.0,0.0,-10000000000.0
bloodmnist:test:2897,edf8388c562eefd7af7e71063ab1207d3eb4dd43525cb9a3f99aba14a5669332,bloodmnist_demo,1729,test,0,4,1.1205703832090563,0.0,-10000000000.0,0.0,-10000000000.0,0.0,-10000000000.0,0.0,-10000000000.0,1.0,0.0,0.0,-10000000000.0
bloodmnist:test:2900,c557fb30821752096a11eb6decc28d7613ee1d7b59dc2f39682e054a887aae0a,bloodmnist_demo,1729,test,4,4,1.1205703832090563,0.0,-10000000000.0,0.0,-10000000000.0,0.0,-10000000000.0,0.0,-10000000000.0,1.0,0.0,0.0,-10000000000.0
bloodmnist:test:2902,a3f0bf8510c797f6eefcc0bd7d9e785e825b26b6b080f1126a536c6d9e3699c6,bloodmnist_demo,1729,test,1,4,1.1205703832090563,0.0,-10000000000.0,0.0,-10000000000.0,0.0,-10000000000.0,0.0,-10000000000.0,1.0,0.0,0.0,-10000000000.0
bloodmnist:test:2903,d064436a0ad5d587dd0f08475e9df9a52642ce2881124c84dbf9c99a01efce65,bloodmnist_demo,1729,test,1,4,1.1205703832090563,0.0,-10000000000.0,0.0,-10000000000.0,0.0,-10000000000.0,0.0,-10000000000.0,1.0,0.0,0.0,-10000000000.0
bloodmnist:test:2905,ab4f08134c5de6a687b8caf8721c22915bd10afaefff6f10db01b0086ff80e7c,bloodmnist_demo,1729,test,0,4,1.1205703832090563,0.0,-10000000000.0,0.0,-10000000000.0,0.0,-10000000000.0,0.0,-10000000000.0,1.0,0.0,0.0,-10000000000.0
bloodmnist:test:2906,e7f496134e432789e74b0777e9f527de231e279f444100070b5fbaf19d558f6d,bloodmnist_demo,1729,test,0,4,1.1205703832090563,0.0,-10000000000.0,0.0,-10000000000.0,0.0,-10000000000.0,0.0,-10000000000.0,1.0,0.0,0.0,-10000000000.0
bloodmnist:test:2907,5f8adbcb78e1b09facd037830613a929bc2cb30c6f11810156c440bb1c0a2c29,bloodmnist_demo,1729,test,4,4,1.1205703832090563,0.0,-10000000000.0,0.0,-10000000000.0,0.0,-10000000000.0,0.0,-10000000000.0,1.0,0.0,0.0,-10000000000.0
bloodmnist:test:2910,be3546d523ab81f6014f5ffaf8227427953e113b8d42f1748c19e38a475a09cf,bloodmnist_demo,1729,test,1,4,1.1205703832090563,0.0,-10000000000.0,0.0,-10000000000.0,0.0,-10000000000.0,0.0,-10000000000.0,1.0,0.0,0.0,-10000000000.0
bloodmnist:test:2912,af4510f9eb75fff7580bf78805eccddd9f93da13188fd7408ae6c6d96a2bf4e5,bloodmnist_demo,1729,test,4,4,1.1205703832090563,0.0,-10000000000.0,0.0,-10000000000.0,0.0,-10000000000.0,0.0,-10000000000.0,1.0,0.0,0.0,-10000000000.0
bloodmnist:test:2914,8dcfaaec62be0bcb0b6f6962da6aa146ee9b5e26d687b5ca3c5423ec0561e991,bloodmnist_demo,1729,test,3,4,1.1205703832090563,0.0,-10000000000.0,0.0,-10000000000.0,0.0,-10000000000.0,0.0,-10000000000.0,1.0,0.0,0.0,-10000000000.0
bloodmnist:test:2915,4e68c7f0b4d699c6d2af33b60dbbf6fdafb0f7e170e392878bc6c87a27a911e8,bloodmnist_demo,1729,test,1,4,1.1205703832090563,0.0,-10000000000.0,0.0,-10000000000.0,0.0,-10000000000.0,0.0,-10000000000.0,1.0,0.0,0.0,-10000000000.0
bloodmnist:test:2916,35ce6ed2f6ae3b869369f6d3962aa1e089632eab7adbf554c35456c50d901c64,bloodmnist_demo,1729,test,4,4,1.1205703832090563,0.0,-10000000000.0,0.0,-10000000000.0,0.0,-10000000000.0,0.0,-10000000000.0,1.0,0.0,0.0,-10000000000.0
bloodmnist:test:2917,faa64e2075df1b32210252f06d951f20c7676b7799c55f756edd00e9086b98f2,bloodmnist_demo,1729,test,4,4,1.1205703832090563,0.0,-10000000000.0,0.0,-10000000000.0,0.0,-10000000000.0,0.0,-10000000000.0,1.0,0.0,0.0,-10000000000.0
bloodmnist:test:2918,6e9029d5400b5e4cff02c770cd65709bec7eeb26fc58d224acc09a7013bc9645,bloodmnist_demo,1729,test,4,4,1.1205703832090563,0.0,-10000000000.0,0.0,-10000000000.0,0.0,-10000000000.0,0.0,-10000000000.0,1.0,0.0,0.0,-10000000000.0
bloodmnist:test:2919,a91b2949cbbfab5b000abbc81c57b0812edc6c267a5648f6ee281582e5afc656,bloodmnist_demo,1729,test,4,4,1.1205703832090563,0.0,-10000000000.0,0.0,-10000000000.0,0.0,-10000000000.0,0.0,-10000000000.0,1.0,0.0,0.0,-10000000000.0
bloodmnist:test:2920,695886bd56ffb611ee7ae3c03e46272ce9ecda4e6267d0e3c9d1412cdcd1186d,bloodmnist_demo,1729,test,3,4,1.1205703832090563,0.0,-10000000000.0,0.0,-10000000000.0,0.0,-10000000000.0,0.0,-10000000000.0,1.0,0.0,0.0,-10000000000.0
bloodmnist:test:2921,3d1ddcc3b0e884906276b705970cbcfa43ff75cc9c3c11504181c658507515fe,bloodmnist_demo,1729,test,5,4,1.1205703832090563,0.0,-10000000000.0,0.0,-10000000000.0,0.0,-10000000000.0,0.0,-10000000000.0,1.0,0.0,0.0,-10000000000.0
bloodmnist:test:2923,9f6eb32affa499f6f73e01de5c863592f83276f5c14d2035fab322af3bdd48b6,bloodmnist_demo,1729,test,2,4,1.1205703832090563,0.0,-10000000000.0,0.0,-10000000000.0,0.0,-10000000000.0,0.0,-10000000000.0,1.0,0.0,0.0,-10000000000.0
bloodmnist:test:2924,19ed2d61d28b237fc570ba624a5a8967e29ae3fa03e6a4d728fccd57e721146a,bloodmnist_demo,1729,test,2,4,1.1205703832090563,0.0,-10000000000.0,0.0,-10000000000.0,0.0,-10000000000.0,0.0,-10000000000.0,1.0,0.0,0.0,-10000000000.0
bloodmnist:test:2925,904b5c2f959a5dd4a94db611e392e51a113ee30a521ffde1e81c4959aeb1162f,bloodmnist_demo,1729,test,3,4,1.1205703832090563,0.0,-10000000000.0,0.0,-10000000000.0,0.0,-10000000000.0,0.0,-10000000000.0,1.0,0.0,0.0,-10000000000.0
bloodmnist:test:2926,3f5915495dd7e5c4b4a6045fd1b44cda2725f29ec998454bb81740055dc7b3c5,bloodmnist_demo,1729,test,5,4,1.1205703832090563,0.0,-10000000000.0,0.0,-10000000000.0,0.0,-10000000000.0,0.0,-10000000000.0,1.0,0.0,0.0,-10000000000.0
bloodmnist:test:2927,9d97b22f2bb69b9a31900a1ec29f762a96a6e253c8795e7109c186dfa1a091b5,bloodmnist_demo,1729,test,4,4,1.1205703832090563,0.0,-10000000000.0,0.0,-10000000000.0,0.0,-10000000000.0,0.0,-10000000000.0,1.0,0.0,0.0,-10000000000.0
bloodmnist:test:2928,aaa9ed06e126ae639c5a55ddff777b72879126b869e7cf59e28f546558ac9ebc,bloodmnist_demo,1729,test,5,4,1.1205703832090563,0.0,-10000000000.0,0.0,-10000000000.0,0.0,-10000000000.0,0.0,-10000000000.0,1.0,0.0,0.0,-10000000000.0
bloodmnist:test:2931,041c6015fda6c17dd396c6cd59a977c005393c0a3fd0336f4c0936ca7779493d,bloodmnist_demo,1729,test,1,4,1.1205703832090563,0.0,-10000000000.0,0.0,-10000000000.0,0.0,-10000000000.0,0.0,-10000000000.0,1.0,0.0,0.0,-10000000000.0
bloodmnist:test:2932,b94f20b64817f00d9ae2c445742f84b140cb77f7cfd67dd71db7428bc84b8470,bloodmnist_demo,1729,test,4,4,1.1205703832090563,0.0,-10000000000.0,0.0,-10000000000.0,0.0,-10000000000.0,0.0,-10000000000.0,1.0,0.0,0.0,-10000000000.0
bloodmnist:test:2933,35f8c546029240911daf96b41a6646f260da6fbc1cf5b529b6e28e57d81a8c4e,bloodmnist_demo,1729,test,5,4,1.1205703832090563,0.0,-10000000000.0,0.0,-10000000000.0,0.0,-10000000000.0,0.0,-10000000000.0,1.0,0.0,0.0,-10000000000.0
bloodmnist:test:2934,822374324f841b64e55b3996637126e8c77ea95e3442b3d097ee4d509c06b288,bloodmnist_demo,1729,test,1,4,1.1205703832090563,0.0,-10000000000.0,0.0,-10000000000.0,0.0,-10000000000.0,0.0,-10000000000.0,1.0,0.0,0.0,-10000000000.0
bloodmnist:test:2935,adcea729661b5a6f9524476459da565dd2eb1f1b715975174d059b3a13075c93,bloodmnist_demo,1729,test,3,4,1.1205703832090563,0.0,-10000000000.0,0.0,-10000000000.0,0.0,-10000000000.0,0.0,-10000000000.0,1.0,0.0,0.0,-10000000000.0
bloodmnist:test:2936,4437bd33b112add50deba8d26eb797b90d82e3d8e842c80f9975420ff70ba45d,bloodmnist_demo,1729,test,0,4,1.1205703832090563,0.0,-10000000000.0,0.0,-10000000000.0,0.0,-10000000000.0,0.0,-10000000000.0,1.0,0.0,0.0,-10000000000.0
bloodmnist:test:2937,54f6359e533445ccbca6dde8006ce667dc7b21d97a3e0df1528163d49bc21b48,bloodmnist_demo,1729,test,2,4,1.1205703832090563,0.0,-10000000000.0,0.0,-10000000000.0,0.0,-10000000000.0,0.0,-10000000000.0,1.0,0.0,0.0,-10000000000.0
bloodmnist:test:2940,8b663d2cf1df4d775a41d23c5e6dcdb81085950c3118a34b68d40046a932caa6,bloodmnist_demo,1729,test,4,4,1.1205703832090563,0.0,-10000000000.0,0.0,-10000000000.0,0.0,-10000000000.0,0.0,-10000000000.0,1.0,0.0,0.0,-10000000000.0
bloodmnist:test:2942,6151281fcb23a74c2d2c5cddc2ecb4ef394bd1705e90b6aaccc2a76992415b05,bloodmnist_demo,1729,test,5,4,1.1205703832090563,0.0,-10000000000.0,0.0,-10000000000.0,0.0,-10000000000.0,0.0,-10000000000.0,1.0,0.0,0.0,-10000000000.0
bloodmnist:test:2943,6a053802d612ead5f2cbd4e47ba62f42607336ecc103dbd32ccbebeba06f9d6e,bloodmnist_demo,1729,test,1,4,1.1205703832090563,0.0,-10000000000.0,0.0,-10000000000.0,0.0,-10000000000.0,0.0,-10000000000.0,1.0,0.0,0.0,-10000000000.0
bloodmnist:test:2944,a0580efcb1cd050803818c31a1fa45aab979446167862c45da4100f5157d97f7,bloodmnist_demo,1729,test,2,4,1.1205703832090563,0.0,-10000000000.0,0.0,-10000000000.0,0.0,-10000000000.0,0.0,-10000000000.0,1.0,0.0,0.0,-10000000000.0
bloodmnist:test:2946,6c5bf83fd32040bfbccb1e48d26e4c540876d77761b47c4a56078196a6400add,bloodmnist_demo,1729,test,5,4,1.1205703832090563,0.0,-10000000000.0,0.0,-10000000000.0,0.0,-10000000000.0,0.0,-10000000000.0,1.0,0.0,0.0,-10000000000.0
bloodmnist:test:2947,5e92359edc79fedd76921a5ab0387558f06803ac25af8847a5efd44ec7ca6c2f,bloodmnist_demo,1729,test,4,4,1.1205703832090563,0.0,-10000000000.0,0.0,-10000000000.0,0.0,-10000000000.0,0.0,-10000000000.0,1.0,0.0,0.0,-10000000000.0
bloodmnist:test:2948,1ff43f414142b81d115805537174d53394ab88cc76d4c168d6b177516f48b199,bloodmnist_demo,1729,test,5,4,1.1205703832090563,0.0,-10000000000.0,0.0,-10000000000.0,0.0,-10000000000.0,0.0,-10000000000.0,1.0,0.0,0.0,-10000000000.0
bloodmnist:test:2949,4d5783611315b941e6d38f28794768a06be205a9a244f685542cb1b56fcddb60,bloodmnist_demo,1729,test,4,4,1.1205703832090563,0.0,-10000000000.0,0.0,-10000000000.0,0.0,-10000000000.0,0.0,-10000000000.0,1.0,0.0,0.0,-10000000000.0
bloodmnist:test:2950,cee06c8b46b9e1947185bfa7e0c63d75703966128b301a135ec3b344b8d316c0,bloodmnist_demo,1729,test,5,4,1.1205703832090563,0.0,-10000000000.0,0.0,-10000000000.0,0.0,-10000000000.0,0.0,-10000000000.0,1.0,0.0,0.0,-10000000000.0
bloodmnist:test:2951,5c70c2a3f53b7a995900abfbce5dbbafae61814c1d88655208e15f414b8a002e,bloodmnist_demo,1729,test,3,4,1.1205703832090563,0.0,-10000000000.0,0.0,-10000000000.0,0.0,-10000000000.0,0.0,-10000000000.0,1.0,0.0,0.0,-10000000000.0
bloodmnist:test:2952,e7a3ecc39d620fefac6b7db733331cc0e32116ff1619a4d617c60bfa05925176,bloodmnist_demo,1729,test,1,4,1.1205703832090563,0.0,-10000000000.0,0.0,-10000000000.0,0.0,-10000000000.0,0.0,-10000000000.0,1.0,0.0,0.0,-10000000000.0
bloodmnist:test:2953,4c5de75f23db91cc9f1e0dbeead967e260b9455397396d6013894ffe8d335202,bloodmnist_demo,1729,test,5,4,1.1205703832090563,0.0,-10000000000.0,0.0,-10000000000.0,0.0,-10000000000.0,0.0,-10000000000.0,1.0,0.0,0.0,-10000000000.0
bloodmnist:test:2954,75642f278737330888f88e4ce572870c2c81e79218a389cc4df2a78b459d6de5,bloodmnist_demo,1729,test,1,4,1.1205703832090563,0.0,-10000000000.0,0.0,-10000000000.0,0.0,-10000000000.0,0.0,-10000000000.0,1.0,0.0,0.0,-10000000000.0
bloodmnist:test:2955,0eb8906eb5ed0efd6b3e38ef3d463e95f0c6d9fbb96f8227c0a0c77411247e26,bloodmnist_demo,1729,test,1,4,1.1205703832090563,0.0,-10000000000.0,0.0,-10000000000.0,0.0,-10000000000.0,0.0,-10000000000.0,1.0,0.0,0.0,-10000000000.0
bloodmnist:test:2956,cdc89a66496ca217a71bf3934b135f2ea0c8588af87843058fca465a7b7f3155,bloodmnist_demo,1729,test,3,4,1.1205703832090563,0.0,-10000000000.0,0.0,-10000000000.0,0.0,-10000000000.0,0.0,-10000000000.0,1.0,0.0,0.0,-10000000000.0
bloodmnist:test:2958,433de02ff4cf9748ec7ce7e18728ca7f0f0fac77934da45c4aafe11ca7300b55,bloodmnist_demo,1729,test,4,4,1.1205703832090563,0.0,-10000000000.0,0.0,-10000000000.0,0.0,-10000000000.0,0.0,-10000000000.0,1.0,0.0,0.0,-10000000000.0
bloodmnist:test:2959,334fc6b97038c9fd5236a0e6e5d47c0a8717693be25fb356f89371ed8822750b,bloodmnist_demo,1729,test,5,4,1.1205703832090563,0.0,-10000000000.0,0.0,-10000000000.0,0.0,-10000000000.0,0.0,-10000000000.0,1.0,0.0,0.0,-10000000000.0
bloodmnist:test:2960,d941b74feae38494fc662f346fd33a14a3157e355e3d6ccdd557c85715a69ad1,bloodmnist_demo,1729,test,5,4,1.1205703832090563,0.0,-10000000000.0,0.0,-10000000000.0,0.0,-10000000000.0,0.0,-10000000000.0,1.0,0.0,0.0,-10000000000.0
bloodmnist:test:2961,42f003a7c444821068139a8e9b72a2e6833357a194260e9f6b36ec06691a9ad5,bloodmnist_demo,1729,test,5,4,1.1205703832090563,0.0,-10000000000.0,0.0,-10000000000.0,0.0,-10000000000.0,0.0,-10000000000.0,1.0,0.0,0.0,-10000000000.0
bloodmnist:test:2962,6a3bd16bc214edf26767768c320bf4b20695d560077aa4862eb30192d23661d4,bloodmnist_demo,1729,test,4,4,1.1205703832090563,0.0,-10000000000.0,0.0,-10000000000.0,0.0,-10000000000.0,0.0,-10000000000.0,1.0,0.0,0.0,-10000000000.0
bloodmnist:test:2963,7cbdf482f4781662ac7a7af7e1bfc4dbcc8bfb6f4bb3b4cd72adcce093e25475,bloodmnist_demo,1729,test,2,4,1.1205703832090563,0.0,-10000000000.0,0.0,-10000000000.0,0.0,-10000000000.0,0.0,-10000000000.0,1.0,0.0,0.0,-10000000000.0
bloodmnist:test:2965,4eda9e53034d86e4a2ce88a3693e46d166db5f3e3f49fab161d1baf56d89bc3a,bloodmnist_demo,1729,test,1,4,1.1205703832090563,0.0,-10000000000.0,0.0,-10000000000.0,0.0,-10000000000.0,0.0,-10000000000.0,1.0,0.0,0.0,-10000000000.0
bloodmnist:test:2966,1df06568f44365d95a8529108d710a7cb7c561f39813ad6e807cb323214d86e0,bloodmnist_demo,1729,test,0,4,1.1205703832090563,0.0,-10000000000.0,0.0,-10000000000.0,0.0,-10000000000.0,0.0,-10000000000.0,1.0,0.0,0.0,-10000000000.0
bloodmnist:test:2967,8253fcb83b34e17b4038fba99e5db31432b8407f28d10cfa212d0a601a1b9338,bloodmnist_demo,1729,test,0,4,1.1205703832090563,0.0,-10000000000.0,0.0,-10000000000.0,0.0,-10000000000.0,0.0,-10000000000.0,1.0,0.0,0.0,-10000000000.0
bloodmnist:test:2968,19993a0f1b69c9a1c826a850dd2bc6253d813f26a757345be6add8f721b60068,bloodmnist_demo,1729,test,5,4,1.1205703832090563,0.0,-10000000000.0,0.0,-10000000000.0,0.0,-10000000000.0,0.0,-10000000000.0,1.0,0.0,0.0,-10000000000.0
bloodmnist:test:2969,bc9ca0c9e142b028a040cd5a2786faf494eb5a00fa297aff82f47e30c8571802,bloodmnist_demo,1729,test,1,4,1.1205703832090563,0.0,-10000000000.0,0.0,-10000000000.0,0.0,-10000000000.0,0.0,-10000000000.0,1.0,0.0,0.0,-10000000000.0
bloodmnist:test:2970,bf01d53e53e4395c98b07083bacb5cb7ab15f5a2a8bb5a55c0847e1f08ab165a,bloodmnist_demo,1729,test,4,4,1.1205703832090563,0.0,-10000000000.0,0.0,-10000000000.0,0.0,-10000000000.0,0.0,-10000000000.0,1.0,0.0,0.0,-10000000000.0
bloodmnist:test:2971,9a51b99ef8643f7c2a735098c0487192aa038e6a4b85114bfc161721415f0495,bloodmnist_demo,1729,test,1,4,1.1205703832090563,0.0,-10000000000.0,0.0,-10000000000.0,0.0,-10000000000.0,0.0,-10000000000.0,1.0,0.0,0.0,-10000000000.0
bloodmnist:test:2972,82dfe16e38ad77560ebef8b1751f8f556d9e658df9d0011f699ea4fe04fdad90,bloodmnist_demo,1729,test,3,4,1.1205703832090563,0.0,-10000000000.0,0.0,-10000000000.0,0.0,-10000000000.0,0.0,-10000000000.0,1.0,0.0,0.0,-10000000000.0
bloodmnist:test:2973,d9b4f0de2ae0930433a65f51eb01c52bfb37aaaac39db88317cd6806baa881f9,bloodmnist_demo,1729,test,5,4,1.1205703832090563,0.0,-10000000000.0,0.0,-10000000000.0,0.0,-10000000000.0,0.0,-10000000000.0,1.0,0.0,0.0,-10000000000.0
bloodmnist:test:2974,c947a57e46dc6d2ce1dc18a9e0dbbe1a47623d7c7ab707d14fb0e17223e7e642,bloodmnist_demo,1729,test,1,4,1.1205703832090563,0.0,-10000000000.0,0.0,-10000000000.0,0.0,-10000000000.0,0.0,-10000000000.0,1.0,0.0,0.0,-10000000000.0
bloodmnist:test:2975,c13dcfbc106a5babe70a4206834480b5ae97097f2e1e30d2370ad03af7f7026f,bloodmnist_demo,1729,test,4,4,1.1205703832090563,0.0,-10000000000.0,0.0,-10000000000.0,0.0,-10000000000.0,0.0,-10000000000.0,1.0,0.0,0.0,-10000000000.0
bloodmnist:test:2977,a841da7d1f33e6fc88fef7bc48f4d6109e03de5ffcaa859ba4fe3551afd3e30c,bloodmnist_demo,1729,test,2,4,1.1205703832090563,0.0,-10000000000.0,0.0,-10000000000.0,0.0,-10000000000.0,0.0,-10000000000.0,1.0,0.0,0.0,-10000000000.0
bloodmnist:test:2978,9c8011d79643347fe9125fc7c4db870793bb58357e8638e91b6e3190810a63f1,bloodmnist_demo,1729,test,4,4,1.1205703832090563,0.0,-10000000000.0,0.0,-10000000000.0,0.0,-10000000000.0,0.0,-10000000000.0,1.0,0.0,0.0,-10000000000.0
bloodmnist:test:2979,ff72118f4ab3b2f8ea28f20adca24e21b7668eefb2702aeca2f33ddd9fdf206f,bloodmnist_demo,1729,test,3,4,1.1205703832090563,0.0,-10000000000.0,0.0,-10000000000.0,0.0,-10000000000.0,0.0,-10000000000.0,1.0,0.0,0.0,-10000000000.0
bloodmnist:test:2980,41d1f833cf9d8ad8645ba5f6e3af52ca894a3b3482966298a2675f5fffae3453,bloodmnist_demo,1729,test,3,4,1.1205703832090563,0.0,-10000000000.0,0.0,-10000000000.0,0.0,-10000000000.0,0.0,-10000000000.0,1.0,0.0,0.0,-10000000000.0
bloodmnist:test:2982,60b88ca29221fca937f13bbf27ac6b36aaa9c0c8f5fbcb715da6b1d065e7c0ec,bloodmnist_demo,1729,test,4,4,1.1205703832090563,0.0,-10000000000.0,0.0,-10000000000.0,0.0,-10000000000.0,0.0,-10000000000.0,1.0,0.0,0.0,-10000000000.0
bloodmnist:test:2986,8b82e7e67391710f3cb5bf764596323486cfa83590355f8f5a8df0b6d9ec2144,bloodmnist_demo,1729,test,5,4,1.1205703832090563,0.0,-10000000000.0,0.0,-10000000000.0,0.0,-10000000000.0,0.0,-10000000000.0,1.0,0.0,0.0,-10000000000.0
bloodmnist:test:2987,949b05015c5f1c7ac2e59557453e4da32ac5a0ae0eb0c48c19e1ad47664631af,bloodmnist_demo,1729,test,0,4,1.1205703832090563,0.0,-10000000000.0,0.0,-10000000000.0,0.0,-10000000000.0,0.0,-10000000000.0,1.0,0.0,0.0,-10000000000.0
bloodmnist:test:2989,a3f785fc571b9b76de2e72ed15f6dcf06fd6ab884d0048a5ce3108a51ec47cae,bloodmnist_demo,1729,test,1,4,1.1205703832090563,0.0,-10000000000.0,0.0,-10000000000.0,0.0,-10000000000.0,0.0,-10000000000.0,1.0,0.0,0.0,-10000000000.0
bloodmnist:test:2990,4577780750fbb7f46c4b96febdfb768a4a39143d8f423827dd0b82e12665844c,bloodmnist_demo,1729,test,1,4,1.1205703832090563,0.0,-10000000000.0,0.0,-10000000000.0,0.0,-10000000000.0,0.0,-10000000000.0,1.0,0.0,0.0,-10000000000.0
bloodmnist:test:2991,d1c48ff0bba94b89a6c44f6cce12a7173df8e46f2a3cd9c55f44f486f2efc825,bloodmnist_demo,1729,test,4,4,1.1205703832090563,0.0,-10000000000.0,0.0,-10000000000.0,0.0,-10000000000.0,0.0,-10000000000.0,1.0,0.0,0.0,-10000000000.0
bloodmnist:test:2992,90cb549596ff97d25191bf8703f963a1d835bbe3ba66f440eac3fdf8201419b1,bloodmnist_demo,1729,test,1,4,1.1205703832090563,0.0,-10000000000.0,0.0,-10000000000.0,0.0,-10000000000.0,0.0,-10000000000.0,1.0,0.0,0.0,-10000000000.0
bloodmnist:test:2993,a3e6293aac5baaec1a84130f025151a0c7f39a60b0708ebc826f215f47f72929,bloodmnist_demo,1729,test,1,4,1.1205703832090563,0.0,-10000000000.0,0.0,-10000000000.0,0.0,-10000000000.0,0.0,-10000000000.0,1.0,0.0,0.0,-10000000000.0
bloodmnist:test:2994,db2798813247b7077cea5178a2cddd195e49d5a1d4e09059465685f5ce5f915f,bloodmnist_demo,1729,test,1,4,1.1205703832090563,0.0,-10000000000.0,0.0,-10000000000.0,0.0,-10000000000.0,0.0,-10000000000.0,1.0,0.0,0.0,-10000000000.0
bloodmnist:test:2995,c11827c511dab4e6bcd98f69d5ef1a3fb564aba67f6ec22f58ef5be0f230a63b,bloodmnist_demo,1729,test,4,4,1.1205703832090563,0.0,-10000000000.0,0.0,-10000000000.0,0.0,-10000000000.0,0.0,-10000000000.0,1.0,0.0,0.0,-10000000000.0
bloodmnist:test:2996,bd302d90c812a9fead7e0b632159fdb9892568c40a42de658e1dd559d73b7fdf,bloodmnist_demo,1729,test,1,4,1.1205703832090563,0.0,-10000000000.0,0.0,-10000000000.0,0.0,-10000000000.0,0.0,-10000000000.0,1.0,0.0,0.0,-10000000000.0
bloodmnist:test:2997,6d95e8b9026b5afcfcecfd51fe826d8c79c533581c58717b759400681531ca9c,bloodmnist_demo,1729,test,1,4,1.1205703832090563,0.0,-10000000000.0,0.0,-10000000000.0,0.0,-10000000000.0,0.0,-10000000000.0,1.0,0.0,0.0,-10000000000.0
bloodmnist:test:2998,57633a2eb191163c37c364449f660462d56de7edf3fb7bffe79dedeae3dd9a6d,bloodmnist_demo,1729,test,3,4,1.1205703832090563,0.0,-10000000000.0,0.0,-10000000000.0,0.0,-10000000000.0,0.0,-10000000000.0,1.0,0.0,0.0,-10000000000.0
bloodmnist:test:2999,0519e4afac17c2f6d1107ada9610d9cf2ab7944dca3f02d9c8ab563c3fcf961d,bloodmnist_demo,1729,test,1,4,1.1205703832090563,0.0,-10000000000.0,0.0,-10000000000.0,0.0,-10000000000.0,0.0,-10000000000.0,1.0,0.0,0.0,-10000000000.0
bloodmnist:test:3001,7246552d5a1178bcca7e76ac5bde00db5c5c3297d78fd306295e4c62ae302a5d,bloodmnist_demo,1729,test,1,4,1.1205703832090563,0.0,-10000000000.0,0.0,-10000000000.0,0.0,-10000000000.0,0.0,-10000000000.0,1.0,0.0,0.0,-10000000000.0
bloodmnist:test:3002,7c3beb04e3cc64a252bc096c0e80fec3f2530b7f8267b450b39baef74c5f7e6b,bloodmnist_demo,1729,test,1,4,1.1205703832090563,0.0,-10000000000.0,0.0,-10000000000.0,0.0,-10000000000.0,0.0,-10000000000.0,1.0,0.0,0.0,-10000000000.0
bloodmnist:test:3005,97232adbe451bf3404e042f1eb21dbfd590200fcb674c23b967961473f2b4172,bloodmnist_demo,1729,test,5,4,1.1205703832090563,0.0,-10000000000.0,0.0,-10000000000.0,0.0,-10000000000.0,0.0,-10000000000.0,1.0,0.0,0.0,-10000000000.0
bloodmnist:test:3006,b40a4bba8f789d03f8e3f840eb175ed9970af2d2474d5e1ba53f24d1ed2d2c40,bloodmnist_demo,1729,test,5,4,1.1205703832090563,0.0,-10000000000.0,0.0,-10000000000.0,0.0,-10000000000.0,0.0,-10000000000.0,1.0,0.0,0.0,-10000000000.0
bloodmnist:test:3007,40814f6a0a23642ab805601c95eee38998d83fb90ef54dc64ba706fa3471dafb,bloodmnist_demo,1729,test,4,4,1.1205703832090563,0.0,-10000000000.0,0.0,-10000000000.0,0.0,-10000000000.0,0.0,-10000000000.0,1.0,0.0,0.0,-10000000000.0
bloodmnist:test:3008,b3318a884ee8d51fd256b31beca814c8ca732380d0778906efa51403aacbb1dc,bloodmnist_demo,1729,test,4,4,1.1205703832090563,0.0,-10000000000.0,0.0,-10000000000.0,0.0,-10000000000.0,0.0,-10000000000.0,1.0,0.0,0.0,-10000000000.0
bloodmnist:test:3010,a29aef484656dd103517e5f2845dd19b923f248f0d4c6a0a78169caefad38ba8,bloodmnist_demo,1729,test,4,4,1.1205703832090563,0.0,-10000000000.0,0.0,-10000000000.0,0.0,-10000000000.0,0.0,-10000000000.0,1.0,0.0,0.0,-10000000000.0
bloodmnist:test:3012,5fdeff84eeffb1bbfca005ae425048e4b54f1cc024f3c163da434d3e0533b3dd,bloodmnist_demo,1729,test,4,4,1.1205703832090563,0.0,-10000000000.0,0.0,-10000000000.0,0.0,-10000000000.0,0.0,-10000000000.0,1.0,0.0,0.0,-10000000000.0
bloodmnist:test:3013,e832f09f27f320809a1d952bf50afbd1c8acc8b9eb970482bdf2d8e192079a8a,bloodmnist_demo,1729,test,1,4,1.1205703832090563,0.0,-10000000000.0,0.0,-10000000000.0,0.0,-10000000000.0,0.0,-10000000000.0,1.0,0.0,0.0,-10000000000.0
bloodmnist:test:3014,11cf5ed12f5959029d5f909c0d7852b0f4934c8361e0d13005509118d32f1269,bloodmnist_demo,1729,test,4,4,1.1205703832090563,0.0,-10000000000.0,0.0,-10000000000.0,0.0,-10000000000.0,0.0,-10000000000.0,1.0,0.0,0.0,-10000000000.0
bloodmnist:test:3015,9f2b1ef1748ae1da6a7ff6acfa30335e0fc0f72828046db8f24d6fe148539acd,bloodmnist_demo,1729,test,5,4,1.1205703832090563,0.0,-10000000000.0,0.0,-10000000000.0,0.0,-10000000000.0,0.0,-10000000000.0,1.0,0.0,0.0,-10000000000.0
bloodmnist:test:3017,b5bc28b4084435c93276a7bcfb410a0771fea534a3115a7d4f93335d7fe78449,bloodmnist_demo,1729,test,5,4,1.1205703832090563,0.0,-10000000000.0,0.0,-10000000000.0,0.0,-10000000000.0,0.0,-10000000000.0,1.0,0.0,0.0,-10000000000.0
bloodmnist:test:3018,d43a0b293d358758be21381adb4e06d780b4f2c1625ffe82f8152426d3d3940e,bloodmnist_demo,1729,test,0,4,1.1205703832090563,0.0,-10000000000.0,0.0,-10000000000.0,0.0,-10000000000.0,0.0,-10000000000.0,1.0,0.0,0.0,-10000000000.0
bloodmnist:test:3020,4d416a3e69ff689714dadd7f04c7969d5d56aba8e7444603f96638056e7471f8,bloodmnist_demo,1729,test,1,4,1.1205703832090563,0.0,-10000000000.0,0.0,-10000000000.0,0.0,-10000000000.0,0.0,-10000000000.0,1.0,0.0,0.0,-10000000000.0
bloodmnist:test:3021,6d2ad8ea277a249b00b2ac9468208230e2ba6ff2d836e7d2232fcaa6f5f216c9,bloodmnist_demo,1729,test,4,4,1.1205703832090563,0.0,-10000000000.0,0.0,-10000000000.0,0.0,-10000000000.0,0.0,-10000000000.0,1.0,0.0,0.0,-10000000000.0
bloodmnist:test:3022,ea50397044355f6cc7a42927cda1651c9ad24ed4d1b4e303d07182c01fe53593,bloodmnist_demo,1729,test,4,4,1.1205703832090563,0.0,-10000000000.0,0.0,-10000000000.0,0.0,-10000000000.0,0.0,-10000000000.0,1.0,0.0,0.0,-10000000000.0
bloodmnist:test:3024,e7d4cfc8f0bbddec31f4e93fa925f4fafa4975230c2c2c9952cc4c710b46fc49,bloodmnist_demo,1729,test,5,4,1.1205703832090563,0.0,-10000000000.0,0.0,-10000000000.0,0.0,-10000000000.0,0.0,-10000000000.0,1.0,0.0,0.0,-10000000000.0
bloodmnist:test:3025,b89c4ab71fed19a4828ced69a5bddd1cdf5d1cfff5e2e93df25fe2a0485bae06,bloodmnist_demo,1729,test,5,4,1.1205703832090563,0.0,-10000000000.0,0.0,-10000000000.0,0.0,-10000000000.0,0.0,-10000000000.0,1.0,0.0,0.0,-10000000000.0
bloodmnist:test:3026,727dbe282e1cbd43411f9966418c65692c76a1c2997e52fc9e1dceb402b3b8c9,bloodmnist_demo,1729,test,0,4,1.1205703832090563,0.0,-10000000000.0,0.0,-10000000000.0,0.0,-10000000000.0,0.0,-10000000000.0,1.0,0.0,0.0,-10000000000.0
bloodmnist:test:3027,d4ee40457b23a2bba3fd48fb7811b8f6bb22526287682c6cd886ac1f557df334,bloodmnist_demo,1729,test,0,4,1.1205703832090563,0.0,-10000000000.0,0.0,-10000000000.0,0.0,-10000000000.0,0.0,-10000000000.0,1.0,0.0,0.0,-10000000000.0
bloodmnist:test:3028,ab913861eb525fa8a416ba22f658064329ecdfac83e0c82ae243ec60cd5bafa9,bloodmnist_demo,1729,test,2,4,1.1205703832090563,0.0,-10000000000.0,0.0,-10000000000.0,0.0,-10000000000.0,0.0,-10000000000.0,1.0,0.0,0.0,-10000000000.0
bloodmnist:test:3030,d4b03b715a41a7dc5d63eb96ab3bc6999f7110d68704ee1b2e051c11c99ae303,bloodmnist_demo,1729,test,4,4,1.1205703832090563,0.0,-10000000000.0,0.0,-10000000000.0,0.0,-10000000000.0,0.0,-10000000000.0,1.0,0.0,0.0,-10000000000.0
bloodmnist:test:3031,adc14d233a3f0439ce4f40e82cbc76a7d91bda41bf23bd487fe7190de8f60c1b,bloodmnist_demo,1729,test,5,4,1.1205703832090563,0.0,-10000000000.0,0.0,-10000000000.0,0.0,-10000000000.0,0.0,-10000000000.0,1.0,0.0,0.0,-10000000000.0
bloodmnist:test:3032,d9a2a588d508ab23bf1951538da8c7a315543d564a50b68c3bbff092c0e005fd,bloodmnist_demo,1729,test,2,4,1.1205703832090563,0.0,-10000000000.0,0.0,-10000000000.0,0.0,-10000000000.0,0.0,-10000000000.0,1.0,0.0,0.0,-10000000000.0
bloodmnist:test:3034,6ff9610088c9b0c24d365874620522fca0ddf8226bf22dcd60a21df698901e2e,bloodmnist_demo,1729,test,4,4,1.1205703832090563,0.0,-10000000000.0,0.0,-10000000000.0,0.0,-10000000000.0,0.0,-10000000000.0,1.0,0.0,0.0,-10000000000.0
bloodmnist:test:3035,208dd05f20aafa3ea423d96bfe2e489c412f68425d67fcb9cba5af69009940f7,bloodmnist_demo,1729,test,2,4,1.1205703832090563,0.0,-10000000000.0,0.0,-10000000000.0,0.0,-10000000000.0,0.0,-10000000000.0,1.0,0.0,0.0,-10000000000.0
bloodmnist:test:3038,c004def887ca01bd814528d385eaeeed1c378bc884d7bc3227711cc17b18e49a,bloodmnist_demo,1729,test,1,4,1.1205703832090563,0.0,-10000000000.0,0.0,-10000000000.0,0.0,-10000000000.0,0.0,-10000000000.0,1.0,0.0,0.0,-10000000000.0
bloodmnist:test:3039,db7bee74abc382570ff70111c79f1f7d08a6f962673e931bb4378c73e73e887f,bloodmnist_demo,1729,test,2,4,1.1205703832090563,0.0,-10000000000.0,0.0,-10000000000.0,0.0,-10000000000.0,0.0,-10000000000.0,1.0,0.0,0.0,-10000000000.0
bloodmnist:test:3041,2c7fec3a087e1e3c4ad8eff3a694e146dc709e5bd6435f22b9eaad6522c825ed,bloodmnist_demo,1729,test,1,4,1.1205703832090563,0.0,-10000000000.0,0.0,-10000000000.0,0.0,-10000000000.0,0.0,-10000000000.0,1.0,0.0,0.0,-10000000000.0
bloodmnist:test:3042,eb431b34f7ba8a87cf08b6ef59c169b948ba5a3d383d853d5477fa4a6fe9dcb1,bloodmnist_demo,1729,test,1,4,1.1205703832090563,0.0,-10000000000.0,0.0,-10000000000.0,0.0,-10000000000.0,0.0,-10000000000.0,1.0,0.0,0.0,-10000000000.0
bloodmnist:test:3044,a36609bb7468d04ac892c060e02ed52922206fc31ac208c0ff1213de0fc143be,bloodmnist_demo,1729,test,5,4,1.1205703832090563,0.0,-10000000000.0,0.0,-10000000000.0,0.0,-10000000000.0,0.0,-10000000000.0,1.0,0.0,0.0,-10000000000.0
bloodmnist:test:3045,8f8936bd37b00791d0045ccb954e06284ff4c94927a148bb5ac36dd306b017ca,bloodmnist_demo,1729,test,0,4,1.1205703832090563,0.0,-10000000000.0,0.0,-10000000000.0,0.0,-10000000000.0,0.0,-10000000000.0,1.0,0.0,0.0,-10000000000.0
bloodmnist:test:3046,4a9030380b03ef8ece7faf836796d7057ef3192e835a098e7f7ea21bb4a1bc18,bloodmnist_demo,1729,test,2,4,1.1205703832090563,0.0,-10000000000.0,0.0,-10000000000.0,0.0,-10000000000.0,0.0,-10000000000.0,1.0,0.0,0.0,-10000000000.0
bloodmnist:test:3047,f2f88b828046d5f9a53b5ed3c94262ec9099488abb6216eb1c70cb350b735e1f,bloodmnist_demo,1729,test,5,4,1.1205703832090563,0.0,-10000000000.0,0.0,-10000000000.0,0.0,-10000000000.0,0.0,-10000000000.0,1.0,0.0,0.0,-10000000000.0
bloodmnist:test:3048,35c6af99d256af2d5dcdde912bc0fd34fab5f4f59e3353fcce92c40d5c5c00b4,bloodmnist_demo,1729,test,5,4,1.1205703832090563,0.0,-10000000000.0,0.0,-10000000000.0,0.0,-10000000000.0,0.0,-10000000000.0,1.0,0.0,0.0,-10000000000.0
bloodmnist:test:3051,34efa23b0727bf9aa2fcd441cae653411b43f41477d61334d13830e3af18246c,bloodmnist_demo,1729,test,1,4,1.1205703832090563,0.0,-10000000000.0,0.0,-10000000000.0,0.0,-10000000000.0,0.0,-10000000000.0,1.0,0.0,0.0,-10000000000.0
bloodmnist:test:3052,42ab7cc25b68dca16ce2f30b772a9d125eefc801bc43c560892034c6227fa4a3,bloodmnist_demo,1729,test,5,4,1.1205703832090563,0.0,-10000000000.0,0.0,-10000000000.0,0.0,-10000000000.0,0.0,-10000000000.0,1.0,0.0,0.0,-10000000000.0
bloodmnist:test:3053,b78c39f0df7e4d255efbd4967c5ee5699c5a10f9491d7ff8fa59ce4fe863749f,bloodmnist_demo,1729,test,2,4,1.1205703832090563,0.0,-10000000000.0,0.0,-10000000000.0,0.0,-10000000000.0,0.0,-10000000000.0,1.0,0.0,0.0,-10000000000.0
bloodmnist:test:3054,c5b417c381fe0db369bee757cf1317e14ab0c2451c2934cc73070a9a9d3c345c,bloodmnist_demo,1729,test,4,4,1.1205703832090563,0.0,-10000000000.0,0.0,-10000000000.0,0.0,-10000000000.0,0.0,-10000000000.0,1.0,0.0,0.0,-10000000000.0
bloodmnist:test:3056,91b798fc873514ca1cb4cc90cf362c4cd76cb17ae78ada310e32ae54b4c072f0,bloodmnist_demo,1729,test,1,4,1.1205703832090563,0.0,-10000000000.0,0.0,-10000000000.0,0.0,-10000000000.0,0.0,-10000000000.0,1.0,0.0,0.0,-10000000000.0
bloodmnist:test:3057,6bc27a7e88bc4c126356c27a40afb3ac64b5610123d15efda7b719459eb3ab68,bloodmnist_demo,1729,test,3,4,1.1205703832090563,0.0,-10000000000.0,0.0,-10000000000.0,0.0,-10000000000.0,0.0,-10000000000.0,1.0,0.0,0.0,-10000000000.0
bloodmnist:test:3058,b30529208f3e76a0e4d7706846068a94b2c110aa500ad1ddd0db6243b354e033,bloodmnist_demo,1729,test,4,4,1.1205703832090563,0.0,-10000000000.0,0.0,-10000000000.0,0.0,-10000000000.0,0.0,-10000000000.0,1.0,0.0,0.0,-10000000000.0
bloodmnist:test:3059,03c42d17d3309c85c2932b4cd68df15624e8cb101555bda54ecc8cc6d7a6b21d,bloodmnist_demo,1729,test,1,4,1.1205703832090563,0.0,-10000000000.0,0.0,-10000000000.0,0.0,-10000000000.0,0.0,-10000000000.0,1.0,0.0,0.0,-10000000000.0
bloodmnist:test:3062,63c8079ab66f31aff802a3d68d791f6a90114a2b2a489314c1812da668c3afcd,bloodmnist_demo,1729,test,1,4,1.1205703832090563,0.0,-10000000000.0,0.0,-10000000000.0,0.0,-10000000000.0,0.0,-10000000000.0,1.0,0.0,0.0,-10000000000.0
bloodmnist:test:3063,37e6006d02c6c9b76e51fa3b437304e010e8ae1d9b234cef6cc2bb8aefbd5ea1,bloodmnist_demo,1729,test,1,4,1.1205703832090563,0.0,-10000000000.0,0.0,-10000000000.0,0.0,-10000000000.0,0.0,-10000000000.0,1.0,0.0,0.0,-10000000000.0
bloodmnist:test:3064,698f9f47028a802995c06fc279552f467a8ad2e276939665611ec6d7b7984c12,bloodmnist_demo,1729,test,5,4,1.1205703832090563,0.0,-10000000000.0,0.0,-10000000000.0,0.0,-10000000000.0,0.0,-10000000000.0,1.0,0.0,0.0,-10000000000.0
bloodmnist:test:3065,d714682e8b6fa66d37b9a51f83586b67a2cd58addc026754ecfce3a5516eec50,bloodmnist_demo,1729,test,1,4,1.1205703832090563,0.0,-10000000000.0,0.0,-10000000000.0,0.0,-10000000000.0,0.0,-10000000000.0,1.0,0.0,0.0,-10000000000.0
bloodmnist:test:3069,ad184552d3c297184c06beb470efb0d5ff6c8c973dc96c35f8e8b9d532712561,bloodmnist_demo,1729,test,5,4,1.1205703832090563,0.0,-10000000000.0,0.0,-10000000000.0,0.0,-10000000000.0,0.0,-10000000000.0,1.0,0.0,0.0,-10000000000.0
bloodmnist:test:3070,34923bd2a9fbe3b4e37b4933c588d2dd6d0e6a8ad4430a8e037783dd31a9b4c8,bloodmnist_demo,1729,test,1,4,1.1205703832090563,0.0,-10000000000.0,0.0,-10000000000.0,0.0,-10000000000.0,0.0,-10000000000.0,1.0,0.0,0.0,-10000000000.0
bloodmnist:test:3071,e72d2a2724693cb99a27090cb4dab3bb89e8c545107cd6a0e7c9f2aa687b584a,bloodmnist_demo,1729,test,4,4,1.1205703832090563,0.0,-10000000000.0,0.0,-10000000000.0,0.0,-10000000000.0,0.0,-10000000000.0,1.0,0.0,0.0,-10000000000.0
bloodmnist:test:3072,93d7562e5a2c36f72499663f9b6a3e1d3549243235cc75b0ded9224857e1ebb6,bloodmnist_demo,1729,test,5,4,1.1205703832090563,0.0,-10000000000.0,0.0,-10000000000.0,0.0,-10000000000.0,0.0,-10000000000.0,1.0,0.0,0.0,-10000000000.0
bloodmnist:test:3073,15655ef1fb679c28d7a90382872544490493944bfc69ce8fdac27c8dab1178b8,bloodmnist_demo,1729,test,0,4,1.1205703832090563,0.0,-10000000000.0,0.0,-10000000000.0,0.0,-10000000000.0,0.0,-10000000000.0,1.0,0.0,0.0,-10000000000.0
bloodmnist:test:3075,0553e2a3c32174cd01c4514c3e5a55d72dbb06d591f542d7e9e2b26c3db566ec,bloodmnist_demo,1729,test,3,4,1.1205703832090563,0.0,-10000000000.0,0.0,-10000000000.0,0.0,-10000000000.0,0.0,-10000000000.0,1.0,0.0,0.0,-10000000000.0
bloodmnist:test:3077,ee28c132f5796d1acf216a13298f39124b014f3d66911d66e89225e2c8513d9f,bloodmnist_demo,1729,test,5,4,1.1205703832090563,0.0,-10000000000.0,0.0,-10000000000.0,0.0,-10000000000.0,0.0,-10000000000.0,1.0,0.0,0.0,-10000000000.0
bloodmnist:test:3078,f5046f40a6373d4d5bcea1307e0ab334a883930ea73d5bd7552d68933629c0a2,bloodmnist_demo,1729,test,1,4,1.1205703832090563,0.0,-10000000000.0,0.0,-10000000000.0,0.0,-10000000000.0,0.0,-10000000000.0,1.0,0.0,0.0,-10000000000.0
bloodmnist:test:3081,ba1e5e3bd08ee66c00acfa26a0cefce9862b92b58f149ff81527df0d52679e92,bloodmnist_demo,1729,test,2,4,1.1205703832090563,0.0,-10000000000.0,0.0,-10000000000.0,0.0,-10000000000.0,0.0,-10000000000.0,1.0,0.0,0.0,-10000000000.0
bloodmnist:test:3082,01a31e3d593b9286a15834b8df467def282262d65cb5800f8c15e27c2a434369,bloodmnist_demo,1729,test,1,4,1.1205703832090563,0.0,-10000000000.0,0.0,-10000000000.0,0.0,-10000000000.0,0.0,-10000000000.0,1.0,0.0,0.0,-10000000000.0
bloodmnist:test:3083,c10a5f6f7b37f24f88c201da350c1c58713d10ecd4432c396c7a8633f3edcbb5,bloodmnist_demo,1729,test,5,4,1.1205703832090563,0.0,-10000000000.0,0.0,-10000000000.0,0.0,-10000000000.0,0.0,-10000000000.0,1.0,0.0,0.0,-10000000000.0
bloodmnist:test:3084,ea77130a8d03a0c22e59394fc996f31711457fd4291c7bc1b5b16ee8f925990b,bloodmnist_demo,1729,test,5,4,1.1205703832090563,0.0,-10000000000.0,0.0,-10000000000.0,0.0,-10000000000.0,0.0,-10000000000.0,1.0,0.0,0.0,-10000000000.0
bloodmnist:test:3085,f61378ac038c0695acbdc03cb7e88881728a03adfca5016f0315186bfb81f429,bloodmnist_demo,1729,test,0,4,1.1205703832090563,0.0,-10000000000.0,0.0,-10000000000.0,0.0,-10000000000.0,0.0,-10000000000.0,1.0,0.0,0.0,-10000000000.0
bloodmnist:test:3086,62f589d77ce8885b986b1c75a562b38e232a9ed8421051474c0e904d229c4af0,bloodmnist_demo,1729,test,5,4,1.1205703832090563,0.0,-10000000000.0,0.0,-10000000000.0,0.0,-10000000000.0,0.0,-10000000000.0,1.0,0.0,0.0,-10000000000.0
bloodmnist:test:3087,367b1e3b3eab5443453cf29ac15d19270bd73f18673fd5bde4b95df306d1d685,bloodmnist_demo,1729,test,1,4,1.1205703832090563,0.0,-10000000000.0,0.0,-10000000000.0,0.0,-10000000000.0,0.0,-10000000000.0,1.0,0.0,0.0,-10000000000.0
bloodmnist:test:3088,69b3f8b91310809bca4fcf5fe5bea0c059b4124d226fe8f5524af12e2e24bd59,bloodmnist_demo,1729,test,1,4,1.1205703832090563,0.0,-10000000000.0,0.0,-10000000000.0,0.0,-10000000000.0,0.0,-10000000000.0,1.0,0.0,0.0,-10000000000.0
bloodmnist:test:3089,2a15df46e575f3fb4c4b97f5f278bfc937efa250b4792bed6959a67a86a4f897,bloodmnist_demo,1729,test,3,4,1.1205703832090563,0.0,-10000000000.0,0.0,-10000000000.0,0.0,-10000000000.0,0.0,-10000000000.0,1.0,0.0,0.0,-10000000000.0
bloodmnist:test:3091,d99743b761008bba4dd1ae582bf1aa2a2c74cdd86d6a510596535bf93ae314cc,bloodmnist_demo,1729,test,4,4,1.1205703832090563,0.0,-10000000000.0,0.0,-10000000000.0,0.0,-10000000000.0,0.0,-10000000000.0,1.0,0.0,0.0,-10000000000.0
bloodmnist:test:3092,c273e50bf1bc08e01c1d4b802adde61b2edc2338fe041c22ecd4d7fb3714de7c,bloodmnist_demo,1729,test,4,4,1.1205703832090563,0.0,-10000000000.0,0.0,-10000000000.0,0.0,-10000000000.0,0.0,-10000000000.0,1.0,0.0,0.0,-10000000000.0
bloodmnist:test:3093,e0597e71b06055fae5acf1d6e43601790f506d628e0ac4c0f4554edb4fdbf817,bloodmnist_demo,1729,test,1,4,1.1205703832090563,0.0,-10000000000.0,0.0,-10000000000.0,0.0,-10000000000.0,0.0,-10000000000.0,1.0,0.0,0.0,-10000000000.0
bloodmnist:test:3094,a3206487f090f3ad350fc4afb52cd2fd0093cae26cf3c60db5fada3bc0897d88,bloodmnist_demo,1729,test,4,4,1.1205703832090563,0.0,-10000000000.0,0.0,-10000000000.0,0.0,-10000000000.0,0.0,-10000000000.0,1.0,0.0,0.0,-10000000000.0
bloodmnist:test:3096,ae9111c3a9bd38d9247360073a82aad052e927362d3ef8ebd7b643403507c73c,bloodmnist_demo,1729,test,3,4,1.1205703832090563,0.0,-10000000000.0,0.0,-10000000000.0,0.0,-10000000000.0,0.0,-10000000000.0,1.0,0.0,0.0,-10000000000.0
bloodmnist:test:3097,a812e5bf469da8e4f903a2077b9ca3ca564a56179c6a26fe7d968e01454b7dc9,bloodmnist_demo,1729,test,0,4,1.1205703832090563,0.0,-10000000000.0,0.0,-10000000000.0,0.0,-10000000000.0,0.0,-10000000000.0,1.0,0.0,0.0,-10000000000.0
bloodmnist:test:3098,3a8b69bb5ad31d49470d4dca0c2e08fe9029042c29f8679bb5e725150e4ca2e7,bloodmnist_demo,1729,test,2,4,1.1205703832090563,0.0,-10000000000.0,0.0,-10000000000.0,0.0,-10000000000.0,0.0,-10000000000.0,1.0,0.0,0.0,-10000000000.0
bloodmnist:test:3100,08766f905950434e189a258399a4255f0c92951b332f190ff93f9d312c229d44,bloodmnist_demo,1729,test,0,4,1.1205703832090563,0.0,-10000000000.0,0.0,-10000000000.0,0.0,-10000000000.0,0.0,-10000000000.0,1.0,0.0,0.0,-10000000000.0
bloodmnist:test:3102,dd410dfe6fa8ddcac11965acf32e63e2585eae5071f171f48c2174a62e4fead3,bloodmnist_demo,1729,test,4,4,1.1205703832090563,0.0,-10000000000.0,0.0,-10000000000.0,0.0,-10000000000.0,0.0,-10000000000.0,1.0,0.0,0.0,-10000000000.0
bloodmnist:test:3104,68f9f5e6cefb665d4002d70ecb2a5b7330d7dc6b78f6a3698356dda40940b6c4,bloodmnist_demo,1729,test,3,4,1.1205703832090563,0.0,-10000000000.0,0.0,-10000000000.0,0.0,-10000000000.0,0.0,-10000000000.0,1.0,0.0,0.0,-10000000000.0
bloodmnist:test:3105,758cc63c7188e4bcf1f80574212ff7493b3e1267f6b9530a4c5c469295212dba,bloodmnist_demo,1729,test,0,4,1.1205703832090563,0.0,-10000000000.0,0.0,-10000000000.0,0.0,-10000000000.0,0.0,-10000000000.0,1.0,0.0,0.0,-10000000000.0
bloodmnist:test:3106,5e1825f3a4cb428725fa545aea47fa075fa5537521d200413ce5094750824959,bloodmnist_demo,1729,test,1,4,1.1205703832090563,0.0,-10000000000.0,0.0,-10000000000.0,0.0,-10000000000.0,0.0,-10000000000.0,1.0,0.0,0.0,-10000000000.0
bloodmnist:test:3108,984f0699e7e3891d163c32c6117627a0d13bd578423643d59b755f19878a1d8d,bloodmnist_demo,1729,test,2,4,1.1205703832090563,0.0,-10000000000.0,0.0,-10000000000.0,0.0,-10000000000.0,0.0,-10000000000.0,1.0,0.0,0.0,-10000000000.0
bloodmnist:test:3109,5785f8e40ed641286c59245e1380e510a92d8f4d22a6090b1820706d81734898,bloodmnist_demo,1729,test,3,4,1.1205703832090563,0.0,-10000000000.0,0.0,-10000000000.0,0.0,-10000000000.0,0.0,-10000000000.0,1.0,0.0,0.0,-10000000000.0
bloodmnist:test:3110,e801e40ee532c1f7a77e69113055e8cfcce6549d41a434541e991d899298adf1,bloodmnist_demo,1729,test,4,4,1.1205703832090563,0.0,-10000000000.0,0.0,-10000000000.0,0.0,-10000000000.0,0.0,-10000000000.0,1.0,0.0,0.0,-10000000000.0
bloodmnist:test:3111,e2ace6e7892c9f3192cd4b761f3efc62f778dbe7691bcaeba3b1ac7958d97590,bloodmnist_demo,1729,test,4,4,1.1205703832090563,0.0,-10000000000.0,0.0,-10000000000.0,0.0,-10000000000.0,0.0,-10000000000.0,1.0,0.0,0.0,-10000000000.0
bloodmnist:test:3112,98bdfda7692eef5f09360f56b7a5f65c014bea2f502cb0a0919fe03a312af955,bloodmnist_demo,1729,test,5,4,1.1205703832090563,0.0,-10000000000.0,0.0,-10000000000.0,0.0,-10000000000.0,0.0,-10000000000.0,1.0,0.0,0.0,-10000000000.0
bloodmnist:test:3113,9d5a418e543f5cc127c11520c5d57f15d17cc177bec6b6c067485a353ad90e34,bloodmnist_demo,1729,test,1,4,1.1205703832090563,0.0,-10000000000.0,0.0,-10000000000.0,0.0,-10000000000.0,0.0,-10000000000.0,1.0,0.0,0.0,-10000000000.0
bloodmnist:test:3114,867aae9afdfcbbf1e80daa95d5cd4c5ddecba1c9d5e3627edc1971626acdf531,bloodmnist_demo,1729,test,4,4,1.1205703832090563,0.0,-10000000000.0,0.0,-10000000000.0,0.0,-10000000000.0,0.0,-10000000000.0,1.0,0.0,0.0,-10000000000.0
bloodmnist:test:3115,ffc996409bde1020e20eb9e3fabce0ac9630f3a4948450deb145322ca88b5cf0,bloodmnist_demo,1729,test,2,4,1.1205703832090563,0.0,-10000000000.0,0.0,-10000000000.0,0.0,-10000000000.0,0.0,-10000000000.0,1.0,0.0,0.0,-10000000000.0
bloodmnist:test:3116,8bada8214a444d98abb8678768c5f123373c9bbfb999ef7d4eaad28e6d523537,bloodmnist_demo,1729,test,4,4,1.1205703832090563,0.0,-10000000000.0,0.0,-10000000000.0,0.0,-10000000000.0,0.0,-10000000000.0,1.0,0.0,0.0,-10000000000.0
bloodmnist:test:3118,c9a7834fb33a6f43e9a32fc770d0c38cf234018a090fa3a82b30e428b86452f3,bloodmnist_demo,1729,test,2,4,1.1205703832090563,0.0,-10000000000.0,0.0,-10000000000.0,0.0,-10000000000.0,0.0,-10000000000.0,1.0,0.0,0.0,-10000000000.0
bloodmnist:test:3119,e794aae7b904b8ebfd8a1f93d52329cca3ec67933abe1e2b7130effee7bd3916,bloodmnist_demo,1729,test,2,4,1.1205703832090563,0.0,-10000000000.0,0.0,-10000000000.0,0.0,-10000000000.0,0.0,-10000000000.0,1.0,0.0,0.0,-10000000000.0
bloodmnist:test:3120,d29f128d202f1756c9e05b9bfb87834db840f9e2a851f67eb027907b17faef4a,bloodmnist_demo,1729,test,5,4,1.1205703832090563,0.0,-10000000000.0,0.0,-10000000000.0,0.0,-10000000000.0,0.0,-10000000000.0,1.0,0.0,0.0,-10000000000.0
bloodmnist:test:3122,ff06e8b24dd1a79a5963184965ee5a2a45bb38bfed1730d14e0e88a73a47815d,bloodmnist_demo,1729,test,4,4,1.1205703832090563,0.0,-10000000000.0,0.0,-10000000000.0,0.0,-10000000000.0,0.0,-10000000000.0,1.0,0.0,0.0,-10000000000.0
bloodmnist:test:3123,443fe65ce95286294acf2bbe9c313aeb1211a9fd9a2cab3fa5d156f836de1a6c,bloodmnist_demo,1729,test,3,4,1.1205703832090563,0.0,-10000000000.0,0.0,-10000000000.0,0.0,-10000000000.0,0.0,-10000000000.0,1.0,0.0,0.0,-10000000000.0
bloodmnist:test:3124,452d35c3988bb8d8504cf51946c91bf0ed7b695d9a6e2f7eccf044664818426d,bloodmnist_demo,1729,test,3,4,1.1205703832090563,0.0,-10000000000.0,0.0,-10000000000.0,0.0,-10000000000.0,0.0,-10000000000.0,1.0,0.0,0.0,-10000000000.0
bloodmnist:test:3125,f1bcf29e23fdf964ba9a11fb1570fbd3da12c04bf507d00a13469d169173764f,bloodmnist_demo,1729,test,5,4,1.1205703832090563,0.0,-10000000000.0,0.0,-10000000000.0,0.0,-10000000000.0,0.0,-10000000000.0,1.0,0.0,0.0,-10000000000.0
bloodmnist:test:3126,da4a0cb6899f9682f5400cb2fd007e0a9ea66c052c9f01ed215fbd221265d871,bloodmnist_demo,1729,test,4,4,1.1205703832090563,0.0,-10000000000.0,0.0,-10000000000.0,0.0,-10000000000.0,0.0,-10000000000.0,1.0,0.0,0.0,-10000000000.0
bloodmnist:test:3127,4c92a0486d2aeb57ba527e789b649cabfac1602cffd2651f4c5394169673ca11,bloodmnist_demo,1729,test,0,4,1.1205703832090563,0.0,-10000000000.0,0.0,-10000000000.0,0.0,-10000000000.0,0.0,-10000000000.0,1.0,0.0,0.0,-10000000000.0
bloodmnist:test:3128,a1d8e1d4430597e94ce5df13ece2fe61976dec3ee94584c754883028d6fe6448,bloodmnist_demo,1729,test,5,4,1.1205703832090563,0.0,-10000000000.0,0.0,-10000000000.0,0.0,-10000000000.0,0.0,-10000000000.0,1.0,0.0,0.0,-10000000000.0
bloodmnist:test:3134,e020348fcba5b7709913a8a55fbb0a0b8e314036afb3f7fab35873d15e3bab41,bloodmnist_demo,1729,test,0,4,1.1205703832090563,0.0,-10000000000.0,0.0,-10000000000.0,0.0,-10000000000.0,0.0,-10000000000.0,1.0,0.0,0.0,-10000000000.0
bloodmnist:test:3135,1ee5d90c0640b49a9c65e59576f7f410b07e29c5c29bdaee9b349fda98c73aea,bloodmnist_demo,1729,test,5,4,1.1205703832090563,0.0,-10000000000.0,0.0,-10000000000.0,0.0,-10000000000.0,0.0,-10000000000.0,1.0,0.0,0.0,-10000000000.0
bloodmnist:test:3136,79f1514e5c711a648e32cff31d8f3144fd9836a4b5a16c3a79989174912cdef2,bloodmnist_demo,1729,test,3,4,1.1205703832090563,0.0,-10000000000.0,0.0,-10000000000.0,0.0,-10000000000.0,0.0,-10000000000.0,1.0,0.0,0.0,-10000000000.0
bloodmnist:test:3137,3ed59e7a9082fd1113706cf934185676cf2acbdc2474aaa27818aa43e6a3790a,bloodmnist_demo,1729,test,5,4,1.1205703832090563,0.0,-10000000000.0,0.0,-10000000000.0,0.0,-10000000000.0,0.0,-10000000000.0,1.0,0.0,0.0,-10000000000.0
bloodmnist:test:3138,6bb842fa225c60a3ab2a57c0b9e12a4258e83547eac55e9a0b894a8da2392d99,bloodmnist_demo,1729,test,0,4,1.1205703832090563,0.0,-10000000000.0,0.0,-10000000000.0,0.0,-10000000000.0,0.0,-10000000000.0,1.0,0.0,0.0,-10000000000.0
bloodmnist:test:3139,3013af7cd20a3c766387d37c2fa74e7981d2f1d05ba181f7338ef8afb0386420,bloodmnist_demo,1729,test,2,4,1.1205703832090563,0.0,-10000000000.0,0.0,-10000000000.0,0.0,-10000000000.0,0.0,-10000000000.0,1.0,0.0,0.0,-10000000000.0
bloodmnist:test:3141,89ba7c318296529eab2fdd524ea37ff490efc27b044b4426b111d57bf3a91c62,bloodmnist_demo,1729,test,0,4,1.1205703832090563,0.0,-10000000000.0,0.0,-10000000000.0,0.0,-10000000000.0,0.0,-10000000000.0,1.0,0.0,0.0,-10000000000.0
bloodmnist:test:3142,2e9f695d9ece69c562b14d816bac5c1a534f01a9f9d0a068c1b01e0875ab692e,bloodmnist_demo,1729,test,2,4,1.1205703832090563,0.0,-10000000000.0,0.0,-10000000000.0,0.0,-10000000000.0,0.0,-10000000000.0,1.0,0.0,0.0,-10000000000.0
bloodmnist:test:3144,e54d501509d1ca7bcd5478805e25711f31791fb0294cae527d8eacb8f7643e69,bloodmnist_demo,1729,test,1,4,1.1205703832090563,0.0,-10000000000.0,0.0,-10000000000.0,0.0,-10000000000.0,0.0,-10000000000.0,1.0,0.0,0.0,-10000000000.0
bloodmnist:test:3145,90a9bab07e4a613afaa3a300f55c6f6823e51903246af57cdbe9aea2b2b16284,bloodmnist_demo,1729,test,5,4,1.1205703832090563,0.0,-10000000000.0,0.0,-10000000000.0,0.0,-10000000000.0,0.0,-10000000000.0,1.0,0.0,0.0,-10000000000.0
bloodmnist:test:3146,a550e059bd2c85bb0f08feeebe1bfeb591d9abaf9947a435a7537ec750ac4c13,bloodmnist_demo,1729,test,2,4,1.1205703832090563,0.0,-10000000000.0,0.0,-10000000000.0,0.0,-10000000000.0,0.0,-10000000000.0,1.0,0.0,0.0,-10000000000.0
bloodmnist:test:3148,733390568355246d50b8f0febe7086916a4f3778df35e62f84d636f2546b35df,bloodmnist_demo,1729,test,4,4,1.1205703832090563,0.0,-10000000000.0,0.0,-10000000000.0,0.0,-10000000000.0,0.0,-10000000000.0,1.0,0.0,0.0,-10000000000.0
bloodmnist:test:3149,a80314a360d8596623cdc2434ce69e4569d40fd04285a89fa9254c13b693c0cc,bloodmnist_demo,1729,test,4,4,1.1205703832090563,0.0,-10000000000.0,0.0,-10000000000.0,0.0,-10000000000.0,0.0,-10000000000.0,1.0,0.0,0.0,-10000000000.0
bloodmnist:test:3151,1ca72bc22a9512c5e4315da0a1919c9d06887c23648816170766aec0bd10dd63,bloodmnist_demo,1729,test,4,4,1.1205703832090563,0.0,-10000000000.0,0.0,-10000000000.0,0.0,-10000000000.0,0.0,-10000000000.0,1.0,0.0,0.0,-10000000000.0
bloodmnist:test:3152,eb3cac6d7b33c5ee536025d75bef8a3afa479e2a93fabc660f3673a1b86e8699,bloodmnist_demo,1729,test,0,4,1.1205703832090563,0.0,-10000000000.0,0.0,-10000000000.0,0.0,-10000000000.0,0.0,-10000000000.0,1.0,0.0,0.0,-10000000000.0
bloodmnist:test:3153,517129d502b0b7ad5ee74d2306e1f25c29483258cbde110b663717e2f907a552,bloodmnist_demo,1729,test,0,4,1.1205703832090563,0.0,-10000000000.0,0.0,-10000000000.0,0.0,-10000000000.0,0.0,-10000000000.0,1.0,0.0,0.0,-10000000000.0
bloodmnist:test:3154,52c41f331f58da24f7fd43eb9bdd8c1edc93d9d83b0986a1536ca865394a997b,bloodmnist_demo,1729,test,5,4,1.1205703832090563,0.0,-10000000000.0,0.0,-10000000000.0,0.0,-10000000000.0,0.0,-10000000000.0,1.0,0.0,0.0,-10000000000.0
bloodmnist:test:3155,7149b73f7fe569fd47291242949415b6bac36aaaef0c5ed6e812034f85022f74,bloodmnist_demo,1729,test,4,4,1.1205703832090563,0.0,-10000000000.0,0.0,-10000000000.0,0.0,-10000000000.0,0.0,-10000000000.0,1.0,0.0,0.0,-10000000000.0
bloodmnist:test:3156,58f15d94211d1dd2b8f6d39d65051ee1255c287bfc2a169db5e7d8a1b342a703,bloodmnist_demo,1729,test,4,4,1.1205703832090563,0.0,-10000000000.0,0.0,-10000000000.0,0.0,-10000000000.0,0.0,-10000000000.0,1.0,0.0,0.0,-10000000000.0
bloodmnist:test:3159,2ee7982bd48fb7131c398a7bb05d117ede82da0b25a522bfdc96f6fcfbc91316,bloodmnist_demo,1729,test,1,4,1.1205703832090563,0.0,-10000000000.0,0.0,-10000000000.0,0.0,-10000000000.0,0.0,-10000000000.0,1.0,0.0,0.0,-10000000000.0
bloodmnist:test:3161,6441ea4cf83a9ca90ff362cde670c9e08209080e6e885d8fe0c86a979c97a18e,bloodmnist_demo,1729,test,1,4,1.1205703832090563,0.0,-10000000000.0,0.0,-10000000000.0,0.0,-10000000000.0,0.0,-10000000000.0,1.0,0.0,0.0,-10000000000.0
bloodmnist:test:3162,6ed44666bdb42f82c50b36050b7cc5b8b47bff0917a7447fd430c5d3fb0cef6b,bloodmnist_demo,1729,test,5,4,1.1205703832090563,0.0,-10000000000.0,0.0,-10000000000.0,0.0,-10000000000.0,0.0,-10000000000.0,1.0,0.0,0.0,-10000000000.0
bloodmnist:test:3163,ae77445b93069ef9afc6384a6b99337525617cd5762ae1c7bc166c094d22093a,bloodmnist_demo,1729,test,1,4,1.1205703832090563,0.0,-10000000000.0,0.0,-10000000000.0,0.0,-10000000000.0,0.0,-10000000000.0,1.0,0.0,0.0,-10000000000.0
bloodmnist:test:3164,d81b981542e740afcf93deb94ccaeb8b53d5160e0736fca65b4824acddeb2422,bloodmnist_demo,1729,test,5,4,1.1205703832090563,0.0,-10000000000.0,0.0,-10000000000.0,0.0,-10000000000.0,0.0,-10000000000.0,1.0,0.0,0.0,-10000000000.0
bloodmnist:test:3165,78d09118c857bf05a513ce9b3a8776bffa552936398d1834bdd510ae19a56840,bloodmnist_demo,1729,test,1,4,1.1205703832090563,0.0,-10000000000.0,0.0,-10000000000.0,0.0,-10000000000.0,0.0,-10000000000.0,1.0,0.0,0.0,-10000000000.0
bloodmnist:test:3167,f5972bdf15e0193b9fad1f53f0f599bf8269b2ef07d8f9239baf2d2e8d80fdd2,bloodmnist_demo,1729,test,2,4,1.1205703832090563,0.0,-10000000000.0,0.0,-10000000000.0,0.0,-10000000000.0,0.0,-10000000000.0,1.0,0.0,0.0,-10000000000.0
bloodmnist:test:3169,886116a89ea0d22b4689605d11cdc8941387e6ceac637a9215f611258bd45029,bloodmnist_demo,1729,test,2,4,1.1205703832090563,0.0,-10000000000.0,0.0,-10000000000.0,0.0,-10000000000.0,0.0,-10000000000.0,1.0,0.0,0.0,-10000000000.0
bloodmnist:test:3170,8074bddb966d35d2fb2e505b8dba39436be209637ce4cdb7762f3dd76822d75f,bloodmnist_demo,1729,test,3,4,1.1205703832090563,0.0,-10000000000.0,0.0,-10000000000.0,0.0,-10000000000.0,0.0,-10000000000.0,1.0,0.0,0.0,-10000000000.0
bloodmnist:test:3172,be51e74066353a149684e3a430fbc1f0dedad0c097f45b09292172264ed671e8,bloodmnist_demo,1729,test,1,4,1.1205703832090563,0.0,-10000000000.0,0.0,-10000000000.0,0.0,-10000000000.0,0.0,-10000000000.0,1.0,0.0,0.0,-10000000000.0
bloodmnist:test:3173,67cadfc8d20162eb0da8ea46540b7e794be35ad73236c5b514e2a5cbbb6de564,bloodmnist_demo,1729,test,4,4,1.1205703832090563,0.0,-10000000000.0,0.0,-10000000000.0,0.0,-10000000000.0,0.0,-10000000000.0,1.0,0.0,0.0,-10000000000.0
bloodmnist:test:3174,85d6d9e6ce9c14a2d26f46293b75a443c4700417db8a5f6f54d6e79be1e0e53f,bloodmnist_demo,1729,test,4,4,1.1205703832090563,0.0,-10000000000.0,0.0,-10000000000.0,0.0,-10000000000.0,0.0,-10000000000.0,1.0,0.0,0.0,-10000000000.0
bloodmnist:test:3176,28d2255ec054a59f358bdbf69aafd60bf9d9e8c27098858932a66125fbf94c90,bloodmnist_demo,1729,test,4,4,1.1205703832090563,0.0,-10000000000.0,0.0,-10000000000.0,0.0,-10000000000.0,0.0,-10000000000.0,1.0,0.0,0.0,-10000000000.0
bloodmnist:test:3178,d5844e54170d430777adf4cbe801419a66daaffa34f67652396793661fe14984,bloodmnist_demo,1729,test,4,4,1.1205703832090563,0.0,-10000000000.0,0.0,-10000000000.0,0.0,-10000000000.0,0.0,-10000000000.0,1.0,0.0,0.0,-10000000000.0
bloodmnist:test:3180,d4531a05c53fb8ed9b131aff7a3ba47a14a4e932f62a97cc9345f34ad728fb00,bloodmnist_demo,1729,test,1,4,1.1205703832090563,0.0,-10000000000.0,0.0,-10000000000.0,0.0,-10000000000.0,0.0,-10000000000.0,1.0,0.0,0.0,-10000000000.0
bloodmnist:test:3181,456016be9c7ccb10558da628ba8a614ab2a1260cdd5a0094974d5d85183c5c59,bloodmnist_demo,1729,test,4,4,1.1205703832090563,0.0,-10000000000.0,0.0,-10000000000.0,0.0,-10000000000.0,0.0,-10000000000.0,1.0,0.0,0.0,-10000000000.0
bloodmnist:test:3182,8fcd5e8f40a8c4ad1662d21583e5e003c9ee3398fea1ece55428d4208eaefa9a,bloodmnist_demo,1729,test,1,4,1.1205703832090563,0.0,-10000000000.0,0.0,-10000000000.0,0.0,-10000000000.0,0.0,-10000000000.0,1.0,0.0,0.0,-10000000000.0
bloodmnist:test:3184,46bb5143424a065c8f0c71ad9e966aa83dd13804d000b57e40edf6964dea353d,bloodmnist_demo,1729,test,4,4,1.1205703832090563,0.0,-10000000000.0,0.0,-10000000000.0,0.0,-10000000000.0,0.0,-10000000000.0,1.0,0.0,0.0,-10000000000.0
bloodmnist:test:3185,4cd0eaf618932d40815a5d5be766d4b489707bd04c7dc6e9e91efd920e53188b,bloodmnist_demo,1729,test,1,4,1.1205703832090563,0.0,-10000000000.0,0.0,-10000000000.0,0.0,-10000000000.0,0.0,-10000000000.0,1.0,0.0,0.0,-10000000000.0
bloodmnist:test:3186,44ecf90e3ed9946a736f181b35f3a9e71c71d9d31621d7aa044de145e8f2fc95,bloodmnist_demo,1729,test,3,4,1.1205703832090563,0.0,-10000000000.0,0.0,-10000000000.0,0.0,-10000000000.0,0.0,-10000000000.0,1.0,0.0,0.0,-10000000000.0
bloodmnist:test:3187,398435a2a4d18caf779c39180f927e216a6f169dd5c9f42463a337af8a8c8ef8,bloodmnist_demo,1729,test,1,4,1.1205703832090563,0.0,-10000000000.0,0.0,-10000000000.0,0.0,-10000000000.0,0.0,-10000000000.0,1.0,0.0,0.0,-10000000000.0
bloodmnist:test:3188,c7ae5a0d5712dceed03d7a4aaeaa871ecfffdcb2162979daab727f761eeb55a6,bloodmnist_demo,1729,test,4,4,1.1205703832090563,0.0,-10000000000.0,0.0,-10000000000.0,0.0,-10000000000.0,0.0,-10000000000.0,1.0,0.0,0.0,-10000000000.0
bloodmnist:test:3189,050f5aae2b0e0ca5742a63c15ab5fcf89ea991d520275fa407477b5bc08626a7,bloodmnist_demo,1729,test,4,4,1.1205703832090563,0.0,-10000000000.0,0.0,-10000000000.0,0.0,-10000000000.0,0.0,-10000000000.0,1.0,0.0,0.0,-10000000000.0
bloodmnist:test:3190,65f99114650d81eebe2b1fecfd4ad2b47bfc3e06beee5d523799761f55785940,bloodmnist_demo,1729,test,5,4,1.1205703832090563,0.0,-10000000000.0,0.0,-10000000000.0,0.0,-10000000000.0,0.0,-10000000000.0,1.0,0.0,0.0,-10000000000.0
bloodmnist:test:3191,7ee01b419781d9013f5cec8961afe4af2a8c524a88471cdc23f3eb623f74a0a4,bloodmnist_demo,1729,test,2,4,1.1205703832090563,0.0,-10000000000.0,0.0,-10000000000.0,0.0,-10000000000.0,0.0,-10000000000.0,1.0,0.0,0.0,-10000000000.0
bloodmnist:test:3192,def1dcefca7db5834cc4e816b3c8c4bb019dba0c66307543cc238097ec90f808,bloodmnist_demo,1729,test,3,4,1.1205703832090563,0.0,-10000000000.0,0.0,-10000000000.0,0.0,-10000000000.0,0.0,-10000000000.0,1.0,0.0,0.0,-10000000000.0
bloodmnist:test:3196,c4354507952c55ba6cab53cb996e731126a8e347477c7d3462654fc762e9b82a,bloodmnist_demo,1729,test,4,4,1.1205703832090563,0.0,-10000000000.0,0.0,-10000000000.0,0.0,-10000000000.0,0.0,-10000000000.0,1.0,0.0,0.0,-10000000000.0
bloodmnist:test:3197,1356caddecf9e2e0bdd91fbc2fb9c9601abe6ea323d8dc37e3290ec52053b54a,bloodmnist_demo,1729,test,4,4,1.1205703832090563,0.0,-10000000000.0,0.0,-10000000000.0,0.0,-10000000000.0,0.0,-10000000000.0,1.0,0.0,0.0,-10000000000.0
bloodmnist:test:3198,6eb5144db05a4a1f173f75d07de65d521a9a4d318edfbf34f3875620284e3ba0,bloodmnist_demo,1729,test,4,4,1.1205703832090563,0.0,-10000000000.0,0.0,-10000000000.0,0.0,-10000000000.0,0.0,-10000000000.0,1.0,0.0,0.0,-10000000000.0
bloodmnist:test:3201,fc9f395633cb2a2f3498bbce86c07de0ba03af535bb200e23c88b89ca2ca21f2,bloodmnist_demo,1729,test,4,4,1.1205703832090563,0.0,-10000000000.0,0.0,-10000000000.0,0.0,-10000000000.0,0.0,-10000000000.0,1.0,0.0,0.0,-10000000000.0
bloodmnist:test:3202,418e1a701726d331ad5f758e49c85cb12353e437357c5f34aeacb48ea29a5dfc,bloodmnist_demo,1729,test,0,4,1.1205703832090563,0.0,-10000000000.0,0.0,-10000000000.0,0.0,-10000000000.0,0.0,-10000000000.0,1.0,0.0,0.0,-10000000000.0
bloodmnist:test:3203,52e969cae82822f9819eab7f8de3a9d9e81c04e2ed5739b77c4b13bc4f2cd8d6,bloodmnist_demo,1729,test,2,4,1.1205703832090563,0.0,-10000000000.0,0.0,-10000000000.0,0.0,-10000000000.0,0.0,-10000000000.0,1.0,0.0,0.0,-10000000000.0
bloodmnist:test:3204,0be59469a03cd2c2556d532b709dfba132bd5bb94b679de9c6374c3a53097bd4,bloodmnist_demo,1729,test,1,4,1.1205703832090563,0.0,-10000000000.0,0.0,-10000000000.0,0.0,-10000000000.0,0.0,-10000000000.0,1.0,0.0,0.0,-10000000000.0
bloodmnist:test:3206,31183052eb6fe982b036311f6fbbdd6d0c52bce533536d5c387d3746fe2aa5de,bloodmnist_demo,1729,test,4,4,1.1205703832090563,0.0,-10000000000.0,0.0,-10000000000.0,0.0,-10000000000.0,0.0,-10000000000.0,1.0,0.0,0.0,-10000000000.0
bloodmnist:test:3207,5562f706e80e1d111fbb362918b96b3520624e28709f596782377b62fc94c471,bloodmnist_demo,1729,test,4,4,1.1205703832090563,0.0,-10000000000.0,0.0,-10000000000.0,0.0,-10000000000.0,0.0,-10000000000.0,1.0,0.0,0.0,-10000000000.0
bloodmnist:test:3208,91832eb90acd9dfdda8310c7af69c4489f66bd436d60d53ab9f085ecb6c662f9,bloodmnist_demo,1729,test,2,4,1.1205703832090563,0.0,-10000000000.0,0.0,-10000000000.0,0.0,-10000000000.0,0.0,-10000000000.0,1.0,0.0,0.0,-10000000000.0
bloodmnist:test:3209,d9814310186779250ffd84a0bc4d6d693412b7e212c5a7dd926ec47ae3cd81d3,bloodmnist_demo,1729,test,5,4,1.1205703832090563,0.0,-10000000000.0,0.0,-10000000000.0,0.0,-10000000000.0,0.0,-10000000000.0,1.0,0.0,0.0,-10000000000.0
bloodmnist:test:3210,1aaf2ec7e0542a97f5ccaec6f77efea7571426febb000cb279f7585eb7015410,bloodmnist_demo,1729,test,0,4,1.1205703832090563,0.0,-10000000000.0,0.0,-10000000000.0,0.0,-10000000000.0,0.0,-10000000000.0,1.0,0.0,0.0,-10000000000.0
bloodmnist:test:3211,29aae0a37ce3166121859726cbce2509181a50b8456ef611328b1e5e3a78dc01,bloodmnist_demo,1729,test,5,4,1.1205703832090563,0.0,-10000000000.0,0.0,-10000000000.0,0.0,-10000000000.0,0.0,-10000000000.0,1.0,0.0,0.0,-10000000000.0
bloodmnist:test:3212,2daf83ba6b3515e94ba4d3a7b2f9f0d484e7171e96b9814a48e73a46cfd249ea,bloodmnist_demo,1729,test,4,4,1.1205703832090563,0.0,-10000000000.0,0.0,-10000000000.0,0.0,-10000000000.0,0.0,-10000000000.0,1.0,0.0,0.0,-10000000000.0
bloodmnist:test:3214,35ce29fc9920d3d463d45dcaf8578c59b8fc66ce742bebcd4442edc190b63835,bloodmnist_demo,1729,test,4,4,1.1205703832090563,0.0,-10000000000.0,0.0,-10000000000.0,0.0,-10000000000.0,0.0,-10000000000.0,1.0,0.0,0.0,-10000000000.0
bloodmnist:test:3216,488760f59e0566afbd6497b3813fb9464b6e04ad996392ca7f985380e84f0a30,bloodmnist_demo,1729,test,2,4,1.1205703832090563,0.0,-10000000000.0,0.0,-10000000000.0,0.0,-10000000000.0,0.0,-10000000000.0,1.0,0.0,0.0,-10000000000.0
bloodmnist:test:3217,057dd1a5167cf92e5a80301825dd7d319ea90d5131f44259daf5eab8a3eea956,bloodmnist_demo,1729,test,1,4,1.1205703832090563,0.0,-10000000000.0,0.0,-10000000000.0,0.0,-10000000000.0,0.0,-10000000000.0,1.0,0.0,0.0,-10000000000.0
bloodmnist:test:3218,2f8582e7ef8123e82b040f859bf326704d0052d473a25e4e70dd9acfc5471f59,bloodmnist_demo,1729,test,0,4,1.1205703832090563,0.0,-10000000000.0,0.0,-10000000000.0,0.0,-10000000000.0,0.0,-10000000000.0,1.0,0.0,0.0,-10000000000.0
bloodmnist:test:3219,b76dbf739b4909ce066e80e187a87c2e42be6c1282692696e77746258a311adb,bloodmnist_demo,1729,test,0,4,1.1205703832090563,0.0,-10000000000.0,0.0,-10000000000.0,0.0,-10000000000.0,0.0,-10000000000.0,1.0,0.0,0.0,-10000000000.0
bloodmnist:test:3221,ce16fede4ff5c64b2f3931d99b9b6ba91e67fd9a8295cf65f72a5a5ae4f6c3d1,bloodmnist_demo,1729,test,5,4,1.1205703832090563,0.0,-10000000000.0,0.0,-10000000000.0,0.0,-10000000000.0,0.0,-10000000000.0,1.0,0.0,0.0,-10000000000.0
bloodmnist:test:3222,f3cb8903e077068ed7bc1831c09be8db7f720a96b5983e1d891872a2011808d2,bloodmnist_demo,1729,test,4,4,1.1205703832090563,0.0,-10000000000.0,0.0,-10000000000.0,0.0,-10000000000.0,0.0,-10000000000.0,1.0,0.0,0.0,-10000000000.0
bloodmnist:test:3223,485e0d0baef5334233ebebe908511b8718f3b845b1c02fcc23ac6dda34ad3f58,bloodmnist_demo,1729,test,1,4,1.1205703832090563,0.0,-10000000000.0,0.0,-10000000000.0,0.0,-10000000000.0,0.0,-10000000000.0,1.0,0.0,0.0,-10000000000.0
bloodmnist:test:3225,07d428598def9661b044dd0aa02d75f754b5addcd0a236cf3b065299cdfa0413,bloodmnist_demo,1729,test,4,4,1.1205703832090563,0.0,-10000000000.0,0.0,-10000000000.0,0.0,-10000000000.0,0.0,-10000000000.0,1.0,0.0,0.0,-10000000000.0
bloodmnist:test:3226,7e197091c1015ec4d6981122d6b328f0c90daacb5348aa1dc4c309f564a62b81,bloodmnist_demo,1729,test,3,4,1.1205703832090563,0.0,-10000000000.0,0.0,-10000000000.0,0.0,-10000000000.0,0.0,-10000000000.0,1.0,0.0,0.0,-10000000000.0
bloodmnist:test:3227,b1239f0cec2900c56fd67167a4cf15095cce37155907c0f83d7ff715e0c23e49,bloodmnist_demo,1729,test,0,4,1.1205703832090563,0.0,-10000000000.0,0.0,-10000000000.0,0.0,-10000000000.0,0.0,-10000000000.0,1.0,0.0,0.0,-10000000000.0
bloodmnist:test:3228,791f5144499b14b13e48fea4ca00252e97cd1d7ef38630ab43383b9de17b8280,bloodmnist_demo,1729,test,1,4,1.1205703832090563,0.0,-10000000000.0,0.0,-10000000000.0,0.0,-10000000000.0,0.0,-10000000000.0,1.0,0.0,0.0,-10000000000.0
bloodmnist:test:3229,bc1dd58020ddd0de88a02a6b49616b64b2be6c478429c54c7228c4c49957988f,bloodmnist_demo,1729,test,5,4,1.1205703832090563,0.0,-10000000000.0,0.0,-10000000000.0,0.0,-10000000000.0,0.0,-10000000000.0,1.0,0.0,0.0,-10000000000.0
bloodmnist:test:3230,bf845f257adab523a9070c73919ba01a5b26c3d8dbfc0e59d034ab593902a596,bloodmnist_demo,1729,test,1,4,1.1205703832090563,0.0,-10000000000.0,0.0,-10000000000.0,0.0,-10000000000.0,0.0,-10000000000.0,1.0,0.0,0.0,-10000000000.0
bloodmnist:test:3232,7540de18f854bbf961f14127e75f90a4c8d94917f194db41c174b69a451b02ae,bloodmnist_demo,1729,test,4,4,1.1205703832090563,0.0,-10000000000.0,0.0,-10000000000.0,0.0,-10000000000.0,0.0,-10000000000.0,1.0,0.0,0.0,-10000000000.0
bloodmnist:test:3234,0bc46ceb14bfdb2bf88486e8d1b2c901371a6c721233e50e7a6bca812a24a60d,bloodmnist_demo,1729,test,4,4,1.1205703832090563,0.0,-10000000000.0,0.0,-10000000000.0,0.0,-10000000000.0,0.0,-10000000000.0,1.0,0.0,0.0,-10000000000.0
bloodmnist:test:3235,7641f8495379d2d1d793cd7e3dd4bc6e6dafe0395805a93d2fafe3e6e07de02e,bloodmnist_demo,1729,test,3,4,1.1205703832090563,0.0,-10000000000.0,0.0,-10000000000.0,0.0,-10000000000.0,0.0,-10000000000.0,1.0,0.0,0.0,-10000000000.0
bloodmnist:test:3236,065991a61f4f0beaffb6edece96fd67a83c2024545822bef83734b879ce8c96e,bloodmnist_demo,1729,test,4,4,1.1205703832090563,0.0,-10000000000.0,0.0,-10000000000.0,0.0,-10000000000.0,0.0,-10000000000.0,1.0,0.0,0.0,-10000000000.0
bloodmnist:test:3237,cd7a607e413dc2300810dd80a32625ceec49f4e3cfefaa9eb79c9179ce74c64c,bloodmnist_demo,1729,test,0,4,1.1205703832090563,0.0,-10000000000.0,0.0,-10000000000.0,0.0,-10000000000.0,0.0,-10000000000.0,1.0,0.0,0.0,-10000000000.0
bloodmnist:test:3238,0d02830fb4913473529f4cb1f76d543b6134102f08b5cf9d931f3a2796075b48,bloodmnist_demo,1729,test,5,4,1.1205703832090563,0.0,-10000000000.0,0.0,-10000000000.0,0.0,-10000000000.0,0.0,-10000000000.0,1.0,0.0,0.0,-10000000000.0
bloodmnist:test:3239,6acf5fa26e373bd5af8f9ed30b67c13598b2eb83c7780bd5ef8ef014be5214b8,bloodmnist_demo,1729,test,2,4,1.1205703832090563,0.0,-10000000000.0,0.0,-10000000000.0,0.0,-10000000000.0,0.0,-10000000000.0,1.0,0.0,0.0,-10000000000.0
bloodmnist:test:3240,bee9fdb3cdcf0d79595cb3dc5006bf07ad65859f531ab2f0e8585c61e8d1fafa,bloodmnist_demo,1729,test,0,4,1.1205703832090563,0.0,-10000000000.0,0.0,-10000000000.0,0.0,-10000000000.0,0.0,-10000000000.0,1.0,0.0,0.0,-10000000000.0
bloodmnist:test:3241,bfc8545d5c3c038a24acab84d36f8716aeea75a666ccfc5f9681060edd7fd7f0,bloodmnist_demo,1729,test,2,4,1.1205703832090563,0.0,-10000000000.0,0.0,-10000000000.0,0.0,-10000000000.0,0.0,-10000000000.0,1.0,0.0,0.0,-10000000000.0
bloodmnist:test:3242,0692a411c69be60a8a02ee99ae8f7474fbc3e7eac75e14862a4659444bc58687,bloodmnist_demo,1729,test,1,4,1.1205703832090563,0.0,-10000000000.0,0.0,-10000000000.0,0.0,-10000000000.0,0.0,-10000000000.0,1.0,0.0,0.0,-10000000000.0
bloodmnist:test:3243,abbec4f541018a5b81dc775529155e9b70e82b53822ffbd8253a8e9338315eba,bloodmnist_demo,1729,test,2,4,1.1205703832090563,0.0,-10000000000.0,0.0,-10000000000.0,0.0,-10000000000.0,0.0,-10000000000.0,1.0,0.0,0.0,-10000000000.0
bloodmnist:test:3244,913ae86a9e657ea9bbf1af0085e42a9a7269bc00adcc52de1629f2a1b37ce93f,bloodmnist_demo,1729,test,5,4,1.1205703832090563,0.0,-10000000000.0,0.0,-10000000000.0,0.0,-10000000000.0,0.0,-10000000000.0,1.0,0.0,0.0,-10000000000.0
bloodmnist:test:3245,062d21f43b7048f8541ddbc852705a6b09142c239a2f202b70df8131f923a116,bloodmnist_demo,1729,test,1,4,1.1205703832090563,0.0,-10000000000.0,0.0,-10000000000.0,0.0,-10000000000.0,0.0,-10000000000.0,1.0,0.0,0.0,-10000000000.0
bloodmnist:test:3247,fe810b1fcba2e1256409d283de599d7a9c389adad4fb16343a64b8301bf9b968,bloodmnist_demo,1729,test,5,4,1.1205703832090563,0.0,-10000000000.0,0.0,-10000000000.0,0.0,-10000000000.0,0.0,-10000000000.0,1.0,0.0,0.0,-10000000000.0
bloodmnist:test:3248,a7a2f723942e1bf6a28b571b4ff6b5e39bc2bb4b33f29a257ced93895a78ea8f,bloodmnist_demo,1729,test,3,4,1.1205703832090563,0.0,-10000000000.0,0.0,-10000000000.0,0.0,-10000000000.0,0.0,-10000000000.0,1.0,0.0,0.0,-10000000000.0
bloodmnist:test:3249,0dcce06daddd4a2501dd1510d79a84c9fe9917cd35cf55ca2f8fa3bf9658fd7f,bloodmnist_demo,1729,test,0,4,1.1205703832090563,0.0,-10000000000.0,0.0,-10000000000.0,0.0,-10000000000.0,0.0,-10000000000.0,1.0,0.0,0.0,-10000000000.0
bloodmnist:test:3250,2b10650e575f1a4717bb6e048949958995c772305b7c6d5781730f8b18ea2a59,bloodmnist_demo,1729,test,1,4,1.1205703832090563,0.0,-10000000000.0,0.0,-10000000000.0,0.0,-10000000000.0,0.0,-10000000000.0,1.0,0.0,0.0,-10000000000.0
bloodmnist:test:3253,c5ac8f609595dc0589533e20d29daa5a7280772814157cf41e6d4d0a84fc05f0,bloodmnist_demo,1729,test,1,4,1.1205703832090563,0.0,-10000000000.0,0.0,-10000000000.0,0.0,-10000000000.0,0.0,-10000000000.0,1.0,0.0,0.0,-10000000000.0
bloodmnist:test:3254,b760fb3ac39e7c166e324db2fd8a2e17d493ecc617373b64c84081ecf18e5cbc,bloodmnist_demo,1729,test,5,4,1.1205703832090563,0.0,-10000000000.0,0.0,-10000000000.0,0.0,-10000000000.0,0.0,-10000000000.0,1.0,0.0,0.0,-10000000000.0
bloodmnist:test:3255,2c4227f565829a0324cdc4fd3e74a8f9347c3c1650f4d8193751ba7f33791051,bloodmnist_demo,1729,test,3,4,1.1205703832090563,0.0,-10000000000.0,0.0,-10000000000.0,0.0,-10000000000.0,0.0,-10000000000.0,1.0,0.0,0.0,-10000000000.0
bloodmnist:test:3256,6a3875ca8015feedcff9986f09494f3ca336c3109129c5c6c8c19440fd737cc1,bloodmnist_demo,1729,test,1,4,1.1205703832090563,0.0,-10000000000.0,0.0,-10000000000.0,0.0,-10000000000.0,0.0,-10000000000.0,1.0,0.0,0.0,-10000000000.0
bloodmnist:test:3257,9e7ab583eeb737ce836f845ff125c5c8f207907347c4b22e7eb05be7b094d2bd,bloodmnist_demo,1729,test,4,4,1.1205703832090563,0.0,-10000000000.0,0.0,-10000000000.0,0.0,-10000000000.0,0.0,-10000000000.0,1.0,0.0,0.0,-10000000000.0
bloodmnist:test:3258,73e8041affd2d5132f5cb4ac7c13351e7d0851b80e98f6b43085fd3df9c30336,bloodmnist_demo,1729,test,2,4,1.1205703832090563,0.0,-10000000000.0,0.0,-10000000000.0,0.0,-10000000000.0,0.0,-10000000000.0,1.0,0.0,0.0,-10000000000.0
bloodmnist:test:3259,f9bfcf63958e1d1f2360fd8eb8f6b08cee8de98b02a41c2791a82eb624c99ad6,bloodmnist_demo,1729,test,4,4,1.1205703832090563,0.0,-10000000000.0,0.0,-10000000000.0,0.0,-10000000000.0,0.0,-10000000000.0,1.0,0.0,0.0,-10000000000.0
bloodmnist:test:3260,575ac26e10da9ba537b65d3f4363c15aa5fe30804c4ff488923fe50293d0e6d1,bloodmnist_demo,1729,test,1,4,1.1205703832090563,0.0,-10000000000.0,0.0,-10000000000.0,0.0,-10000000000.0,0.0,-10000000000.0,1.0,0.0,0.0,-10000000000.0
bloodmnist:test:3261,b4928927bab01d8958a8c0dfeca6ab9b7e7b99f6fe422bcfc89d1b56d857b95c,bloodmnist_demo,1729,test,1,4,1.1205703832090563,0.0,-10000000000.0,0.0,-10000000000.0,0.0,-10000000000.0,0.0,-10000000000.0,1.0,0.0,0.0,-10000000000.0
bloodmnist:test:3262,b736a352b05a815c09d81b9b48557ae3d5712e702ec805270c332f183e2e8811,bloodmnist_demo,1729,test,1,4,1.1205703832090563,0.0,-10000000000.0,0.0,-10000000000.0,0.0,-10000000000.0,0.0,-10000000000.0,1.0,0.0,0.0,-10000000000.0
bloodmnist:test:3263,8d70dec8517e99c5d55bddc4cdfc4bfc31a952eec437c7568be59d6a20539bca,bloodmnist_demo,1729,test,0,4,1.1205703832090563,0.0,-10000000000.0,0.0,-10000000000.0,0.0,-10000000000.0,0.0,-10000000000.0,1.0,0.0,0.0,-10000000000.0
bloodmnist:test:3264,26b660e10c0aaa012ff4e0461a72666d426aa740ccc89bc9d68e1756a9e4c9cb,bloodmnist_demo,1729,test,1,4,1.1205703832090563,0.0,-10000000000.0,0.0,-10000000000.0,0.0,-10000000000.0,0.0,-10000000000.0,1.0,0.0,0.0,-10000000000.0
bloodmnist:test:3265,5d4635840c69aab06caefa7566e4ec5cfd01834c9296e1d69e7db9b664180524,bloodmnist_demo,1729,test,4,4,1.1205703832090563,0.0,-10000000000.0,0.0,-10000000000.0,0.0,-10000000000.0,0.0,-10000000000.0,1.0,0.0,0.0,-10000000000.0
bloodmnist:test:3266,06d67adad23b4b556d181c0fea5a18aa0d7ae0d49ad08ecf398bda9e4d59c6db,bloodmnist_demo,1729,test,0,4,1.1205703832090563,0.0,-10000000000.0,0.0,-10000000000.0,0.0,-10000000000.0,0.0,-10000000000.0,1.0,0.0,0.0,-10000000000.0
bloodmnist:test:3267,224a0e874a25b51bed238f671ddcefe2eb26cdf44734eb9593817cae99fcb0d9,bloodmnist_demo,1729,test,3,4,1.1205703832090563,0.0,-10000000000.0,0.0,-10000000000.0,0.0,-10000000000.0,0.0,-10000000000.0,1.0,0.0,0.0,-10000000000.0
bloodmnist:test:3268,c9c93683911bc878ce504e897a69d52d27717d093a03c20b9f6e539300390668,bloodmnist_demo,1729,test,1,4,1.1205703832090563,0.0,-10000000000.0,0.0,-10000000000.0,0.0,-10000000000.0,0.0,-10000000000.0,1.0,0.0,0.0,-10000000000.0
bloodmnist:test:3269,2c081e1cf2b1d4dd27e8029d39fe9edcba50139c6b8f29a732e2b170edcc5e0d,bloodmnist_demo,1729,test,1,4,1.1205703832090563,0.0,-10000000000.0,0.0,-10000000000.0,0.0,-10000000000.0,0.0,-10000000000.0,1.0,0.0,0.0,-10000000000.0
bloodmnist:test:3272,163777fd9a03a70633f8280b51440084a23ff8ede6f8a0c83c87564edad46ef6,bloodmnist_demo,1729,test,3,4,1.1205703832090563,0.0,-10000000000.0,0.0,-10000000000.0,0.0,-10000000000.0,0.0,-10000000000.0,1.0,0.0,0.0,-10000000000.0
bloodmnist:test:3274,5b14f9811500831f30f0dedc1b0af4beaf2395240fe0978a469c68fb5c2419ed,bloodmnist_demo,1729,test,1,4,1.1205703832090563,0.0,-10000000000.0,0.0,-10000000000.0,0.0,-10000000000.0,0.0,-10000000000.0,1.0,0.0,0.0,-10000000000.0
bloodmnist:test:3275,99364342d575604ca058c1af36c62dba1117a23101ea3a1e9116b8243ffec913,bloodmnist_demo,1729,test,1,4,1.1205703832090563,0.0,-10000000000.0,0.0,-10000000000.0,0.0,-10000000000.0,0.0,-10000000000.0,1.0,0.0,0.0,-10000000000.0
bloodmnist:test:3276,bd62a3db228071e9d5e30b2d5e26c5c8f38326012080c45bd573da6e3843bc5c,bloodmnist_demo,1729,test,2,4,1.1205703832090563,0.0,-10000000000.0,0.0,-10000000000.0,0.0,-10000000000.0,0.0,-10000000000.0,1.0,0.0,0.0,-10000000000.0
bloodmnist:test:3278,a858b7f707d14f4b1344745964f797aca9fe3f0ead1caba57034fc873a5de93a,bloodmnist_demo,1729,test,5,4,1.1205703832090563,0.0,-10000000000.0,0.0,-10000000000.0,0.0,-10000000000.0,0.0,-10000000000.0,1.0,0.0,0.0,-10000000000.0
bloodmnist:test:3281,574e128b0ef6595a496748c84e50a25972afe72081c2fb240e311822a58b26dc,bloodmnist_demo,1729,test,0,4,1.1205703832090563,0.0,-10000000000.0,0.0,-10000000000.0,0.0,-10000000000.0,0.0,-10000000000.0,1.0,0.0,0.0,-10000000000.0
bloodmnist:test:3282,88d6193dbd04656fdd837fd72f056103eb8d84c5af1d434ad1d0f3e8ec9948e8,bloodmnist_demo,1729,test,1,4,1.1205703832090563,0.0,-10000000000.0,0.0,-10000000000.0,0.0,-10000000000.0,0.0,-10000000000.0,1.0,0.0,0.0,-10000000000.0
bloodmnist:test:3283,140aab45fb1f1e47d234505b4ba6f26f14c4b0b781a3cda06014477dbe7c1f06,bloodmnist_demo,1729,test,3,4,1.1205703832090563,0.0,-10000000000.0,0.0,-10000000000.0,0.0,-10000000000.0,0.0,-10000000000.0,1.0,0.0,0.0,-10000000000.0
bloodmnist:test:3285,b597cfdb96de653df977c403bc473f7989060e4d883b30b45a6e83eac35bd741,bloodmnist_demo,1729,test,4,4,1.1205703832090563,0.0,-10000000000.0,0.0,-10000000000.0,0.0,-10000000000.0,0.0,-10000000000.0,1.0,0.0,0.0,-10000000000.0
bloodmnist:test:3286,44ef0fdc3b2ad1710bc0ef0fe5e163f223c6116b37b1257572ccf8c3acbabe4d,bloodmnist_demo,1729,test,5,4,1.1205703832090563,0.0,-10000000000.0,0.0,-10000000000.0,0.0,-10000000000.0,0.0,-10000000000.0,1.0,0.0,0.0,-10000000000.0
bloodmnist:test:3287,26c0f513697f7623b166ce7bd2b20690d20fdbea280df247e36c63d22234d440,bloodmnist_demo,1729,test,4,4,1.1205703832090563,0.0,-10000000000.0,0.0,-10000000000.0,0.0,-10000000000.0,0.0,-10000000000.0,1.0,0.0,0.0,-10000000000.0
bloodmnist:test:3289,295cfbc8107d3770c00ca91292f14ba2d57b7c9d817ff335e976fd11f88f483b,bloodmnist_demo,1729,test,1,4,1.1205703832090563,0.0,-10000000000.0,0.0,-10000000000.0,0.0,-10000000000.0,0.0,-10000000000.0,1.0,0.0,0.0,-10000000000.0
bloodmnist:test:3290,bffa3ba732ea74e8f99e39f38db9f5677033d80dd0621e4bf977818ee78b02ef,bloodmnist_demo,1729,test,5,4,1.1205703832090563,0.0,-10000000000.0,0.0,-10000000000.0,0.0,-10000000000.0,0.0,-10000000000.0,1.0,0.0,0.0,-10000000000.0
bloodmnist:test:3291,0d022b1b5664e30c6c46225dfbd2ddea5b7426cb9cd1bf8363fd7150e16bebdf,bloodmnist_demo,1729,test,5,4,1.1205703832090563,0.0,-10000000000.0,0.0,-10000000000.0,0.0,-10000000000.0,0.0,-10000000000.0,1.0,0.0,0.0,-10000000000.0
bloodmnist:test:3292,fbf2292edd533090b31f468bfa12783a1e1efdc96d8c6857971d1b5e35b5fa96,bloodmnist_demo,1729,test,0,4,1.1205703832090563,0.0,-10000000000.0,0.0,-10000000000.0,0.0,-10000000000.0,0.0,-10000000000.0,1.0,0.0,0.0,-10000000000.0
bloodmnist:test:3293,2081ff35dbc89086eb419aa2587537a903e554e81153e47f5625af6717271d97,bloodmnist_demo,1729,test,5,4,1.1205703832090563,0.0,-10000000000.0,0.0,-10000000000.0,0.0,-10000000000.0,0.0,-10000000000.0,1.0,0.0,0.0,-10000000000.0
bloodmnist:test:3295,9c4b7d2b618cfb271e998588b6092c48d406178d30ef6648c28324fb0e67eafd,bloodmnist_demo,1729,test,1,4,1.1205703832090563,0.0,-10000000000.0,0.0,-10000000000.0,0.0,-10000000000.0,0.0,-10000000000.0,1.0,0.0,0.0,-10000000000.0
bloodmnist:test:3296,2f2dad8aa78dc7dc0768624f50e30638f3cd3d4069d7484fee2f42bb3bff1f2a,bloodmnist_demo,1729,test,1,4,1.1205703832090563,0.0,-10000000000.0,0.0,-10000000000.0,0.0,-10000000000.0,0.0,-10000000000.0,1.0,0.0,0.0,-10000000000.0
bloodmnist:test:3297,628b8a86eb51bd62e8b170c7afc08c387aa0b6ec329153464bdd2b338ac94502,bloodmnist_demo,1729,test,4,4,1.1205703832090563,0.0,-10000000000.0,0.0,-10000000000.0,0.0,-10000000000.0,0.0,-10000000000.0,1.0,0.0,0.0,-10000000000.0
bloodmnist:test:3298,4015fbf0c965d3cc8496f321dbd04d1a3901a5948784bb84fde73a6d3b413f11,bloodmnist_demo,1729,test,2,4,1.1205703832090563,0.0,-10000000000.0,0.0,-10000000000.0,0.0,-10000000000.0,0.0,-10000000000.0,1.0,0.0,0.0,-10000000000.0
bloodmnist:test:3299,7daca06ad38a682dd8d70042d6b4223ad039cc3ac35ac29a785b385038986480,bloodmnist_demo,1729,test,4,4,1.1205703832090563,0.0,-10000000000.0,0.0,-10000000000.0,0.0,-10000000000.0,0.0,-10000000000.0,1.0,0.0,0.0,-10000000000.0
bloodmnist:test:3300,fe6f2de7ea624e849e10697a9a79a516dfcb786f6f0b5e6775700f6b1ec2342a,bloodmnist_demo,1729,test,3,4,1.1205703832090563,0.0,-10000000000.0,0.0,-10000000000.0,0.0,-10000000000.0,0.0,-10000000000.0,1.0,0.0,0.0,-10000000000.0
bloodmnist:test:3302,93c48466c0c5ebfb88bc22c144ea4901613d055c6bfe233ce78c1a9528e7113e,bloodmnist_demo,1729,test,1,4,1.1205703832090563,0.0,-10000000000.0,0.0,-10000000000.0,0.0,-10000000000.0,0.0,-10000000000.0,1.0,0.0,0.0,-10000000000.0
bloodmnist:test:3303,49b74be9dc6e1155a8722d21e3ee83bff7a6a52e3b81f146d02f6d8de5ffa1de,bloodmnist_demo,1729,test,5,4,1.1205703832090563,0.0,-10000000000.0,0.0,-10000000000.0,0.0,-10000000000.0,0.0,-10000000000.0,1.0,0.0,0.0,-10000000000.0
bloodmnist:test:3305,2139cfc12cefdcc73233459fd499410a0cf02d61673592bfd43896784e3e1054,bloodmnist_demo,1729,test,4,4,1.1205703832090563,0.0,-10000000000.0,0.0,-10000000000.0,0.0,-10000000000.0,0.0,-10000000000.0,1.0,0.0,0.0,-10000000000.0
bloodmnist:test:3306,de523c9eb084986a73c017371d71b5e1ea4753a2cc077887f2620a39ecf2cc80,bloodmnist_demo,1729,test,4,4,1.1205703832090563,0.0,-10000000000.0,0.0,-10000000000.0,0.0,-10000000000.0,0.0,-10000000000.0,1.0,0.0,0.0,-10000000000.0
bloodmnist:test:3307,6406fc645a6f39935b01e39c87d686108cdb12f9b2cbf5cd083b7dc954e8648d,bloodmnist_demo,1729,test,4,4,1.1205703832090563,0.0,-10000000000.0,0.0,-10000000000.0,0.0,-10000000000.0,0.0,-10000000000.0,1.0,0.0,0.0,-10000000000.0
bloodmnist:test:3308,7da808682ba6eaf6e690a77b50dacc34f2df1a4ad79ecc600ea616ead1869b4b,bloodmnist_demo,1729,test,4,4,1.1205703832090563,0.0,-10000000000.0,0.0,-10000000000.0,0.0,-10000000000.0,0.0,-10000000000.0,1.0,0.0,0.0,-10000000000.0
bloodmnist:test:3309,c8647709e699888acdbb25aa5fa4932879d63e973f19a663efc6a186a10eac32,bloodmnist_demo,1729,test,1,4,1.1205703832090563,0.0,-10000000000.0,0.0,-10000000000.0,0.0,-10000000000.0,0.0,-10000000000.0,1.0,0.0,0.0,-10000000000.0
bloodmnist:test:3310,ac3d35d068342ce2f3f26dbb6e18ca433994d37a08bf54f448a9e655497b8c0c,bloodmnist_demo,1729,test,4,4,1.1205703832090563,0.0,-10000000000.0,0.0,-10000000000.0,0.0,-10000000000.0,0.0,-10000000000.0,1.0,0.0,0.0,-10000000000.0
bloodmnist:test:3313,06a1c0b7cbc5dd7ed3eaf89edaac7f77449e52e18a5be2c80dd4eb78c6ae6a1f,bloodmnist_demo,1729,test,2,4,1.1205703832090563,0.0,-10000000000.0,0.0,-10000000000.0,0.0,-10000000000.0,0.0,-10000000000.0,1.0,0.0,0.0,-10000000000.0
bloodmnist:test:3314,347b2a427f0c210225d92b87dc449dd879d4a41f48162ceaac4d4df53044e410,bloodmnist_demo,1729,test,3,4,1.1205703832090563,0.0,-10000000000.0,0.0,-10000000000.0,0.0,-10000000000.0,0.0,-10000000000.0,1.0,0.0,0.0,-10000000000.0
bloodmnist:test:3316,c231e7375ff153cfa11c7ea37574b74df734ae4b1d9c390695815877fd6658db,bloodmnist_demo,1729,test,5,4,1.1205703832090563,0.0,-10000000000.0,0.0,-10000000000.0,0.0,-10000000000.0,0.0,-10000000000.0,1.0,0.0,0.0,-10000000000.0
bloodmnist:test:3318,53dec83c8195cd5946c70042b176333329a6a6be7112235036288f7b3d97f0ae,bloodmnist_demo,1729,test,1,4,1.1205703832090563,0.0,-10000000000.0,0.0,-10000000000.0,0.0,-10000000000.0,0.0,-10000000000.0,1.0,0.0,0.0,-10000000000.0
bloodmnist:test:3319,25d9fa21c096d56c8844b9b81277e36f7e43af3529af690c0e015bf45f0d78b5,bloodmnist_demo,1729,test,1,4,1.1205703832090563,0.0,-10000000000.0,0.0,-10000000000.0,0.0,-10000000000.0,0.0,-10000000000.0,1.0,0.0,0.0,-10000000000.0
bloodmnist:test:3320,23314c8c96e94991dd42b9a584faf4ae4e74cc08eda771b1292a22c3626b6f7c,bloodmnist_demo,1729,test,0,4,1.1205703832090563,0.0,-10000000000.0,0.0,-10000000000.0,0.0,-10000000000.0,0.0,-10000000000.0,1.0,0.0,0.0,-10000000000.0
bloodmnist:test:3323,ab5c603ff15eba95b606dc4e8a74e1b9820c9fa66f1791e370441339bf132ec5,bloodmnist_demo,1729,test,4,4,1.1205703832090563,0.0,-10000000000.0,0.0,-10000000000.0,0.0,-10000000000.0,0.0,-10000000000.0,1.0,0.0,0.0,-10000000000.0
bloodmnist:test:3324,e3279bf953b762a5122facf91096d644b40963a5b681629d65eccfd4e0de41b5,bloodmnist_demo,1729,test,4,4,1.1205703832090563,0.0,-10000000000.0,0.0,-10000000000.0,0.0,-10000000000.0,0.0,-10000000000.0,1.0,0.0,0.0,-10000000000.0
bloodmnist:test:3325,8f28c788949c9f87ed8eb3ae3d0f4d4bf0fe92456a7aefd4667ed9a854d598c7,bloodmnist_demo,1729,test,5,4,1.1205703832090563,0.0,-10000000000.0,0.0,-10000000000.0,0.0,-10000000000.0,0.0,-10000000000.0,1.0,0.0,0.0,-10000000000.0
bloodmnist:test:3328,cef74292661b17e38667fac87460ac03f24eaedfdaa807a2f5379335897173b1,bloodmnist_demo,1729,test,4,4,1.1205703832090563,0.0,-10000000000.0,0.0,-10000000000.0,0.0,-10000000000.0,0.0,-10000000000.0,1.0,0.0,0.0,-10000000000.0
bloodmnist:test:3329,16fd845ce1795e286f5eb4ffc137e91f54a3ad20e69b3b1bdab950c623ecc6bc,bloodmnist_demo,1729,test,5,4,1.1205703832090563,0.0,-10000000000.0,0.0,-10000000000.0,0.0,-10000000000.0,0.0,-10000000000.0,1.0,0.0,0.0,-10000000000.0
bloodmnist:test:3330,a30c8394213fce424e043f9dab4c6dee527b8356b52971b38b9890b1cd80da62,bloodmnist_demo,1729,test,2,4,1.1205703832090563,0.0,-10000000000.0,0.0,-10000000000.0,0.0,-10000000000.0,0.0,-10000000000.0,1.0,0.0,0.0,-10000000000.0
bloodmnist:test:3331,499e8db0343a287e2a66883525b1110ecdb0da55be2331b2feff612c37b1a278,bloodmnist_demo,1729,test,3,4,1.1205703832090563,0.0,-10000000000.0,0.0,-10000000000.0,0.0,-10000000000.0,0.0,-10000000000.0,1.0,0.0,0.0,-10000000000.0
bloodmnist:test:3332,05784be6008a5a05ed0b778488da1eac3c45f40aafbb09c57247d18391408f42,bloodmnist_demo,1729,test,5,4,1.1205703832090563,0.0,-10000000000.0,0.0,-10000000000.0,0.0,-10000000000.0,0.0,-10000000000.0,1.0,0.0,0.0,-10000000000.0
bloodmnist:test:3333,ed2a9fa6c63f10893a4a9c9da4bf8f0a88a925fbf1d9ab6daac3c92066c87751,bloodmnist_demo,1729,test,5,4,1.1205703832090563,0.0,-10000000000.0,0.0,-10000000000.0,0.0,-10000000000.0,0.0,-10000000000.0,1.0,0.0,0.0,-10000000000.0
bloodmnist:test:3335,6bc09a1887bfa98e1263a28538b58d4ba4dedbde610138c8724c939fcc6c5cec,bloodmnist_demo,1729,test,3,4,1.1205703832090563,0.0,-10000000000.0,0.0,-10000000000.0,0.0,-10000000000.0,0.0,-10000000000.0,1.0,0.0,0.0,-10000000000.0
bloodmnist:test:3337,9b768e203e7f10a6eae23d03fb9485269d5cf739cf6ad28adeae048588dc37fd,bloodmnist_demo,1729,test,5,4,1.1205703832090563,0.0,-10000000000.0,0.0,-10000000000.0,0.0,-10000000000.0,0.0,-10000000000.0,1.0,0.0,0.0,-10000000000.0
bloodmnist:test:3339,47f37fd1710210e033ed2a624c55cb746e711caf4043e6df9b9a8d87bd6b5b45,bloodmnist_demo,1729,test,4,4,1.1205703832090563,0.0,-10000000000.0,0.0,-10000000000.0,0.0,-10000000000.0,0.0,-10000000000.0,1.0,0.0,0.0,-10000000000.0
bloodmnist:test:3340,12709fd4587051e89874b78c51507ec20112c7a920d05c526228124b554e07b7,bloodmnist_demo,1729,test,3,4,1.1205703832090563,0.0,-10000000000.0,0.0,-10000000000.0,0.0,-10000000000.0,0.0,-10000000000.0,1.0,0.0,0.0,-10000000000.0
bloodmnist:test:3341,4b4aec5201c7b9ba4b1125d21eade24b22ebafb9a2bc2f73b39b54aba831485b,bloodmnist_demo,1729,test,5,4,1.1205703832090563,0.0,-10000000000.0,0.0,-10000000000.0,0.0,-10000000000.0,0.0,-10000000000.0,1.0,0.0,0.0,-10000000000.0
bloodmnist:test:3342,7d604db8462108a09d924a36021769afdbe106572cd94a5b7c754aa77803d44a,bloodmnist_demo,1729,test,1,4,1.1205703832090563,0.0,-10000000000.0,0.0,-10000000000.0,0.0,-10000000000.0,0.0,-10000000000.0,1.0,0.0,0.0,-10000000000.0
bloodmnist:test:3343,2fe36f85e7e85c67bd5c38980b3e059eaf0152cb989aa6b4f09d83e9bbda7b7b,bloodmnist_demo,1729,test,4,4,1.1205703832090563,0.0,-10000000000.0,0.0,-10000000000.0,0.0,-10000000000.0,0.0,-10000000000.0,1.0,0.0,0.0,-10000000000.0
bloodmnist:test:3344,0d25a470a5cda679ce5c0f80d78243ad0ee1539d6f43548208c7b67878283238,bloodmnist_demo,1729,test,0,4,1.1205703832090563,0.0,-10000000000.0,0.0,-10000000000.0,0.0,-10000000000.0,0.0,-10000000000.0,1.0,0.0,0.0,-10000000000.0
bloodmnist:test:3345,a37d7680df536d16bc1d704ea325c677708aca94824d8061d76fa34c07a02c43,bloodmnist_demo,1729,test,5,4,1.1205703832090563,0.0,-10000000000.0,0.0,-10000000000.0,0.0,-10000000000.0,0.0,-10000000000.0,1.0,0.0,0.0,-10000000000.0
bloodmnist:test:3346,51f8bcc7709f9f3e6035098da19e08ce87a0bf1f382c9edea7d1687c997ef168,bloodmnist_demo,1729,test,4,4,1.1205703832090563,0.0,-10000000000.0,0.0,-10000000000.0,0.0,-10000000000.0,0.0,-10000000000.0,1.0,0.0,0.0,-10000000000.0
bloodmnist:test:3347,e98c1cc8208bb14f644d70809575dd6c78bedc29c43453ebac5816e6de04c0f1,bloodmnist_demo,1729,test,1,4,1.1205703832090563,0.0,-10000000000.0,0.0,-10000000000.0,0.0,-10000000000.0,0.0,-10000000000.0,1.0,0.0,0.0,-10000000000.0
bloodmnist:test:3348,8b75e1b86d3dae7b255d1935fae156b79d067c0f10a146d115438260d909272f,bloodmnist_demo,1729,test,4,4,1.1205703832090563,0.0,-10000000000.0,0.0,-10000000000.0,0.0,-10000000000.0,0.0,-10000000000.0,1.0,0.0,0.0,-10000000000.0
bloodmnist:test:3350,495f572c7487026f29e981163cb527a1613e056118d0272aab9de39dd8fbe36e,bloodmnist_demo,1729,test,1,4,1.1205703832090563,0.0,-10000000000.0,0.0,-10000000000.0,0.0,-10000000000.0,0.0,-10000000000.0,1.0,0.0,0.0,-10000000000.0
bloodmnist:test:3351,8fe498c83fb67dd22f45c1a6b519630b6ca452d34fa17a4e1746e78ea8520667,bloodmnist_demo,1729,test,1,4,1.1205703832090563,0.0,-10000000000.0,0.0,-10000000000.0,0.0,-10000000000.0,0.0,-10000000000.0,1.0,0.0,0.0,-10000000000.0
bloodmnist:test:3352,b893513a2af13f6943443fe6469d4ca8da021cca425b16091a4bf08788dadb3d,bloodmnist_demo,1729,test,5,4,1.1205703832090563,0.0,-10000000000.0,0.0,-10000000000.0,0.0,-10000000000.0,0.0,-10000000000.0,1.0,0.0,0.0,-10000000000.0
bloodmnist:test:3353,c10e25d32fd1d141a96964e6c1fdab440610d572cccb1b4e88b832dac44f6cc4,bloodmnist_demo,1729,test,1,4,1.1205703832090563,0.0,-10000000000.0,0.0,-10000000000.0,0.0,-10000000000.0,0.0,-10000000000.0,1.0,0.0,0.0,-10000000000.0
bloodmnist:test:3354,e11feeae57f8666c739f0f96af9975168c59493a326e86564ffb8fc50ffd781e,bloodmnist_demo,1729,test,0,4,1.1205703832090563,0.0,-10000000000.0,0.0,-10000000000.0,0.0,-10000000000.0,0.0,-10000000000.0,1.0,0.0,0.0,-10000000000.0
bloodmnist:test:3355,df5e1a21e1a16d2ee4b541adbfe463a98c408e41f68df9bebc682cc4c4cd229f,bloodmnist_demo,1729,test,4,4,1.1205703832090563,0.0,-10000000000.0,0.0,-10000000000.0,0.0,-10000000000.0,0.0,-10000000000.0,1.0,0.0,0.0,-10000000000.0
bloodmnist:test:3356,02c8cc03a80fea181a55793a1a0890774ad023a9a758e3dcd0308068e2d146a3,bloodmnist_demo,1729,test,4,4,1.1205703832090563,0.0,-10000000000.0,0.0,-10000000000.0,0.0,-10000000000.0,0.0,-10000000000.0,1.0,0.0,0.0,-10000000000.0
bloodmnist:test:3357,5e13fdb182f517e8f5263b233b2d4c2ead7cb5c5212dd26e772b696a881e0a73,bloodmnist_demo,1729,test,2,4,1.1205703832090563,0.0,-10000000000.0,0.0,-10000000000.0,0.0,-10000000000.0,0.0,-10000000000.0,1.0,0.0,0.0,-10000000000.0
bloodmnist:test:3359,08ce64234657d4c242abaab04daf51c2cee9fff6821c3067abb2f523eb7c8fdd,bloodmnist_demo,1729,test,1,4,1.1205703832090563,0.0,-10000000000.0,0.0,-10000000000.0,0.0,-10000000000.0,0.0,-10000000000.0,1.0,0.0,0.0,-10000000000.0
bloodmnist:test:3360,0593bde1e757a1977cf96a8fedf34b69c09054517484a49ea7363aaaba737f2c,bloodmnist_demo,1729,test,4,4,1.1205703832090563,0.0,-10000000000.0,0.0,-10000000000.0,0.0,-10000000000.0,0.0,-10000000000.0,1.0,0.0,0.0,-10000000000.0
bloodmnist:test:3361,ce6d984b2c59374e4a0b2f8064540ab8867bb6796405c7c8f8ebf288c4e0605f,bloodmnist_demo,1729,test,4,4,1.1205703832090563,0.0,-10000000000.0,0.0,-10000000000.0,0.0,-10000000000.0,0.0,-10000000000.0,1.0,0.0,0.0,-10000000000.0
bloodmnist:test:3362,044885bd4676f5b393b8d040d16e587431f62af0efecc39c4d6a99ff67eec641,bloodmnist_demo,1729,test,1,4,1.1205703832090563,0.0,-10000000000.0,0.0,-10000000000.0,0.0,-10000000000.0,0.0,-10000000000.0,1.0,0.0,0.0,-10000000000.0
bloodmnist:test:3364,6dc8ce937138f999a389bb4aa5864914de14e20a3eed36d8a6bd83c9ae956720,bloodmnist_demo,1729,test,2,4,1.1205703832090563,0.0,-10000000000.0,0.0,-10000000000.0,0.0,-10000000000.0,0.0,-10000000000.0,1.0,0.0,0.0,-10000000000.0
bloodmnist:test:3365,30b1b4214b6ee6f1f366fe900a4ed1ddf34031aed633c8693344a2e35df53303,bloodmnist_demo,1729,test,1,4,1.1205703832090563,0.0,-10000000000.0,0.0,-10000000000.0,0.0,-10000000000.0,0.0,-10000000000.0,1.0,0.0,0.0,-10000000000.0
bloodmnist:test:3367,20d7564c4dfc11c34c212435e9b1890d64b74fbf51022409fd8b88c769e917da,bloodmnist_demo,1729,test,2,4,1.1205703832090563,0.0,-10000000000.0,0.0,-10000000000.0,0.0,-10000000000.0,0.0,-10000000000.0,1.0,0.0,0.0,-10000000000.0
bloodmnist:test:3371,74de550ba7ea620ef3674cd27c59e48395e1325e3bfa95a79be82d0784f2c5fc,bloodmnist_demo,1729,test,1,4,1.1205703832090563,0.0,-10000000000.0,0.0,-10000000000.0,0.0,-10000000000.0,0.0,-10000000000.0,1.0,0.0,0.0,-10000000000.0
bloodmnist:test:3372,a9db7b3923a317db0b2dd961fa182e7bb772b16c9bb4557495c0513cd384c14b,bloodmnist_demo,1729,test,1,4,1.1205703832090563,0.0,-10000000000.0,0.0,-10000000000.0,0.0,-10000000000.0,0.0,-10000000000.0,1.0,0.0,0.0,-10000000000.0
bloodmnist:test:3373,0be49a5137352b4351194c27e9b6e653b9ba7370c96ea90abdd6f40e972e596c,bloodmnist_demo,1729,test,5,4,1.1205703832090563,0.0,-10000000000.0,0.0,-10000000000.0,0.0,-10000000000.0,0.0,-10000000000.0,1.0,0.0,0.0,-10000000000.0
bloodmnist:test:3374,5dd2eca9c0ebe009ac6b23d44fefe223483ef7a84dbe4c4f730865624e2b1f62,bloodmnist_demo,1729,test,3,4,1.1205703832090563,0.0,-10000000000.0,0.0,-10000000000.0,0.0,-10000000000.0,0.0,-10000000000.0,1.0,0.0,0.0,-10000000000.0
bloodmnist:test:3375,8ad67514a36dae0ab355324a6b2fa7668f3f8d3f7efba1f9bd5bc5f266cafd55,bloodmnist_demo,1729,test,5,4,1.1205703832090563,0.0,-10000000000.0,0.0,-10000000000.0,0.0,-10000000000.0,0.0,-10000000000.0,1.0,0.0,0.0,-10000000000.0
bloodmnist:test:3376,69cdf682897b3f18e409d737652d59de370790e0e486c79608c42fd8c5f13987,bloodmnist_demo,1729,test,4,4,1.1205703832090563,0.0,-10000000000.0,0.0,-10000000000.0,0.0,-10000000000.0,0.0,-10000000000.0,1.0,0.0,0.0,-10000000000.0
bloodmnist:test:3377,27ea4788d5a1b5ec5a7a7acd3d3c93c1d4f93e576815eaae75e6ad9aa7471108,bloodmnist_demo,1729,test,1,4,1.1205703832090563,0.0,-10000000000.0,0.0,-10000000000.0,0.0,-10000000000.0,0.0,-10000000000.0,1.0,0.0,0.0,-10000000000.0
bloodmnist:test:3378,287dd88f224ca31acaf646d683ea6691dabde088fb3ae1f6b0d0cd638c146ee9,bloodmnist_demo,1729,test,4,4,1.1205703832090563,0.0,-10000000000.0,0.0,-10000000000.0,0.0,-10000000000.0,0.0,-10000000000.0,1.0,0.0,0.0,-10000000000.0
bloodmnist:test:3379,a0dbf7dc01286644abfff399e4e34803223aad828cbda71be8cdbb3d510c32ce,bloodmnist_demo,1729,test,5,4,1.1205703832090563,0.0,-10000000000.0,0.0,-10000000000.0,0.0,-10000000000.0,0.0,-10000000000.0,1.0,0.0,0.0,-10000000000.0
bloodmnist:test:3380,f07365cd01726e38865b34b176e0858aef220893c907d8f715719c19f24f59da,bloodmnist_demo,1729,test,5,4,1.1205703832090563,0.0,-10000000000.0,0.0,-10000000000.0,0.0,-10000000000.0,0.0,-10000000000.0,1.0,0.0,0.0,-10000000000.0
bloodmnist:test:3382,cd87626ab0ceda8c548449d44119c033d4af3f9ba5f08e02a22d46accc0c68f9,bloodmnist_demo,1729,test,1,4,1.1205703832090563,0.0,-10000000000.0,0.0,-10000000000.0,0.0,-10000000000.0,0.0,-10000000000.0,1.0,0.0,0.0,-10000000000.0
bloodmnist:test:3384,695735ed75a8437bd4c067d10adac045d73709e1db5845865fed74ad332b803d,bloodmnist_demo,1729,test,5,4,1.1205703832090563,0.0,-10000000000.0,0.0,-10000000000.0,0.0,-10000000000.0,0.0,-10000000000.0,1.0,0.0,0.0,-10000000000.0
bloodmnist:test:3386,cd15e78b3db692af6a1cb92d02933ae0a5a8df6f04602c91b71c1b2dddf511cd,bloodmnist_demo,1729,test,2,4,1.1205703832090563,0.0,-10000000000.0,0.0,-10000000000.0,0.0,-10000000000.0,0.0,-10000000000.0,1.0,0.0,0.0,-10000000000.0
bloodmnist:test:3387,c6d91a701daa7a0401167a06deb127c4a5f69c67480f6bfa2fd24ac57ec6a01b,bloodmnist_demo,1729,test,4,4,1.1205703832090563,0.0,-10000000000.0,0.0,-10000000000.0,0.0,-10000000000.0,0.0,-10000000000.0,1.0,0.0,0.0,-10000000000.0
bloodmnist:test:3388,9a573dda3cb9215e5b2eb309fa7a1eb2dbc96f6e7f53ac096386b6a1d38a6cd5,bloodmnist_demo,1729,test,4,4,1.1205703832090563,0.0,-10000000000.0,0.0,-10000000000.0,0.0,-10000000000.0,0.0,-10000000000.0,1.0,0.0,0.0,-10000000000.0
bloodmnist:test:3389,aecc509997b266cdc52d9bd8ce40984472629cbd079b3fbae8ce85d40883cc68,bloodmnist_demo,1729,test,4,4,1.1205703832090563,0.0,-10000000000.0,0.0,-10000000000.0,0.0,-10000000000.0,0.0,-10000000000.0,1.0,0.0,0.0,-10000000000.0
bloodmnist:test:3390,780b7c921359a9a377106b489a848de254799e7b484025297827c49b0b152795,bloodmnist_demo,1729,test,4,4,1.1205703832090563,0.0,-10000000000.0,0.0,-10000000000.0,0.0,-10000000000.0,0.0,-10000000000.0,1.0,0.0,0.0,-10000000000.0
bloodmnist:test:3391,3889a478e52a33e3dee9632f49a1f90c49c538c4a4211872627546d158239cec,bloodmnist_demo,1729,test,1,4,1.1205703832090563,0.0,-10000000000.0,0.0,-10000000000.0,0.0,-10000000000.0,0.0,-10000000000.0,1.0,0.0,0.0,-10000000000.0
bloodmnist:test:3392,cd19ccb8a1b5dec685d7078406e98f8696ebfa6dd96a28808567a84523136d21,bloodmnist_demo,1729,test,5,4,1.1205703832090563,0.0,-10000000000.0,0.0,-10000000000.0,0.0,-10000000000.0,0.0,-10000000000.0,1.0,0.0,0.0,-10000000000.0
bloodmnist:test:3393,b32254f24fc321701ab6ccea09d49b9e1a55405a03f2d8e80fcd3fb235c7869b,bloodmnist_demo,1729,test,2,4,1.1205703832090563,0.0,-10000000000.0,0.0,-10000000000.0,0.0,-10000000000.0,0.0,-10000000000.0,1.0,0.0,0.0,-10000000000.0
bloodmnist:test:3395,b1552a415a8c23a0c66e8e36fcd2192efc16b0166ae8bc58c4e5c12e0e449718,bloodmnist_demo,1729,test,0,4,1.1205703832090563,0.0,-10000000000.0,0.0,-10000000000.0,0.0,-10000000000.0,0.0,-10000000000.0,1.0,0.0,0.0,-10000000000.0
bloodmnist:test:3396,67eaca435ab92527c042012438a39a4ffc1d28cbaca190837ec821522dbb3247,bloodmnist_demo,1729,test,1,4,1.1205703832090563,0.0,-10000000000.0,0.0,-10000000000.0,0.0,-10000000000.0,0.0,-10000000000.0,1.0,0.0,0.0,-10000000000.0
bloodmnist:test:3398,57b88360945a6db58389699f22db1d7dcbd185091dff3501ede75b0de9d8ff5d,bloodmnist_demo,1729,test,0,4,1.1205703832090563,0.0,-10000000000.0,0.0,-10000000000.0,0.0,-10000000000.0,0.0,-10000000000.0,1.0,0.0,0.0,-10000000000.0
bloodmnist:test:3399,c6ab9bd3e134f532bd1dd00282ae8aab51fbe6a3248f8b618d6076e0cfddbdda,bloodmnist_demo,1729,test,1,4,1.1205703832090563,0.0,-10000000000.0,0.0,-10000000000.0,0.0,-10000000000.0,0.0,-10000000000.0,1.0,0.0,0.0,-10000000000.0
bloodmnist:test:3401,b55e4ab0d2e3aaac1e7b62cf95c0bbda85f18c7adec048a17267d71281ad2239,bloodmnist_demo,1729,test,4,4,1.1205703832090563,0.0,-10000000000.0,0.0,-10000000000.0,0.0,-10000000000.0,0.0,-10000000000.0,1.0,0.0,0.0,-10000000000.0
bloodmnist:test:3403,a18de74c1ace5f3a02c5522b6458ee82f0ef5825fb77d1497f5f8dee4ae2d9b1,bloodmnist_demo,1729,test,1,4,1.1205703832090563,0.0,-10000000000.0,0.0,-10000000000.0,0.0,-10000000000.0,0.0,-10000000000.0,1.0,0.0,0.0,-10000000000.0
bloodmnist:test:3404,2ba9fd72a7ec4ea92a51a79d6e8793bc31ca290b0ee7fa481ffd6abdddf89f1c,bloodmnist_demo,1729,test,1,4,1.1205703832090563,0.0,-10000000000.0,0.0,-10000000000.0,0.0,-10000000000.0,0.0,-10000000000.0,1.0,0.0,0.0,-10000000000.0
bloodmnist:test:3405,8a3628d836744efeea22496e4c5873535ab0cef25c97a206468dcbae3a9dfd98,bloodmnist_demo,1729,test,1,4,1.1205703832090563,0.0,-10000000000.0,0.0,-10000000000.0,0.0,-10000000000.0,0.0,-10000000000.0,1.0,0.0,0.0,-10000000000.0
bloodmnist:test:3407,0e03d5fa0e3727aca64d42fa8527e5fe4eba325ce1c9b8a3d330d394626072cb,bloodmnist_demo,1729,test,5,4,1.1205703832090563,0.0,-10000000000.0,0.0,-10000000000.0,0.0,-10000000000.0,0.0,-10000000000.0,1.0,0.0,0.0,-10000000000.0
bloodmnist:test:3409,9d34a8db54c1aaf78a140cfef3560d4fabef7488e4fd6e40ea54ca11ab48dfc1,bloodmnist_demo,1729,test,5,4,1.1205703832090563,0.0,-10000000000.0,0.0,-10000000000.0,0.0,-10000000000.0,0.0,-10000000000.0,1.0,0.0,0.0,-10000000000.0
bloodmnist:test:3410,fdbdfe02f7218345cac2a850c01cae6289d475e28fb6feba903235a0a59552ec,bloodmnist_demo,1729,test,3,4,1.1205703832090563,0.0,-10000000000.0,0.0,-10000000000.0,0.0,-10000000000.0,0.0,-10000000000.0,1.0,0.0,0.0,-10000000000.0
bloodmnist:test:3411,899b812a21086024ede8b4c4d077199dba7292c61cfc9d6cec8a386eed7afea3,bloodmnist_demo,1729,test,4,4,1.1205703832090563,0.0,-10000000000.0,0.0,-10000000000.0,0.0,-10000000000.0,0.0,-10000000000.0,1.0,0.0,0.0,-10000000000.0
bloodmnist:test:3412,656c9c717c7513aa9a6eae30ed9ec6443f7d503222238d48162dfdcb936e9b57,bloodmnist_demo,1729,test,5,4,1.1205703832090563,0.0,-10000000000.0,0.0,-10000000000.0,0.0,-10000000000.0,0.0,-10000000000.0,1.0,0.0,0.0,-10000000000.0
bloodmnist:test:3413,f639e1dee8850e08abbf2ac5676b03b6435d6358e78e9952adb0b0bd3aafa4ce,bloodmnist_demo,1729,test,5,4,1.1205703832090563,0.0,-10000000000.0,0.0,-10000000000.0,0.0,-10000000000.0,0.0,-10000000000.0,1.0,0.0,0.0,-10000000000.0
bloodmnist:test:3414,460c254f6d07728312aea774c06cf9986a9c35f797578263d685f7b49875228c,bloodmnist_demo,1729,test,3,4,1.1205703832090563,0.0,-10000000000.0,0.0,-10000000000.0,0.0,-10000000000.0,0.0,-10000000000.0,1.0,0.0,0.0,-10000000000.0
bloodmnist:test:3415,b202bbe121d958a3f0c06728d19f43420a9e7f0d07d5fa22a9a135975cdb2fe1,bloodmnist_demo,1729,test,2,4,1.1205703832090563,0.0,-10000000000.0,0.0,-10000000000.0,0.0,-10000000000.0,0.0,-10000000000.0,1.0,0.0,0.0,-10000000000.0
bloodmnist:test:3416,7bd88660183a98a65fb8af40bed200a15533a6abe1a8e830df8dc51b5d83e03f,bloodmnist_demo,1729,test,4,4,1.1205703832090563,0.0,-10000000000.0,0.0,-10000000000.0,0.0,-10000000000.0,0.0,-10000000000.0,1.0,0.0,0.0,-10000000000.0
bloodmnist:test:3417,f1408edef01fd4101ee172bf096944f931fa00e035941cd748d00b828f182859,bloodmnist_demo,1729,test,5,4,1.1205703832090563,0.0,-10000000000.0,0.0,-10000000000.0,0.0,-10000000000.0,0.0,-10000000000.0,1.0,0.0,0.0,-10000000000.0
bloodmnist:test:3418,f9ac138bb3cd2776a207b119af9990b536aaedd5ecdfab9bb72b2d27d5a28d80,bloodmnist_demo,1729,test,5,4,1.1205703832090563,0.0,-10000000000.0,0.0,-10000000000.0,0.0,-10000000000.0,0.0,-10000000000.0,1.0,0.0,0.0,-10000000000.0
bloodmnist:test:3419,f09ce1439052a1a5be9b73ba3a757d7eaeda5c0e210014bfae67f7c82cd6d09f,bloodmnist_demo,1729,test,1,4,1.1205703832090563,0.0,-10000000000.0,0.0,-10000000000.0,0.0,-10000000000.0,0.0,-10000000000.0,1.0,0.0,0.0,-10000000000.0
